{"type":"FeatureCollection","_source":"ThangLeQuoc/vietnamese-provinces-database@master json/geojson (MIT) — sinh bởi tools/build-ranh-hanh-chinh.mjs, tolerance=0.00015","features":[{"type":"Feature","properties":{"code":"25747","name":"Thủ Dầu Một","fullName":"Phường Thủ Dầu Một","c":[10.9702,106.65841]},"geometry":{"type":"Polygon","coordinates":[[[106.66847,10.95663],[106.66943,10.95479],[106.66839,10.95301],[106.66885,10.95265],[106.66836,10.95223],[106.66864,10.95177],[106.66754,10.95],[106.66793,10.94969],[106.66846,10.94827],[106.67009,10.94689],[106.66781,10.94335],[106.66702,10.94331],[106.66636,10.94441],[106.66553,10.94348],[106.66518,10.94355],[106.66409,10.9461],[106.66342,10.94678],[106.66086,10.94613],[106.66019,10.94425],[106.65851,10.94165],[106.65839,10.94043],[106.65766,10.93983],[106.65713,10.93981],[106.65601,10.94045],[106.65416,10.94021],[106.65323,10.94084],[106.65264,10.94195],[106.65134,10.94222],[106.65214,10.94636],[106.65232,10.94937],[106.6522,10.95271],[106.6509,10.9582],[106.65015,10.95972],[106.6489,10.9638],[106.64873,10.9661],[106.6489,10.96889],[106.65029,10.97388],[106.6499,10.97622],[106.64875,10.9798],[106.64817,10.98048],[106.64712,10.98105],[106.64525,10.98122],[106.64258,10.98072],[106.63912,10.9783],[106.63691,10.97754],[106.63568,10.97755],[106.63058,10.97868],[106.63018,10.98052],[106.63051,10.98126],[106.62996,10.98178],[106.62977,10.98239],[106.63034,10.9833],[106.63089,10.98546],[106.63447,10.98849],[106.63467,10.99009],[106.63607,10.99019],[106.6374,10.98976],[106.63772,10.98935],[106.64065,10.98936],[106.6425,10.98995],[106.6442,10.98998],[106.64414,10.99353],[106.64536,10.99381],[106.64564,10.99417],[106.64656,10.99393],[106.64893,10.99474],[106.64926,10.99597],[106.64974,10.99665],[106.65617,10.99277],[106.66094,10.99224],[106.66189,10.99192],[106.66319,10.99085],[106.66547,10.98647],[106.66709,10.98091],[106.67051,10.97385],[106.67112,10.97301],[106.68179,10.9671],[106.68927,10.96358],[106.68903,10.96318],[106.68632,10.96107],[106.68569,10.96012],[106.68174,10.9573],[106.68002,10.96146],[106.67824,10.96067],[106.67694,10.95972],[106.67499,10.95907],[106.67376,10.95899],[106.67379,10.9588],[106.67249,10.95845],[106.67257,10.95821],[106.67044,10.95764],[106.66847,10.95663]]]}},{"type":"Feature","properties":{"code":"25750","name":"Phú Lợi","fullName":"Phường Phú Lợi","c":[10.98924,106.67952]},"geometry":{"type":"Polygon","coordinates":[[[106.6667,11.00572],[106.66684,11.00558],[106.6677,11.00678],[106.66813,11.00646],[106.669,11.00749],[106.66942,11.00709],[106.66902,11.00651],[106.66954,11.00595],[106.6703,11.00565],[106.67065,11.00504],[106.67252,11.00404],[106.67339,11.00381],[106.67349,11.00408],[106.68103,10.99898],[106.68376,10.99656],[106.68437,10.99699],[106.68467,10.99776],[106.68543,10.99862],[106.68628,11.00022],[106.68633,11.00157],[106.68695,11.00303],[106.68761,11.00375],[106.68904,11.00507],[106.68997,11.00426],[106.69248,11.00398],[106.69283,11.00468],[106.6957,11.00794],[106.69969,11.00483],[106.7006,11.00372],[106.70272,11.00263],[106.70247,11.00222],[106.70419,11.00106],[106.7047,11.00015],[106.70642,10.9983],[106.70716,10.99667],[106.70467,10.99459],[106.69712,10.98997],[106.69661,10.9894],[106.69653,10.98805],[106.69621,10.98746],[106.69703,10.98704],[106.69755,10.98622],[106.69816,10.98591],[106.69885,10.98264],[106.7,10.98019],[106.70082,10.97926],[106.70083,10.97872],[106.70131,10.978],[106.70109,10.97762],[106.70122,10.97723],[106.70089,10.97593],[106.70093,10.97487],[106.70108,10.97418],[106.70226,10.9727],[106.7018,10.97237],[106.70071,10.97071],[106.70029,10.97081],[106.69909,10.96945],[106.6986,10.9694],[106.69457,10.96684],[106.69036,10.96501],[106.68927,10.96358],[106.68179,10.9671],[106.67152,10.97265],[106.67051,10.97385],[106.66709,10.98091],[106.66574,10.98582],[106.66296,10.99115],[106.66189,10.99192],[106.66094,10.99224],[106.65617,10.99277],[106.64877,10.99729],[106.6474,10.99868],[106.64698,10.99954],[106.64562,11.00515],[106.64928,11.00583],[106.65654,11.00866],[106.65812,11.01013],[106.65906,11.01164],[106.66078,11.01035],[106.66229,11.00979],[106.66394,11.00871],[106.6667,11.00572]]]}},{"type":"Feature","properties":{"code":"25760","name":"Bình Dương","fullName":"Phường Bình Dương","c":[11.05274,106.68684]},"geometry":{"type":"Polygon","coordinates":[[[106.66326,11.07078],[106.66479,11.07433],[106.6663,11.07504],[106.66697,11.07687],[106.66921,11.07601],[106.67018,11.07857],[106.66791,11.07941],[106.67078,11.08717],[106.66992,11.08792],[106.66956,11.09001],[106.66895,11.09151],[106.6669,11.09296],[106.66719,11.09509],[106.66812,11.09528],[106.66754,11.09697],[106.66761,11.0999],[106.66707,11.10281],[106.66725,11.10726],[106.66909,11.10735],[106.66965,11.10787],[106.67124,11.10765],[106.67141,11.10795],[106.67201,11.10796],[106.67217,11.1085],[106.67275,11.10845],[106.67298,11.10873],[106.67359,11.10868],[106.67384,11.10891],[106.67485,11.10872],[106.67501,11.10975],[106.67581,11.10963],[106.67589,11.11034],[106.67759,11.11013],[106.67774,11.11048],[106.67873,11.1103],[106.67883,11.1106],[106.67988,11.11044],[106.68001,11.11141],[106.68213,11.11119],[106.68299,11.11138],[106.68314,11.11194],[106.68395,11.11208],[106.68393,11.11225],[106.68542,11.11181],[106.68556,11.11235],[106.68606,11.11216],[106.68679,11.1129],[106.68707,11.11266],[106.6882,11.11267],[106.68879,11.11176],[106.68818,11.11119],[106.6891,11.11028],[106.68858,11.10955],[106.68896,11.10933],[106.68875,11.10862],[106.69013,11.10202],[106.69289,11.10275],[106.69285,11.1023],[106.69352,11.10193],[106.69375,11.10139],[106.69471,11.10144],[106.69568,11.10053],[106.69615,11.09951],[106.69824,11.09697],[106.70024,11.09375],[106.70077,11.09234],[106.70201,11.09114],[106.7043,11.08976],[106.70543,11.08833],[106.70679,11.08811],[106.70683,11.08782],[106.70861,11.08611],[106.70814,11.08543],[106.70829,11.08518],[106.70909,11.08526],[106.70948,11.08466],[106.71007,11.08455],[106.71095,11.08322],[106.71088,11.08268],[106.71112,11.08232],[106.71197,11.08185],[106.71243,11.08071],[106.71303,11.08065],[106.7137,11.07999],[106.71401,11.07903],[106.71379,11.078],[106.71512,11.07684],[106.71541,11.07593],[106.71534,11.07506],[106.71601,11.07409],[106.71591,11.07343],[106.71694,11.07229],[106.71697,11.07131],[106.71758,11.07099],[106.7175,11.07002],[106.71823,11.06912],[106.71814,11.06827],[106.71894,11.06809],[106.71887,11.06759],[106.72024,11.06635],[106.72081,11.0654],[106.72157,11.06527],[106.72158,11.06474],[106.72232,11.06404],[106.72283,11.06277],[106.72215,11.06252],[106.72093,11.06274],[106.72002,11.06256],[106.71901,11.06216],[106.71786,11.06132],[106.71669,11.06125],[106.71542,11.06061],[106.71471,11.06061],[106.71414,11.06026],[106.71084,11.05939],[106.71043,11.059],[106.70991,11.05907],[106.70929,11.06011],[106.7086,11.06056],[106.70916,11.05789],[106.70908,11.05739],[106.71031,11.05716],[106.71045,11.0569],[106.71129,11.05708],[106.7118,11.05565],[106.71355,11.0562],[106.71613,11.0508],[106.71726,11.04903],[106.71825,11.04654],[106.71869,11.04502],[106.71885,11.04319],[106.71908,11.04296],[106.71875,11.04212],[106.71921,11.04211],[106.71924,11.04127],[106.71895,11.04104],[106.71766,11.04097],[106.71765,11.04071],[106.71578,11.03996],[106.71543,11.03997],[106.71513,11.04048],[106.71335,11.04046],[106.71316,11.03971],[106.71387,11.03859],[106.71382,11.03741],[106.71413,11.03672],[106.71188,11.03607],[106.71153,11.03533],[106.71187,11.03444],[106.71029,11.03333],[106.7104,11.03205],[106.70824,11.03192],[106.70817,11.03168],[106.70674,11.03127],[106.70583,11.03053],[106.70459,11.03002],[106.70481,11.02903],[106.70612,11.02693],[106.70608,11.02347],[106.70665,11.02026],[106.70712,11.01891],[106.7078,11.01864],[106.70789,11.01805],[106.70813,11.01795],[106.70815,11.0168],[106.70752,11.01654],[106.70661,11.01472],[106.70654,11.0129],[106.70569,11.01235],[106.70583,11.01119],[106.70557,11.01106],[106.70522,11.00988],[106.70561,11.00938],[106.70508,11.00799],[106.70662,11.00814],[106.70779,11.0078],[106.70701,11.00731],[106.70685,11.00647],[106.70768,11.00614],[106.70748,11.00517],[106.70975,11.00378],[106.70927,11.00336],[106.70837,11.00296],[106.70727,11.00286],[106.70479,11.00365],[106.70353,11.00377],[106.70272,11.00263],[106.7006,11.00372],[106.69969,11.00483],[106.6957,11.00794],[106.69283,11.00468],[106.69248,11.00398],[106.68997,11.00426],[106.68904,11.00507],[106.68761,11.00375],[106.68695,11.00303],[106.68633,11.00157],[106.68628,11.00022],[106.68543,10.99862],[106.68467,10.99776],[106.68437,10.99699],[106.68376,10.99656],[106.68103,10.99898],[106.67349,11.00408],[106.67339,11.00381],[106.67252,11.00404],[106.67065,11.00504],[106.6703,11.00565],[106.66954,11.00595],[106.66902,11.00651],[106.66942,11.00709],[106.669,11.00749],[106.66813,11.00646],[106.6677,11.00678],[106.66684,11.00558],[106.66394,11.00871],[106.66229,11.00979],[106.66078,11.01035],[106.65892,11.01162],[106.65884,11.01235],[106.66152,11.01351],[106.6635,11.01562],[106.66238,11.01705],[106.65956,11.02315],[106.66294,11.02467],[106.66312,11.02442],[106.66407,11.02514],[106.66349,11.0266],[106.66191,11.02689],[106.66025,11.02831],[106.661,11.02881],[106.65622,11.03341],[106.65562,11.03451],[106.65575,11.03529],[106.65449,11.03882],[106.65322,11.04072],[106.65515,11.041],[106.65749,11.04203],[106.65666,11.04358],[106.65913,11.04542],[106.66199,11.04921],[106.66173,11.04939],[106.66452,11.05666],[106.66458,11.05691],[106.6636,11.057],[106.66417,11.06153],[106.66409,11.06353],[106.66391,11.06369],[106.66445,11.06379],[106.6641,11.06815],[106.66352,11.07064],[106.66326,11.07078]]]}},{"type":"Feature","properties":{"code":"25768","name":"Phú An","fullName":"Phường Phú An","c":[11.04732,106.59996]},"geometry":{"type":"Polygon","coordinates":[[[106.63645,11.02018],[106.63408,11.02001],[106.63238,11.02319],[106.62479,11.02109],[106.62029,11.02101],[106.62063,11.01994],[106.62182,11.01834],[106.62089,11.01768],[106.61912,11.01742],[106.61847,11.01683],[106.61742,11.01645],[106.61737,11.01395],[106.61637,11.01273],[106.61594,11.01146],[106.60831,11.01176],[106.6031,11.01357],[106.59989,11.01434],[106.59856,11.01521],[106.5976,11.01667],[106.59581,11.02181],[106.59508,11.02567],[106.59529,11.02862],[106.59592,11.03067],[106.60273,11.03856],[106.60337,11.03973],[106.60286,11.04106],[106.6001,11.0448],[106.5982,11.04571],[106.59704,11.04577],[106.59582,11.04552],[106.59362,11.04412],[106.5928,11.04306],[106.59211,11.04142],[106.5914,11.03754],[106.59052,11.03659],[106.58894,11.03625],[106.58777,11.03628],[106.58398,11.03726],[106.58269,11.03825],[106.5814,11.04049],[106.58089,11.04243],[106.58054,11.04562],[106.57978,11.04746],[106.57884,11.04864],[106.57529,11.05182],[106.57377,11.05379],[106.5723,11.05443],[106.57108,11.0538],[106.56903,11.05089],[106.5687,11.04982],[106.56841,11.04689],[106.56804,11.04586],[106.56749,11.04531],[106.56654,11.04487],[106.56529,11.04482],[106.55875,11.0455],[106.55899,11.04703],[106.55866,11.04839],[106.55912,11.0495],[106.55997,11.05022],[106.56063,11.05189],[106.56058,11.05278],[106.5603,11.05309],[106.5594,11.05314],[106.55763,11.05524],[106.55736,11.05534],[106.55715,11.05506],[106.55691,11.0552],[106.55637,11.05677],[106.55583,11.05742],[106.55706,11.05886],[106.55917,11.06224],[106.5614,11.06424],[106.56264,11.0662],[106.56317,11.06765],[106.56434,11.06899],[106.56418,11.06927],[106.56449,11.06984],[106.56436,11.06996],[106.56631,11.07374],[106.56729,11.07335],[106.56826,11.07526],[106.56705,11.07601],[106.58524,11.08547],[106.58611,11.08269],[106.58627,11.08023],[106.58749,11.07727],[106.5893,11.07437],[106.59058,11.07303],[106.59225,11.07493],[106.59378,11.07608],[106.5952,11.07556],[106.59661,11.07463],[106.60593,11.07131],[106.6066,11.07013],[106.60588,11.06793],[106.6064,11.06686],[106.61102,11.06396],[106.61352,11.06325],[106.61438,11.06252],[106.61625,11.05937],[106.61662,11.05794],[106.61477,11.05643],[106.61432,11.05549],[106.61461,11.05284],[106.61564,11.05114],[106.61658,11.05148],[106.61731,11.05146],[106.62419,11.0538],[106.62438,11.05279],[106.62491,11.05214],[106.62458,11.0515],[106.62497,11.04976],[106.62429,11.04803],[106.6253,11.04695],[106.62514,11.04567],[106.62547,11.04427],[106.626,11.04395],[106.62866,11.044],[106.62932,11.04368],[106.62969,11.04289],[106.6302,11.04281],[106.63035,11.04321],[106.63415,11.04495],[106.63869,11.03697],[106.64072,11.03287],[106.64486,11.02779],[106.64769,11.02599],[106.64464,11.02319],[106.64382,11.02297],[106.64262,11.02291],[106.63965,11.02416],[106.64,11.02189],[106.63848,11.02074],[106.63759,11.02101],[106.63669,11.02086],[106.63672,11.02025],[106.63645,11.02018]]]}},{"type":"Feature","properties":{"code":"25771","name":"Chánh Hiệp","fullName":"Phường Chánh Hiệp","c":[11.01467,106.6405]},"geometry":{"type":"Polygon","coordinates":[[[106.63266,10.98695],[106.63089,10.98546],[106.63034,10.9833],[106.62977,10.98239],[106.62996,10.98178],[106.63051,10.98126],[106.63018,10.98052],[106.63058,10.97868],[106.628,10.9792],[106.62569,10.98048],[106.62132,10.98548],[106.61777,10.98736],[106.6166,10.98871],[106.61596,10.9906],[106.61611,10.9924],[106.61662,10.9939],[106.62009,10.99953],[106.62101,11.00179],[106.62121,11.00286],[106.62092,11.00581],[106.61955,11.00893],[106.61796,11.01066],[106.61594,11.01146],[106.61637,11.01273],[106.61737,11.01395],[106.61742,11.01645],[106.61847,11.01683],[106.61912,11.01742],[106.62089,11.01768],[106.62182,11.01834],[106.62063,11.01994],[106.62029,11.02101],[106.62479,11.02109],[106.63238,11.02319],[106.63408,11.02001],[106.63542,11.02002],[106.63672,11.02025],[106.63669,11.02086],[106.63759,11.02101],[106.63848,11.02074],[106.64,11.02189],[106.63965,11.02416],[106.64262,11.02291],[106.64464,11.02319],[106.64769,11.02599],[106.64486,11.02779],[106.64072,11.03287],[106.64007,11.03418],[106.64694,11.04579],[106.65325,11.05253],[106.65368,11.05354],[106.65395,11.05639],[106.65361,11.05811],[106.65792,11.05845],[106.65804,11.05794],[106.65937,11.05766],[106.65959,11.05696],[106.66052,11.05731],[106.66181,11.057],[106.66458,11.05691],[106.66173,11.04939],[106.66199,11.04921],[106.65913,11.04542],[106.65666,11.04358],[106.65749,11.04203],[106.65515,11.041],[106.65322,11.04072],[106.65449,11.03882],[106.65575,11.03529],[106.65562,11.03451],[106.65622,11.03341],[106.661,11.02881],[106.66025,11.02831],[106.66191,11.02689],[106.66349,11.0266],[106.66407,11.02514],[106.66312,11.02442],[106.66294,11.02467],[106.65956,11.02315],[106.66238,11.01705],[106.6635,11.01562],[106.66152,11.01351],[106.65884,11.01235],[106.65892,11.01162],[106.6586,11.01097],[106.65812,11.01013],[106.65683,11.00882],[106.64928,11.00583],[106.64562,11.00515],[106.64722,10.99898],[106.64835,10.99766],[106.64974,10.99665],[106.64926,10.99597],[106.64893,10.99474],[106.64656,10.99393],[106.64564,10.99417],[106.64536,10.99381],[106.64414,10.99353],[106.6442,10.98998],[106.6425,10.98995],[106.64065,10.98936],[106.63772,10.98935],[106.6374,10.98976],[106.63607,10.99019],[106.63481,10.99017],[106.63447,10.98849],[106.63266,10.98695]]]}},{"type":"Feature","properties":{"code":"25777","name":"Dầu Tiếng","fullName":"Xã Dầu Tiếng","c":[11.34278,106.39326]},"geometry":{"type":"Polygon","coordinates":[[[106.36598,11.42572],[106.36646,11.42581],[106.3674,11.4255],[106.36778,11.4257],[106.36814,11.42674],[106.36884,11.42704],[106.36961,11.427],[106.3719,11.42551],[106.37434,11.42509],[106.37531,11.42422],[106.37766,11.42321],[106.37825,11.42271],[106.38307,11.4226],[106.40118,11.42033],[106.40284,11.42037],[106.4047,11.41962],[106.40798,11.419],[106.41035,11.41825],[106.41388,11.41794],[106.4168,11.41801],[106.41939,11.41984],[106.42099,11.42051],[106.42527,11.42132],[106.43213,11.4215],[106.43312,11.41595],[106.43338,11.41052],[106.43492,11.40572],[106.43472,11.40472],[106.43547,11.40412],[106.43462,11.40175],[106.43747,11.40118],[106.43696,11.39978],[106.436,11.39882],[106.43566,11.39778],[106.43583,11.39762],[106.43481,11.39588],[106.43486,11.39355],[106.43442,11.39111],[106.4347,11.39052],[106.43574,11.38969],[106.43773,11.38847],[106.43822,11.3863],[106.44756,11.38861],[106.44865,11.38424],[106.45038,11.38466],[106.45056,11.3826],[106.45117,11.38058],[106.45094,11.37989],[106.45108,11.37851],[106.45205,11.37859],[106.45136,11.37523],[106.45006,11.37344],[106.44988,11.37256],[106.45046,11.37013],[106.45034,11.36884],[106.45081,11.36589],[106.45063,11.36485],[106.45079,11.3645],[106.45154,11.36418],[106.45269,11.36307],[106.45297,11.36243],[106.45295,11.36166],[106.45443,11.36104],[106.45489,11.36051],[106.45574,11.35883],[106.45775,11.35643],[106.45842,11.35472],[106.46026,11.35311],[106.46016,11.35248],[106.46052,11.35208],[106.46039,11.35141],[106.46084,11.35118],[106.46126,11.35051],[106.46126,11.34974],[106.46168,11.34924],[106.46161,11.34878],[106.46212,11.34853],[106.46228,11.3463],[106.46321,11.34588],[106.46284,11.34384],[106.46238,11.34347],[106.46276,11.34154],[106.46342,11.3407],[106.46412,11.33877],[106.46548,11.33803],[106.46507,11.33753],[106.46506,11.33669],[106.46571,11.33607],[106.46564,11.33517],[106.4653,11.33489],[106.46541,11.33378],[106.46605,11.33259],[106.46573,11.33173],[106.46583,11.3314],[106.46626,11.33078],[106.4669,11.33046],[106.46752,11.32863],[106.46931,11.3283],[106.46998,11.32761],[106.47128,11.32733],[106.47261,11.32594],[106.47102,11.32343],[106.46714,11.31995],[106.45476,11.30697],[106.43655,11.31094],[106.42158,11.3054],[106.39702,11.28797],[106.39234,11.28666],[106.39628,11.27098],[106.39692,11.27153],[106.39716,11.27148],[106.40202,11.26718],[106.40345,11.26156],[106.40783,11.26262],[106.40915,11.25741],[106.40466,11.25631],[106.40447,11.25704],[106.39574,11.25496],[106.3962,11.25305],[106.38727,11.25082],[106.38689,11.25233],[106.38604,11.25207],[106.38427,11.25217],[106.37279,11.24929],[106.37222,11.24898],[106.37219,11.24763],[106.37266,11.24711],[106.37269,11.24633],[106.37371,11.24467],[106.37375,11.24385],[106.37429,11.24307],[106.37436,11.24208],[106.37295,11.24113],[106.37156,11.24426],[106.37101,11.24478],[106.37053,11.24472],[106.36592,11.24181],[106.36533,11.2412],[106.36477,11.23987],[106.36299,11.23828],[106.3621,11.23804],[106.35988,11.23872],[106.35873,11.23965],[106.35617,11.24616],[106.35557,11.24698],[106.35416,11.24802],[106.35313,11.24831],[106.35166,11.24833],[106.35114,11.24876],[106.35148,11.25067],[106.35231,11.25192],[106.35437,11.2533],[106.35662,11.25529],[106.36075,11.25585],[106.36092,11.25633],[106.36069,11.25784],[106.3609,11.25846],[106.36193,11.25931],[106.364,11.25953],[106.36435,11.26013],[106.36385,11.26198],[106.36225,11.26306],[106.36176,11.26288],[106.36062,11.26154],[106.35912,11.26084],[106.35558,11.26164],[106.35347,11.26185],[106.35183,11.2625],[106.35065,11.26258],[106.35036,11.26299],[106.35234,11.2654],[106.35287,11.26646],[106.35317,11.27002],[106.35415,11.27247],[106.35413,11.27431],[106.35377,11.2763],[106.35482,11.27838],[106.35518,11.27997],[106.35499,11.28028],[106.35415,11.28031],[106.35365,11.28064],[106.35331,11.28167],[106.3533,11.28308],[106.35379,11.28353],[106.3557,11.2838],[106.35638,11.28442],[106.35622,11.28509],[106.35564,11.28561],[106.35517,11.28656],[106.35521,11.2879],[106.35501,11.28813],[106.35458,11.28811],[106.35262,11.28562],[106.35237,11.28764],[106.35127,11.28866],[106.34793,11.2896],[106.34682,11.28941],[106.34485,11.28741],[106.34406,11.28537],[106.34421,11.28461],[106.34523,11.28318],[106.3453,11.28266],[106.34464,11.28249],[106.34364,11.28282],[106.34287,11.28333],[106.34078,11.28574],[106.34079,11.28728],[106.3414,11.28911],[106.3413,11.29137],[106.34085,11.29339],[106.34109,11.29382],[106.34182,11.29412],[106.34395,11.29357],[106.34481,11.29357],[106.34489,11.29405],[106.34411,11.29534],[106.34264,11.2968],[106.34031,11.29803],[106.33982,11.29808],[106.33902,11.29755],[106.33818,11.2967],[106.33804,11.29603],[106.33825,11.29524],[106.33948,11.29368],[106.34019,11.29208],[106.34019,11.29184],[106.33969,11.2918],[106.33775,11.29228],[106.33786,11.29333],[106.33591,11.2946],[106.33546,11.29529],[106.33525,11.29622],[106.33543,11.29993],[106.33578,11.30081],[106.33758,11.30246],[106.33835,11.30403],[106.3408,11.31042],[106.34175,11.31232],[106.34207,11.31449],[106.34412,11.31964],[106.34575,11.32119],[106.34581,11.32301],[106.34448,11.32495],[106.33966,11.32873],[106.33548,11.33479],[106.32898,11.34656],[106.32997,11.35165],[106.334,11.35923],[106.34293,11.37008],[106.34811,11.38745],[106.35544,11.40311],[106.36197,11.41496],[106.36289,11.4235],[106.36536,11.42326],[106.36598,11.42572]]]}},{"type":"Feature","properties":{"code":"25780","name":"Minh Thạnh","fullName":"Xã Minh Thạnh","c":[11.44804,106.46952]},"geometry":{"type":"Polygon","coordinates":[[[106.37269,11.45094],[106.37409,11.45201],[106.37438,11.45326],[106.38456,11.46009],[106.40414,11.46892],[106.40872,11.47297],[106.41593,11.48494],[106.42072,11.49143],[106.42316,11.49564],[106.42777,11.49627],[106.42886,11.49673],[106.42937,11.497],[106.43243,11.50008],[106.43353,11.50077],[106.43455,11.50104],[106.43737,11.50062],[106.44157,11.49881],[106.44392,11.4984],[106.44503,11.49867],[106.4465,11.49963],[106.44743,11.49981],[106.4538,11.49833],[106.45536,11.49862],[106.46063,11.49867],[106.46188,11.49846],[106.46263,11.49881],[106.46496,11.49888],[106.46803,11.4979],[106.46869,11.49757],[106.46913,11.49669],[106.47042,11.49623],[106.47308,11.49636],[106.47495,11.49582],[106.47578,11.49606],[106.47672,11.49562],[106.47907,11.49736],[106.48066,11.49734],[106.48099,11.49778],[106.48106,11.49857],[106.48203,11.49934],[106.48322,11.49898],[106.48399,11.49811],[106.48487,11.49786],[106.48627,11.49803],[106.48906,11.49963],[106.48958,11.49929],[106.49009,11.49781],[106.49172,11.4981],[106.49238,11.4976],[106.49313,11.49762],[106.49327,11.49705],[106.49392,11.49695],[106.49471,11.49619],[106.49578,11.49638],[106.49756,11.49568],[106.49839,11.49477],[106.49865,11.49406],[106.50064,11.49246],[106.50085,11.49197],[106.50144,11.49196],[106.50201,11.4915],[106.50239,11.49101],[106.50245,11.49042],[106.50351,11.48912],[106.506,11.48803],[106.50867,11.48815],[106.50893,11.48745],[106.50992,11.48714],[106.50997,11.48669],[106.51038,11.4864],[106.51065,11.48575],[106.51151,11.48541],[106.51233,11.48419],[106.51331,11.48381],[106.51423,11.48242],[106.51616,11.4823],[106.51654,11.48161],[106.51689,11.48147],[106.51841,11.48166],[106.51891,11.48247],[106.51919,11.48256],[106.52457,11.48004],[106.5274,11.47704],[106.5279,11.47676],[106.52889,11.4755],[106.53063,11.47497],[106.53107,11.47361],[106.53274,11.47366],[106.53383,11.47227],[106.5349,11.47137],[106.5355,11.47131],[106.53731,11.47041],[106.5381,11.4692],[106.53996,11.46787],[106.54159,11.46827],[106.54282,11.46787],[106.5444,11.46836],[106.54608,11.46912],[106.54747,11.47057],[106.5482,11.47072],[106.54883,11.47167],[106.55004,11.47282],[106.55039,11.47477],[106.5514,11.47647],[106.55154,11.4772],[106.55221,11.47729],[106.55273,11.4779],[106.55367,11.47806],[106.55432,11.47851],[106.55454,11.47994],[106.55495,11.4802],[106.55461,11.4815],[106.55581,11.4825],[106.55635,11.48484],[106.5602,11.47207],[106.56649,11.46513],[106.56736,11.46458],[106.56869,11.46285],[106.56895,11.46177],[106.57118,11.4594],[106.57281,11.45652],[106.57324,11.45646],[106.57298,11.45516],[106.57193,11.45289],[106.5694,11.44976],[106.56792,11.4491],[106.5658,11.44651],[106.56546,11.44533],[106.56453,11.44477],[106.56412,11.44416],[106.56245,11.4428],[106.56097,11.44214],[106.56062,11.44157],[106.55988,11.44108],[106.55903,11.43958],[106.55744,11.43958],[106.55617,11.44006],[106.55543,11.44007],[106.55442,11.4393],[106.55346,11.4391],[106.55299,11.43833],[106.55257,11.43807],[106.55118,11.43763],[106.55101,11.4373],[106.54975,11.43661],[106.54874,11.43635],[106.54692,11.43452],[106.54633,11.43353],[106.54594,11.43349],[106.54553,11.43225],[106.5457,11.43175],[106.54544,11.43097],[106.54364,11.42811],[106.5432,11.4269],[106.54164,11.42657],[106.54111,11.42392],[106.54278,11.4224],[106.54483,11.41956],[106.54459,11.41812],[106.54586,11.41624],[106.54703,11.41502],[106.54741,11.41255],[106.54785,11.41209],[106.54767,11.41158],[106.54777,11.41074],[106.54729,11.40979],[106.5475,11.4085],[106.54808,11.40716],[106.54805,11.40663],[106.54752,11.40589],[106.54797,11.40329],[106.54608,11.4009],[106.54619,11.39967],[106.54582,11.39804],[106.54591,11.3969],[106.54537,11.39555],[106.54473,11.39526],[106.54439,11.3947],[106.54459,11.39323],[106.54402,11.39286],[106.54362,11.39215],[106.54201,11.39104],[106.54163,11.39044],[106.54152,11.39104],[106.53857,11.39382],[106.53698,11.39236],[106.53509,11.39176],[106.53456,11.39153],[106.53463,11.39134],[106.53375,11.39104],[106.53305,11.39148],[106.53236,11.39242],[106.53119,11.3914],[106.53127,11.39058],[106.52889,11.39051],[106.52818,11.39144],[106.52683,11.38876],[106.52502,11.38876],[106.52595,11.39298],[106.52433,11.39347],[106.5245,11.39446],[106.52497,11.39621],[106.52577,11.39762],[106.52678,11.40065],[106.52767,11.40352],[106.52762,11.40445],[106.52782,11.40477],[106.52927,11.40436],[106.52945,11.40667],[106.52796,11.40724],[106.52661,11.4086],[106.52571,11.40726],[106.51878,11.40886],[106.51923,11.41419],[106.51593,11.42139],[106.5153,11.42202],[106.51336,11.42304],[106.51237,11.42313],[106.51179,11.4238],[106.51211,11.42611],[106.51072,11.42593],[106.50882,11.42615],[106.50714,11.42721],[106.50627,11.42844],[106.50588,11.4274],[106.506,11.42664],[106.50644,11.42596],[106.50643,11.4253],[106.50592,11.42404],[106.50531,11.42387],[106.50528,11.42276],[106.50571,11.42228],[106.50431,11.42024],[106.50324,11.41984],[106.50303,11.41929],[106.50191,11.41858],[106.50058,11.41894],[106.49841,11.41897],[106.49487,11.41358],[106.49393,11.41379],[106.48454,11.42176],[106.45918,11.39268],[106.46003,11.39156],[106.43822,11.3863],[106.43773,11.38847],[106.43574,11.38969],[106.4347,11.39052],[106.43442,11.39111],[106.43486,11.39355],[106.43481,11.39588],[106.43583,11.39762],[106.43566,11.39778],[106.436,11.39882],[106.43696,11.39978],[106.43747,11.40118],[106.43462,11.40175],[106.43547,11.40412],[106.43472,11.40472],[106.43492,11.40572],[106.43338,11.41052],[106.43312,11.41595],[106.43213,11.4215],[106.42527,11.42132],[106.42099,11.42051],[106.41939,11.41984],[106.4169,11.41805],[106.41491,11.4179],[106.41035,11.41825],[106.40798,11.419],[106.4047,11.41962],[106.40284,11.42037],[106.40118,11.42033],[106.38307,11.4226],[106.37825,11.42271],[106.37766,11.42321],[106.37531,11.42422],[106.37434,11.42509],[106.3719,11.42551],[106.36961,11.427],[106.36884,11.42704],[106.36814,11.42674],[106.36778,11.4257],[106.3674,11.4255],[106.36646,11.42581],[106.36598,11.42572],[106.36536,11.42326],[106.36289,11.4235],[106.36584,11.43879],[106.36802,11.44738],[106.37269,11.45094]]]}},{"type":"Feature","properties":{"code":"25792","name":"Long Hoà","fullName":"Xã Long Hoà","c":[11.32783,106.50747]},"geometry":{"type":"Polygon","coordinates":[[[106.53544,11.25522],[106.53465,11.25228],[106.53443,11.2521],[106.53327,11.25187],[106.53213,11.25247],[106.53165,11.25202],[106.53157,11.25244],[106.53042,11.25266],[106.53034,11.25219],[106.52946,11.2515],[106.52995,11.25082],[106.52787,11.24975],[106.52747,11.2502],[106.52545,11.24907],[106.52246,11.24849],[106.52124,11.24909],[106.52032,11.24774],[106.51788,11.2467],[106.51879,11.24526],[106.52054,11.24048],[106.51933,11.23982],[106.51861,11.2384],[106.51612,11.23922],[106.51455,11.23854],[106.51327,11.23772],[106.5124,11.23612],[106.50993,11.23434],[106.51147,11.23189],[106.51158,11.23122],[106.51159,11.23014],[106.51072,11.228],[106.51032,11.22755],[106.50825,11.22679],[106.50736,11.22684],[106.50613,11.22728],[106.50486,11.22895],[106.50229,11.23006],[106.50029,11.23053],[106.49962,11.23181],[106.49886,11.23234],[106.4983,11.23343],[106.49751,11.23303],[106.49737,11.23327],[106.49628,11.23353],[106.49606,11.23375],[106.49605,11.2347],[106.49467,11.23519],[106.49483,11.23632],[106.4939,11.23696],[106.49311,11.2395],[106.49232,11.24058],[106.49189,11.24289],[106.49125,11.24356],[106.49117,11.24495],[106.49186,11.24582],[106.49167,11.24603],[106.49086,11.24605],[106.49116,11.24733],[106.49059,11.24815],[106.49189,11.24876],[106.49165,11.24968],[106.49083,11.251],[106.491,11.25217],[106.49192,11.25213],[106.49236,11.25273],[106.49263,11.25361],[106.49225,11.25436],[106.49253,11.25554],[106.49096,11.25634],[106.49059,11.25763],[106.4898,11.25847],[106.49005,11.25917],[106.49,11.26013],[106.48805,11.26066],[106.48862,11.26157],[106.48781,11.26211],[106.48743,11.26358],[106.48635,11.2638],[106.48574,11.26469],[106.4851,11.26508],[106.485,11.26633],[106.48311,11.26698],[106.4826,11.26759],[106.48258,11.26795],[106.48346,11.26842],[106.48292,11.26906],[106.48299,11.27057],[106.48229,11.27118],[106.48274,11.27284],[106.4823,11.27332],[106.48214,11.27396],[106.48119,11.27432],[106.48036,11.27498],[106.47998,11.27622],[106.47997,11.27765],[106.47868,11.27857],[106.47883,11.28021],[106.47782,11.28173],[106.47831,11.28266],[106.4781,11.28403],[106.47747,11.28472],[106.4776,11.28547],[106.47705,11.28631],[106.47722,11.28671],[106.47781,11.28686],[106.47765,11.28809],[106.47735,11.2884],[106.47659,11.2886],[106.47644,11.28981],[106.47561,11.29018],[106.47551,11.29143],[106.47493,11.2922],[106.47491,11.29293],[106.47361,11.29358],[106.47263,11.29443],[106.47289,11.29512],[106.4736,11.29569],[106.47343,11.29672],[106.47219,11.29796],[106.47187,11.29951],[106.47222,11.30092],[106.47278,11.30174],[106.47272,11.30256],[106.47127,11.30303],[106.47066,11.30366],[106.46714,11.30535],[106.46676,11.30573],[106.46741,11.30806],[106.46791,11.30791],[106.46829,11.30822],[106.46854,11.30904],[106.46819,11.30978],[106.46864,11.31064],[106.46868,11.31138],[106.46987,11.3122],[106.47043,11.31305],[106.47115,11.3136],[106.47084,11.31476],[106.47115,11.31546],[106.47109,11.3162],[106.47048,11.31667],[106.4705,11.31776],[106.46996,11.31853],[106.47039,11.3193],[106.4701,11.32024],[106.47208,11.3215],[106.47368,11.32435],[106.47276,11.32488],[106.47261,11.326],[106.47163,11.32712],[106.46998,11.32761],[106.46946,11.32825],[106.46752,11.32863],[106.4669,11.33046],[106.46626,11.33078],[106.46583,11.3314],[106.46573,11.33173],[106.46605,11.33259],[106.46541,11.33378],[106.4653,11.33489],[106.46564,11.33517],[106.46571,11.33607],[106.46506,11.33669],[106.46507,11.33753],[106.46548,11.33803],[106.46412,11.33877],[106.46342,11.3407],[106.46276,11.34154],[106.46238,11.34347],[106.46284,11.34384],[106.46321,11.34588],[106.46228,11.3463],[106.46212,11.34853],[106.46161,11.34878],[106.46168,11.34924],[106.46126,11.34974],[106.46126,11.35051],[106.46084,11.35118],[106.46039,11.35141],[106.46052,11.35208],[106.46016,11.35248],[106.46026,11.35311],[106.45842,11.35472],[106.45775,11.35643],[106.45574,11.35883],[106.45489,11.36051],[106.45443,11.36104],[106.45295,11.36166],[106.45297,11.36243],[106.45269,11.36307],[106.45154,11.36418],[106.45079,11.3645],[106.45063,11.36485],[106.45081,11.36589],[106.45034,11.36884],[106.45046,11.37013],[106.44988,11.37256],[106.45006,11.37344],[106.45136,11.37523],[106.45205,11.37859],[106.45108,11.37851],[106.45094,11.37989],[106.45117,11.38058],[106.45056,11.3826],[106.45038,11.38466],[106.44865,11.38424],[106.44756,11.38861],[106.46003,11.39156],[106.45918,11.39268],[106.48454,11.42176],[106.49393,11.41379],[106.49487,11.41358],[106.49841,11.41897],[106.50058,11.41894],[106.50191,11.41858],[106.50303,11.41929],[106.50324,11.41984],[106.50431,11.42024],[106.50571,11.42228],[106.50528,11.42276],[106.50531,11.42387],[106.50592,11.42404],[106.50643,11.4253],[106.50644,11.42596],[106.506,11.42664],[106.50588,11.4274],[106.50625,11.42844],[106.50714,11.42721],[106.50882,11.42615],[106.51072,11.42593],[106.51211,11.42611],[106.51179,11.4238],[106.51237,11.42313],[106.51336,11.42304],[106.5153,11.42202],[106.51593,11.42139],[106.51923,11.41419],[106.51878,11.40886],[106.52571,11.40726],[106.52661,11.4086],[106.52796,11.40724],[106.52945,11.40667],[106.52927,11.40436],[106.52782,11.40477],[106.52762,11.40445],[106.52767,11.40352],[106.52678,11.40065],[106.52577,11.39762],[106.52497,11.39621],[106.5245,11.39446],[106.52433,11.39347],[106.52595,11.39298],[106.52502,11.38876],[106.52683,11.38876],[106.52818,11.39144],[106.52889,11.39051],[106.53127,11.39058],[106.53119,11.3914],[106.53236,11.39242],[106.53305,11.39148],[106.53375,11.39104],[106.53463,11.39134],[106.53456,11.39153],[106.53509,11.39176],[106.53698,11.39236],[106.53857,11.39382],[106.54152,11.39104],[106.54163,11.39044],[106.54124,11.39033],[106.54076,11.38944],[106.53967,11.38903],[106.53957,11.3884],[106.53854,11.38732],[106.53729,11.3871],[106.53696,11.38747],[106.53655,11.38731],[106.53625,11.38692],[106.53647,11.38654],[106.5361,11.38637],[106.53606,11.38596],[106.53553,11.38535],[106.53482,11.3855],[106.53419,11.38519],[106.5339,11.38575],[106.53313,11.38578],[106.53244,11.38439],[106.53196,11.38446],[106.53164,11.38407],[106.53064,11.38418],[106.52975,11.38391],[106.5295,11.38357],[106.52992,11.38096],[106.52975,11.38089],[106.53053,11.37861],[106.53072,11.37866],[106.54304,11.33506],[106.54646,11.33558],[106.5467,11.3338],[106.547,11.33347],[106.54738,11.33209],[106.54883,11.33221],[106.54933,11.33022],[106.54911,11.32968],[106.54983,11.3295],[106.54949,11.32937],[106.54915,11.3287],[106.54889,11.32875],[106.54764,11.32774],[106.54744,11.32717],[106.54705,11.32688],[106.54699,11.32634],[106.54423,11.32497],[106.54434,11.3244],[106.54372,11.32385],[106.54218,11.32301],[106.54094,11.32283],[106.54014,11.32211],[106.5392,11.32057],[106.5384,11.32015],[106.53751,11.31838],[106.53743,11.31738],[106.53665,11.31641],[106.53669,11.31596],[106.53712,11.31551],[106.53741,11.31565],[106.53789,11.31544],[106.53802,11.31493],[106.53839,11.31491],[106.53939,11.314],[106.53972,11.31407],[106.54105,11.3127],[106.54221,11.31224],[106.54261,11.31233],[106.54297,11.31194],[106.54338,11.31194],[106.54415,11.31099],[106.54483,11.31076],[106.54537,11.31095],[106.54591,11.3106],[106.54582,11.31034],[106.54606,11.31005],[106.54749,11.3097],[106.54784,11.30926],[106.54788,11.30875],[106.54893,11.30856],[106.5489,11.30756],[106.54945,11.30705],[106.54984,11.30721],[106.54997,11.30653],[106.55094,11.30621],[106.55145,11.30532],[106.55187,11.30512],[106.55216,11.30411],[106.5527,11.30355],[106.55272,11.30286],[106.55354,11.30194],[106.55376,11.30204],[106.55426,11.30174],[106.55453,11.30131],[106.55505,11.30135],[106.55692,11.2996],[106.55994,11.29749],[106.56095,11.29599],[106.56182,11.29552],[106.56215,11.29467],[106.56272,11.29423],[106.56652,11.2925],[106.56739,11.29242],[106.56741,11.29047],[106.56857,11.29059],[106.57361,11.26563],[106.57461,11.26597],[106.57649,11.26168],[106.57477,11.26139],[106.56856,11.25829],[106.55758,11.25477],[106.55592,11.25937],[106.5549,11.25856],[106.55492,11.25825],[106.55311,11.25783],[106.55287,11.25724],[106.55196,11.25703],[106.54884,11.25703],[106.54566,11.25439],[106.54146,11.25853],[106.53786,11.25783],[106.53544,11.25522]]]}},{"type":"Feature","properties":{"code":"25807","name":"Thanh An","fullName":"Xã Thanh An","c":[11.24275,106.4373]},"geometry":{"type":"Polygon","coordinates":[[[106.47883,11.20636],[106.47922,11.20489],[106.46314,11.19518],[106.43189,11.18836],[106.43376,11.17944],[106.43299,11.17928],[106.43277,11.17885],[106.43109,11.17745],[106.42859,11.1738],[106.42768,11.17172],[106.42651,11.17075],[106.42546,11.17045],[106.42323,11.17088],[106.42124,11.17206],[106.41872,11.1727],[106.417,11.17409],[106.41613,11.17436],[106.41263,11.17383],[106.41116,11.1723],[106.41059,11.17214],[106.41012,11.17258],[106.40987,11.17332],[106.40995,11.17587],[106.41028,11.17764],[106.40953,11.17928],[106.40934,11.18033],[106.41045,11.18282],[106.41036,11.18324],[106.40986,11.18381],[106.40856,11.18384],[106.40766,11.18436],[106.406,11.18642],[106.40514,11.18798],[106.40463,11.18807],[106.40425,11.18765],[106.40415,11.18691],[106.40489,11.18464],[106.40402,11.18326],[106.40186,11.182],[106.39864,11.18151],[106.39754,11.18218],[106.39641,11.1837],[106.3955,11.18428],[106.39437,11.18461],[106.39191,11.1847],[106.38886,11.18523],[106.38757,11.1858],[106.38695,11.18678],[106.38728,11.18812],[106.38672,11.18971],[106.38584,11.19099],[106.38394,11.19255],[106.38361,11.1939],[106.38427,11.19556],[106.38408,11.19765],[106.38451,11.20051],[106.38481,11.20105],[106.38598,11.2019],[106.38666,11.20276],[106.38708,11.20445],[106.3872,11.20802],[106.38919,11.21239],[106.3885,11.2134],[106.3864,11.21393],[106.38426,11.2148],[106.38181,11.21684],[106.3803,11.21735],[106.37997,11.21772],[106.37988,11.21903],[106.38226,11.22464],[106.38274,11.22547],[106.3837,11.22641],[106.38382,11.22771],[106.3834,11.22863],[106.3824,11.22936],[106.38104,11.22933],[106.37965,11.22837],[106.379,11.22859],[106.37846,11.22924],[106.37818,11.23038],[106.37813,11.23351],[106.3774,11.23587],[106.37678,11.23666],[106.37508,11.23793],[106.37295,11.24113],[106.37436,11.24208],[106.37429,11.24307],[106.37375,11.24385],[106.37371,11.24467],[106.37269,11.24633],[106.37266,11.24711],[106.37219,11.24763],[106.37215,11.24814],[106.37222,11.24898],[106.37279,11.24929],[106.38427,11.25217],[106.38604,11.25207],[106.38689,11.25233],[106.38727,11.25082],[106.39171,11.2519],[106.3962,11.25305],[106.39574,11.25496],[106.40447,11.25704],[106.40466,11.25631],[106.40915,11.25741],[106.40783,11.26262],[106.40345,11.26156],[106.40202,11.26718],[106.39716,11.27148],[106.39692,11.27153],[106.39628,11.27098],[106.39234,11.28666],[106.39702,11.28797],[106.42158,11.3054],[106.43655,11.31094],[106.45476,11.30697],[106.46714,11.31995],[106.47102,11.32343],[106.47245,11.32544],[106.4726,11.32602],[106.47276,11.32488],[106.47368,11.32435],[106.47344,11.32375],[106.47208,11.3215],[106.47049,11.32063],[106.47009,11.32017],[106.47039,11.3193],[106.46996,11.31853],[106.4705,11.31776],[106.47048,11.31667],[106.47109,11.3162],[106.47115,11.31546],[106.47084,11.31476],[106.47115,11.3136],[106.47043,11.31305],[106.46987,11.3122],[106.46868,11.31138],[106.46864,11.31064],[106.46819,11.30978],[106.46854,11.30904],[106.46829,11.30822],[106.46791,11.30791],[106.46741,11.30806],[106.46676,11.30573],[106.46714,11.30535],[106.47066,11.30366],[106.47127,11.30303],[106.47272,11.30256],[106.47278,11.30174],[106.47222,11.30092],[106.47187,11.29951],[106.47219,11.29796],[106.47343,11.29672],[106.4736,11.29569],[106.47289,11.29512],[106.47263,11.29443],[106.47361,11.29358],[106.47491,11.29293],[106.47493,11.2922],[106.47551,11.29143],[106.47561,11.29018],[106.47644,11.28981],[106.47659,11.2886],[106.47735,11.2884],[106.47765,11.28809],[106.47781,11.28686],[106.47722,11.28671],[106.47705,11.28631],[106.4776,11.28547],[106.47747,11.28472],[106.4781,11.28403],[106.47831,11.28266],[106.47782,11.28173],[106.47883,11.28021],[106.47868,11.27857],[106.47997,11.27765],[106.47998,11.27622],[106.48036,11.27498],[106.48119,11.27432],[106.48214,11.27396],[106.4823,11.27332],[106.48274,11.27284],[106.48229,11.27118],[106.48299,11.27057],[106.48292,11.26906],[106.48346,11.26842],[106.48258,11.26795],[106.4826,11.26759],[106.48311,11.26698],[106.485,11.26633],[106.4851,11.26508],[106.48574,11.26469],[106.48635,11.2638],[106.48743,11.26358],[106.48781,11.26211],[106.48862,11.26157],[106.48805,11.26066],[106.49,11.26013],[106.49005,11.25917],[106.4898,11.25847],[106.49059,11.25763],[106.49096,11.25634],[106.49253,11.25554],[106.49225,11.25436],[106.49263,11.25361],[106.49236,11.25273],[106.49192,11.25213],[106.491,11.25217],[106.49083,11.251],[106.49165,11.24968],[106.49189,11.24876],[106.49059,11.24817],[106.49116,11.24733],[106.49086,11.24605],[106.49185,11.24587],[106.49117,11.24498],[106.49122,11.24372],[106.49189,11.24289],[106.49236,11.24047],[106.49311,11.2395],[106.49392,11.23691],[106.49482,11.23634],[106.49463,11.23526],[106.49605,11.2347],[106.4962,11.23357],[106.49743,11.23322],[106.49753,11.23119],[106.49859,11.23065],[106.49862,11.22976],[106.49918,11.2293],[106.49939,11.22842],[106.50033,11.22706],[106.50197,11.22661],[106.50292,11.22675],[106.50331,11.22584],[106.50411,11.2254],[106.50508,11.2258],[106.50581,11.22479],[106.5065,11.22435],[106.50719,11.22478],[106.50838,11.22422],[106.5094,11.22476],[106.50983,11.22374],[106.51118,11.22429],[106.51201,11.22307],[106.51207,11.22223],[106.51249,11.22194],[106.51324,11.22202],[106.51336,11.22133],[106.51475,11.22141],[106.51452,11.22027],[106.51547,11.22033],[106.51576,11.21949],[106.47811,11.20905],[106.47883,11.20636]]]}},{"type":"Feature","properties":{"code":"25813","name":"Bến Cát","fullName":"Phường Bến Cát","c":[11.20866,106.62819]},"geometry":{"type":"Polygon","coordinates":[[[106.5863,11.15991],[106.58625,11.16046],[106.58597,11.16057],[106.58579,11.16105],[106.58579,11.16248],[106.58556,11.16278],[106.58627,11.16382],[106.5865,11.16492],[106.58632,11.16612],[106.58663,11.16633],[106.5866,11.16699],[106.58722,11.16751],[106.58738,11.16809],[106.58825,11.16921],[106.5894,11.16982],[106.58973,11.17036],[106.5898,11.17111],[106.59012,11.17144],[106.59022,11.1722],[106.59102,11.1731],[106.59032,11.17616],[106.58912,11.17712],[106.58803,11.17661],[106.58728,11.17739],[106.58663,11.1777],[106.58626,11.17918],[106.5867,11.17943],[106.58729,11.18148],[106.58801,11.18198],[106.58867,11.18317],[106.5888,11.18411],[106.58975,11.18564],[106.58979,11.18623],[106.58928,11.18709],[106.58958,11.18841],[106.58947,11.18926],[106.58834,11.19088],[106.58842,11.19166],[106.58909,11.19251],[106.58851,11.19425],[106.58853,11.1956],[106.58785,11.19683],[106.58763,11.19808],[106.58586,11.19957],[106.58558,11.20068],[106.58442,11.20182],[106.58418,11.20239],[106.58507,11.20547],[106.58506,11.20641],[106.58447,11.20818],[106.58203,11.21291],[106.58188,11.21389],[106.58252,11.21477],[106.58194,11.21529],[106.58156,11.21607],[106.57948,11.22475],[106.58476,11.22592],[106.58756,11.22671],[106.58759,11.22703],[106.58901,11.22741],[106.58967,11.22729],[106.58975,11.22751],[106.59124,11.22742],[106.59207,11.22773],[106.59367,11.22771],[106.59431,11.22813],[106.59506,11.22816],[106.59622,11.22782],[106.59721,11.22713],[106.59763,11.22711],[106.59833,11.22814],[106.59842,11.22876],[106.59795,11.22887],[106.59829,11.22976],[106.59801,11.23034],[106.59709,11.23115],[106.59642,11.23127],[106.59653,11.23165],[106.59626,11.23191],[106.59503,11.23188],[106.5942,11.23229],[106.59305,11.23361],[106.59268,11.23455],[106.59207,11.2349],[106.59159,11.23566],[106.58942,11.23732],[106.58813,11.23887],[106.58695,11.2393],[106.58662,11.23965],[106.58533,11.24114],[106.58504,11.24202],[106.58528,11.24376],[106.58602,11.244],[106.58619,11.24451],[106.59266,11.24593],[106.60207,11.24743],[106.6199,11.25072],[106.61873,11.24214],[106.61975,11.24197],[106.61973,11.24156],[106.61843,11.23443],[106.61855,11.23388],[106.62054,11.23057],[106.62112,11.23071],[106.62116,11.23111],[106.62395,11.23069],[106.62433,11.23088],[106.63037,11.2298],[106.63011,11.22835],[106.63156,11.22809],[106.63181,11.2295],[106.63503,11.22888],[106.63394,11.22319],[106.63058,11.21276],[106.63129,11.21268],[106.63207,11.21314],[106.63431,11.21377],[106.63457,11.21406],[106.63594,11.21433],[106.63731,11.21524],[106.63765,11.21522],[106.6382,11.21617],[106.63934,11.21695],[106.64069,11.21872],[106.64129,11.22023],[106.64148,11.22221],[106.64189,11.22365],[106.64251,11.22489],[106.64311,11.22711],[106.64216,11.22809],[106.64153,11.22815],[106.64155,11.2296],[106.64105,11.23076],[106.64113,11.2322],[106.64164,11.23338],[106.64178,11.2361],[106.64183,11.23806],[106.64149,11.2389],[106.64112,11.24148],[106.64137,11.24265],[106.6411,11.24507],[106.64157,11.24696],[106.64144,11.2476],[106.6417,11.24788],[106.64221,11.25013],[106.64193,11.25521],[106.63979,11.25995],[106.64028,11.26045],[106.63953,11.26269],[106.63944,11.26433],[106.63806,11.2673],[106.63785,11.26836],[106.63817,11.27082],[106.64039,11.27637],[106.64089,11.27849],[106.64086,11.27918],[106.63952,11.28235],[106.63923,11.28354],[106.63939,11.2838],[106.66488,11.28447],[106.66478,11.28211],[106.66871,11.28196],[106.66883,11.28652],[106.67358,11.2865],[106.67341,11.28178],[106.68283,11.2815],[106.68242,11.28002],[106.68219,11.27642],[106.68181,11.24891],[106.67945,11.24859],[106.68073,11.23874],[106.6803,11.2362],[106.68043,11.23533],[106.68077,11.23491],[106.6807,11.23284],[106.68107,11.23192],[106.68315,11.23006],[106.68344,11.2291],[106.68205,11.22791],[106.67683,11.22006],[106.67649,11.22032],[106.67527,11.2186],[106.67356,11.21716],[106.67265,11.21708],[106.67173,11.21579],[106.67105,11.21417],[106.66959,11.21375],[106.66158,11.2135],[106.66151,11.21262],[106.661,11.21244],[106.66047,11.21176],[106.65228,11.21183],[106.65225,11.20749],[106.6473,11.20762],[106.64607,11.2073],[106.64641,11.19635],[106.6468,11.19505],[106.64772,11.19357],[106.6513,11.18977],[106.65189,11.18977],[106.65194,11.18939],[106.65152,11.18858],[106.64992,11.18763],[106.64953,11.18773],[106.64887,11.18839],[106.64701,11.18708],[106.64619,11.18602],[106.6452,11.18542],[106.64479,11.18542],[106.64444,11.18462],[106.64275,11.18356],[106.64282,11.18314],[106.6415,11.18319],[106.64006,11.18244],[106.63955,11.18177],[106.63918,11.18175],[106.63891,11.1814],[106.63868,11.1815],[106.63848,11.1811],[106.63732,11.18049],[106.63627,11.17955],[106.63609,11.17926],[106.63631,11.179],[106.63625,11.17826],[106.63497,11.17747],[106.63423,11.1767],[106.63373,11.17687],[106.63272,11.17652],[106.63229,11.17516],[106.63174,11.17431],[106.63031,11.17332],[106.62981,11.1735],[106.62959,11.17314],[106.62887,11.173],[106.62796,11.17183],[106.62669,11.17122],[106.62572,11.17044],[106.62568,11.1696],[106.6249,11.16898],[106.62423,11.16896],[106.62377,11.16931],[106.62355,11.16911],[106.62344,11.16942],[106.62329,11.1691],[106.62265,11.16901],[106.62289,11.16883],[106.62254,11.16838],[106.62149,11.16804],[106.62257,11.16651],[106.62232,11.16601],[106.62252,11.16545],[106.62237,11.16412],[106.62337,11.1622],[106.62221,11.16086],[106.62232,11.16052],[106.6221,11.1603],[106.62261,11.15911],[106.62308,11.1591],[106.62379,11.15981],[106.6258,11.15866],[106.62552,11.15682],[106.62789,11.15589],[106.629,11.1545],[106.63254,11.15345],[106.63294,11.15441],[106.63404,11.15541],[106.63729,11.15199],[106.63055,11.14457],[106.6295,11.14228],[106.62918,11.14225],[106.63039,11.12762],[106.62124,11.1269],[106.61956,11.12413],[106.61732,11.12305],[106.61598,11.12295],[106.61611,11.12249],[106.61468,11.12203],[106.61317,11.12685],[106.61166,11.1284],[106.61054,11.12689],[106.60926,11.12755],[106.60353,11.12691],[106.60364,11.12586],[106.59206,11.12459],[106.59155,11.12893],[106.5889,11.12863],[106.59073,11.13042],[106.59126,11.13584],[106.59218,11.13812],[106.59168,11.14075],[106.59185,11.1416],[106.59247,11.14216],[106.59262,11.1428],[106.59167,11.14499],[106.59156,11.14644],[106.58968,11.14875],[106.58896,11.15008],[106.58782,11.1511],[106.59033,11.15323],[106.58905,11.15371],[106.58823,11.15559],[106.58859,11.15585],[106.58806,11.15746],[106.58843,11.15762],[106.58816,11.15805],[106.58756,11.15802],[106.58729,11.16013],[106.5863,11.15991]]]}},{"type":"Feature","properties":{"code":"25819","name":"Trừ Văn Thố","fullName":"Xã Trừ Văn Thố","c":[11.34528,106.58373]},"geometry":{"type":"Polygon","coordinates":[[[106.57263,11.37617],[106.57475,11.3772],[106.57607,11.37853],[106.57755,11.37907],[106.57964,11.37924],[106.58094,11.38002],[106.58474,11.37997],[106.58842,11.38171],[106.59043,11.38139],[106.59206,11.38074],[106.59312,11.38188],[106.5972,11.38523],[106.5991,11.38634],[106.61323,11.38742],[106.61301,11.38103],[106.61322,11.37739],[106.61615,11.36322],[106.61877,11.36193],[106.62032,11.36191],[106.62202,11.36233],[106.6262,11.35981],[106.62838,11.35979],[106.62942,11.35933],[106.6311,11.35953],[106.63168,11.35909],[106.63232,11.35909],[106.63277,11.35879],[106.63412,11.35901],[106.63443,11.35937],[106.63528,11.35953],[106.63543,11.35919],[106.6358,11.35919],[106.63607,11.35958],[106.63685,11.35976],[106.63849,11.35948],[106.64,11.35972],[106.64238,11.35959],[106.64279,11.36003],[106.64322,11.35986],[106.64408,11.36011],[106.64459,11.35975],[106.64537,11.35983],[106.64532,11.35946],[106.64597,11.35967],[106.64615,11.35919],[106.64671,11.35924],[106.64712,11.35896],[106.64796,11.359],[106.64822,11.35928],[106.64863,11.35919],[106.64868,11.35957],[106.64912,11.35949],[106.64921,11.35987],[106.65024,11.35923],[106.65123,11.35951],[106.65131,11.35984],[106.6517,11.35993],[106.65196,11.35971],[106.65193,11.35938],[106.65231,11.35942],[106.65236,11.35909],[106.65279,11.35903],[106.65287,11.35866],[106.65399,11.35892],[106.65546,11.35679],[106.65743,11.35744],[106.65897,11.35593],[106.65536,11.35253],[106.65396,11.3507],[106.65301,11.34893],[106.65216,11.34853],[106.65165,11.34782],[106.6503,11.34741],[106.64862,11.34602],[106.64764,11.34427],[106.64561,11.34236],[106.64372,11.34136],[106.64569,11.33809],[106.64602,11.33807],[106.64543,11.33415],[106.64643,11.33016],[106.64157,11.32751],[106.62298,11.3326],[106.62041,11.33222],[106.6176,11.33128],[106.61351,11.32846],[106.61104,11.32625],[106.61011,11.326],[106.60294,11.33242],[106.59646,11.3315],[106.59507,11.33153],[106.5942,11.33218],[106.59316,11.33347],[106.59088,11.33424],[106.58877,11.33398],[106.58679,11.33326],[106.58676,11.32749],[106.58487,11.3268],[106.58429,11.32489],[106.58483,11.32328],[106.58625,11.32277],[106.58648,11.30515],[106.5862,11.29459],[106.58635,11.29393],[106.58369,11.29354],[106.58342,11.29324],[106.58241,11.29348],[106.58137,11.29332],[106.57793,11.29468],[106.57664,11.29483],[106.57529,11.29409],[106.57429,11.29394],[106.57411,11.2936],[106.57378,11.29341],[106.57352,11.29355],[106.5732,11.29318],[106.57228,11.29326],[106.57147,11.29285],[106.57053,11.29289],[106.56849,11.29219],[106.56675,11.29243],[106.56245,11.29442],[106.56193,11.29503],[106.56186,11.29547],[106.56095,11.29599],[106.55994,11.29749],[106.55692,11.2996],[106.55505,11.30135],[106.55453,11.30131],[106.55426,11.30174],[106.55376,11.30204],[106.55354,11.30194],[106.55272,11.30286],[106.5527,11.30355],[106.55216,11.30411],[106.55187,11.30512],[106.55145,11.30532],[106.55094,11.30621],[106.54997,11.30653],[106.54984,11.30721],[106.54945,11.30705],[106.5489,11.30756],[106.54893,11.30856],[106.54788,11.30875],[106.54784,11.30926],[106.54749,11.3097],[106.54606,11.31005],[106.54582,11.31034],[106.54591,11.3106],[106.54537,11.31095],[106.54483,11.31076],[106.54415,11.31099],[106.54338,11.31194],[106.54297,11.31194],[106.54261,11.31233],[106.54221,11.31224],[106.54105,11.3127],[106.53972,11.31407],[106.53939,11.314],[106.53839,11.31491],[106.53802,11.31493],[106.53789,11.31544],[106.53741,11.31565],[106.53712,11.31551],[106.53669,11.31596],[106.53665,11.31641],[106.53743,11.31738],[106.53751,11.31838],[106.5384,11.32015],[106.5392,11.32057],[106.54014,11.32211],[106.54094,11.32283],[106.54218,11.32301],[106.54372,11.32385],[106.54434,11.3244],[106.54423,11.32497],[106.54699,11.32634],[106.54705,11.32688],[106.54744,11.32717],[106.54764,11.32774],[106.54889,11.32875],[106.54915,11.3287],[106.54949,11.32937],[106.54983,11.3295],[106.54911,11.32968],[106.54933,11.33022],[106.54883,11.33221],[106.54738,11.33209],[106.547,11.33347],[106.5467,11.3338],[106.54646,11.33558],[106.54304,11.33506],[106.53072,11.37866],[106.53053,11.37861],[106.52975,11.38089],[106.52992,11.38096],[106.5295,11.38357],[106.53002,11.38408],[106.53164,11.38407],[106.53196,11.38446],[106.53244,11.38439],[106.53313,11.38578],[106.5339,11.38575],[106.53419,11.38519],[106.53482,11.3855],[106.53553,11.38535],[106.53606,11.38596],[106.5361,11.38637],[106.53647,11.38654],[106.5363,11.38706],[106.53677,11.38743],[106.53701,11.38744],[106.53718,11.3871],[106.5383,11.38722],[106.53907,11.38786],[106.54098,11.38718],[106.54151,11.3868],[106.54188,11.38589],[106.54261,11.38518],[106.54391,11.38508],[106.54507,11.38382],[106.54681,11.38292],[106.54697,11.38191],[106.54901,11.37975],[106.55019,11.37789],[106.55092,11.37582],[106.55307,11.3731],[106.55439,11.37298],[106.55452,11.37241],[106.55509,11.37184],[106.55549,11.37189],[106.55559,11.37157],[106.55769,11.37084],[106.55797,11.37111],[106.55821,11.3709],[106.55904,11.37101],[106.55964,11.37041],[106.56005,11.37064],[106.5611,11.37041],[106.56193,11.37019],[106.5621,11.3698],[106.56302,11.37001],[106.56305,11.37068],[106.56341,11.37088],[106.56381,11.37078],[106.5651,11.37119],[106.56614,11.37093],[106.56637,11.37148],[106.56836,11.37252],[106.56858,11.373],[106.56963,11.3735],[106.57022,11.37339],[106.57077,11.37386],[106.57113,11.37471],[106.57263,11.37617]]]}},{"type":"Feature","properties":{"code":"25822","name":"Bàu Bàng","fullName":"Xã Bàu Bàng","c":[11.28763,106.62259]},"geometry":{"type":"Polygon","coordinates":[[[106.64643,11.33016],[106.64808,11.32833],[106.64925,11.32769],[106.64996,11.32608],[106.65147,11.32549],[106.65182,11.32512],[106.65222,11.32512],[106.65275,11.32385],[106.65343,11.32336],[106.65409,11.32325],[106.65811,11.31897],[106.6611,11.31881],[106.66171,11.31915],[106.66275,11.31914],[106.66461,11.31771],[106.66578,11.31571],[106.66713,11.31503],[106.66847,11.31363],[106.6695,11.31313],[106.66998,11.31319],[106.67068,11.31246],[106.67213,11.31307],[106.67273,11.31301],[106.67283,11.31339],[106.6735,11.31346],[106.67369,11.31368],[106.6732,11.31417],[106.67441,11.31507],[106.67524,11.31487],[106.67594,11.31569],[106.67643,11.31535],[106.67702,11.31543],[106.67749,11.31634],[106.67843,11.31655],[106.67882,11.31484],[106.68352,11.30593],[106.68373,11.30445],[106.68285,11.2816],[106.67341,11.28178],[106.67358,11.2865],[106.66883,11.28652],[106.66871,11.28196],[106.66478,11.28211],[106.66488,11.28447],[106.63939,11.2838],[106.63923,11.28354],[106.63952,11.28235],[106.64086,11.27918],[106.64089,11.27849],[106.64039,11.27637],[106.63817,11.27082],[106.63785,11.26836],[106.63806,11.2673],[106.63944,11.26433],[106.63953,11.26269],[106.64028,11.26045],[106.63979,11.25995],[106.64193,11.25521],[106.64221,11.25013],[106.6417,11.24788],[106.64144,11.2476],[106.64157,11.24696],[106.6411,11.24507],[106.64137,11.24265],[106.64112,11.24148],[106.64149,11.2389],[106.64183,11.23806],[106.64178,11.2361],[106.64164,11.23338],[106.64113,11.2322],[106.64105,11.23076],[106.64155,11.2296],[106.64153,11.22815],[106.64216,11.22809],[106.64311,11.22711],[106.64148,11.22221],[106.64129,11.22023],[106.64069,11.21872],[106.63987,11.21756],[106.6382,11.21617],[106.63765,11.21522],[106.63731,11.21524],[106.63594,11.21433],[106.63457,11.21406],[106.63402,11.21365],[106.63104,11.21264],[106.63058,11.21276],[106.63394,11.22319],[106.63503,11.22888],[106.63181,11.2295],[106.63156,11.22809],[106.63011,11.22835],[106.63037,11.2298],[106.62433,11.23088],[106.62395,11.23069],[106.62116,11.23111],[106.62112,11.23071],[106.62054,11.23057],[106.61843,11.23418],[106.61973,11.24156],[106.61975,11.24197],[106.61873,11.24214],[106.6199,11.25072],[106.60207,11.24743],[106.59266,11.24593],[106.58619,11.24451],[106.5862,11.24477],[106.5873,11.24586],[106.58731,11.24636],[106.58844,11.24773],[106.58986,11.25047],[106.58989,11.25182],[106.58952,11.25362],[106.58957,11.25448],[106.58988,11.25476],[106.58949,11.25482],[106.58849,11.25912],[106.58879,11.25919],[106.58831,11.26292],[106.58081,11.26196],[106.57649,11.26168],[106.57461,11.26597],[106.57361,11.26563],[106.56857,11.29059],[106.56741,11.29047],[106.56739,11.29242],[106.56849,11.29219],[106.57053,11.29289],[106.57147,11.29285],[106.57228,11.29326],[106.5732,11.29318],[106.57352,11.29355],[106.57378,11.29341],[106.57411,11.2936],[106.57429,11.29394],[106.57529,11.29409],[106.57664,11.29483],[106.57793,11.29468],[106.58137,11.29332],[106.58241,11.29348],[106.58342,11.29324],[106.58369,11.29354],[106.58635,11.29393],[106.5862,11.29459],[106.58648,11.30515],[106.58625,11.32277],[106.58483,11.32328],[106.58429,11.32489],[106.58487,11.3268],[106.58676,11.32749],[106.58679,11.33326],[106.58877,11.33398],[106.59088,11.33424],[106.59316,11.33347],[106.5942,11.33218],[106.59507,11.33153],[106.59646,11.3315],[106.60294,11.33242],[106.61011,11.326],[106.61104,11.32625],[106.61351,11.32846],[106.6176,11.33128],[106.62041,11.33222],[106.62298,11.3326],[106.64157,11.32751],[106.64643,11.33016]]]}},{"type":"Feature","properties":{"code":"25837","name":"Chánh Phú Hoà","fullName":"Phường Chánh Phú Hoà","c":[11.18492,106.67047]},"geometry":{"type":"Polygon","coordinates":[[[106.71653,11.257],[106.71753,11.25698],[106.71998,11.25837],[106.72104,11.25869],[106.72085,11.25843],[106.72089,11.25655],[106.72107,11.25655],[106.72102,11.25209],[106.71954,11.25208],[106.71657,11.24758],[106.71612,11.2478],[106.71469,11.24573],[106.71422,11.24549],[106.71385,11.24444],[106.71275,11.24295],[106.71169,11.24288],[106.71169,11.24134],[106.71122,11.2409],[106.70938,11.2395],[106.70624,11.23916],[106.70636,11.23707],[106.70576,11.23666],[106.70432,11.2364],[106.70458,11.23426],[106.70511,11.23406],[106.7061,11.23313],[106.70594,11.23175],[106.70627,11.23019],[106.70825,11.22471],[106.7103,11.22488],[106.71203,11.21083],[106.72141,11.20335],[106.72172,11.20281],[106.709,11.20142],[106.70893,11.2019],[106.70775,11.20175],[106.70667,11.20103],[106.70502,11.20105],[106.70381,11.20061],[106.70111,11.19806],[106.69934,11.19672],[106.69897,11.1966],[106.69756,11.19698],[106.69676,11.19673],[106.69564,11.19542],[106.69618,11.19479],[106.69585,11.19412],[106.69488,11.19326],[106.69207,11.19185],[106.69083,11.19076],[106.68763,11.18619],[106.68457,11.18307],[106.68362,11.18262],[106.68317,11.18032],[106.6832,11.178],[106.68342,11.17784],[106.67946,11.16266],[106.67934,11.16201],[106.68029,11.16208],[106.68021,11.16122],[106.67901,11.15778],[106.68041,11.15756],[106.68011,11.15527],[106.68102,11.1554],[106.68203,11.15521],[106.68234,11.15418],[106.68221,11.15367],[106.68265,11.15349],[106.68254,11.15219],[106.68347,11.15073],[106.68366,11.1487],[106.68349,11.14686],[106.68378,11.14567],[106.68346,11.14556],[106.68331,11.14427],[106.6835,11.14343],[106.68397,11.14309],[106.68329,11.14199],[106.68332,11.14103],[106.68385,11.13972],[106.68469,11.13927],[106.68449,11.13778],[106.68521,11.13634],[106.6852,11.13589],[106.68566,11.13566],[106.68594,11.13411],[106.68579,11.13376],[106.68654,11.13225],[106.68712,11.13217],[106.6875,11.13076],[106.68849,11.12875],[106.68693,11.12825],[106.68584,11.12758],[106.68423,11.12753],[106.67865,11.12892],[106.67913,11.12764],[106.67684,11.12817],[106.67675,11.12728],[106.67578,11.128],[106.67343,11.12852],[106.67324,11.12948],[106.66977,11.1291],[106.66931,11.13059],[106.66857,11.13044],[106.66748,11.13102],[106.66622,11.13111],[106.66598,11.13015],[106.66458,11.13031],[106.66435,11.13292],[106.6555,11.13303],[106.6555,11.13329],[106.64007,11.13345],[106.63941,11.13289],[106.63902,11.12157],[106.63655,11.11787],[106.63611,11.11762],[106.63457,11.11715],[106.63074,11.11835],[106.63098,11.11918],[106.63101,11.12148],[106.62918,11.14225],[106.6295,11.14228],[106.63055,11.14457],[106.63729,11.15199],[106.63404,11.15541],[106.63294,11.15441],[106.63254,11.15345],[106.629,11.1545],[106.62789,11.15589],[106.62552,11.15682],[106.6258,11.15866],[106.62379,11.15981],[106.62308,11.1591],[106.62261,11.15911],[106.6221,11.1603],[106.62232,11.16052],[106.62221,11.16086],[106.62337,11.1622],[106.62237,11.16412],[106.62252,11.16545],[106.62232,11.16601],[106.62257,11.16651],[106.62149,11.16804],[106.62254,11.16838],[106.62289,11.16883],[106.62265,11.16901],[106.62329,11.1691],[106.62344,11.16942],[106.62355,11.16911],[106.62377,11.16931],[106.62423,11.16896],[106.6249,11.16898],[106.62568,11.1696],[106.62572,11.17044],[106.62669,11.17122],[106.62796,11.17183],[106.62887,11.173],[106.62959,11.17314],[106.62981,11.1735],[106.63031,11.17332],[106.63174,11.17431],[106.63229,11.17516],[106.63272,11.17652],[106.63373,11.17687],[106.63423,11.1767],[106.63497,11.17747],[106.63625,11.17826],[106.63631,11.179],[106.63609,11.17926],[106.63627,11.17955],[106.63732,11.18049],[106.63848,11.1811],[106.63868,11.1815],[106.63891,11.1814],[106.63918,11.18175],[106.63955,11.18177],[106.64006,11.18244],[106.6415,11.18319],[106.64282,11.18314],[106.64275,11.18356],[106.64444,11.18462],[106.64479,11.18542],[106.6452,11.18542],[106.64619,11.18602],[106.64701,11.18708],[106.64887,11.18839],[106.64953,11.18773],[106.64992,11.18763],[106.65152,11.18858],[106.65194,11.18939],[106.65189,11.18977],[106.6513,11.18977],[106.64772,11.19357],[106.6468,11.19505],[106.64641,11.19635],[106.64607,11.2073],[106.6473,11.20762],[106.65225,11.20749],[106.65228,11.21183],[106.66047,11.21176],[106.661,11.21244],[106.66151,11.21262],[106.66158,11.2135],[106.66959,11.21375],[106.67105,11.21417],[106.67173,11.21579],[106.67265,11.21708],[106.67356,11.21716],[106.67527,11.2186],[106.67649,11.22032],[106.67683,11.22006],[106.68205,11.22791],[106.68344,11.2291],[106.68315,11.23006],[106.68107,11.23192],[106.6807,11.23284],[106.68077,11.23491],[106.68043,11.23533],[106.6803,11.2362],[106.68073,11.23874],[106.67945,11.24859],[106.70706,11.25196],[106.70703,11.25375],[106.70897,11.2545],[106.71032,11.25781],[106.711,11.25848],[106.71241,11.2592],[106.71435,11.25894],[106.71653,11.257]]]}},{"type":"Feature","properties":{"code":"25840","name":"Long Nguyên","fullName":"Phường Long Nguyên","c":[11.18629,106.56023]},"geometry":{"type":"Polygon","coordinates":[[[106.5863,11.15991],[106.58729,11.16013],[106.58756,11.15802],[106.58816,11.15805],[106.58843,11.15762],[106.58806,11.15746],[106.58859,11.15585],[106.58823,11.15559],[106.58905,11.15371],[106.59033,11.15323],[106.58782,11.1511],[106.58896,11.15008],[106.58968,11.14875],[106.59156,11.14644],[106.59167,11.14499],[106.59262,11.1428],[106.59247,11.14216],[106.59185,11.1416],[106.59168,11.14075],[106.59218,11.13812],[106.59126,11.13584],[106.59073,11.13042],[106.58827,11.12816],[106.58636,11.12599],[106.58392,11.1246],[106.58223,11.1233],[106.58117,11.12179],[106.58081,11.12045],[106.58222,11.11896],[106.58368,11.11525],[106.58423,11.11444],[106.58598,11.11317],[106.58758,11.1113],[106.58855,11.11075],[106.59042,11.11027],[106.59142,11.10948],[106.59498,11.10442],[106.59674,11.10078],[106.59705,11.09943],[106.59653,11.09702],[106.59547,11.09467],[106.59543,11.09168],[106.59487,11.0882],[106.59324,11.08478],[106.59251,11.08409],[106.59109,11.08341],[106.59085,11.08302],[106.591,11.08167],[106.59178,11.0792],[106.59378,11.07608],[106.59225,11.07493],[106.59058,11.07303],[106.5893,11.07437],[106.58749,11.07727],[106.58627,11.08023],[106.58611,11.08269],[106.58524,11.08547],[106.57341,11.07925],[106.5717,11.08196],[106.5696,11.08456],[106.56887,11.08592],[106.56797,11.08577],[106.56801,11.10081],[106.56189,11.10073],[106.56185,11.1166],[106.56214,11.12608],[106.55439,11.12602],[106.55436,11.13319],[106.55155,11.13317],[106.55155,11.13431],[106.55098,11.13669],[106.54944,11.13625],[106.54901,11.13783],[106.54857,11.13771],[106.5421,11.15915],[106.54445,11.15984],[106.54398,11.16154],[106.54428,11.16521],[106.54397,11.16545],[106.54394,11.16652],[106.54284,11.16686],[106.54216,11.1665],[106.54149,11.16661],[106.54066,11.1664],[106.53978,11.16713],[106.53869,11.16696],[106.53811,11.16761],[106.53651,11.1677],[106.53628,11.16876],[106.53409,11.16968],[106.53261,11.17196],[106.53206,11.17236],[106.53218,11.17299],[106.53167,11.17354],[106.53243,11.17469],[106.53254,11.17628],[106.53224,11.17777],[106.53188,11.17784],[106.53069,11.17738],[106.52991,11.17755],[106.52943,11.17851],[106.52864,11.17879],[106.52836,11.17958],[106.52721,11.18075],[106.52692,11.18162],[106.52702,11.18264],[106.52571,11.18304],[106.52561,11.18369],[106.52462,11.18427],[106.52396,11.18537],[106.52392,11.18576],[106.52432,11.1862],[106.52332,11.18666],[106.52336,11.18784],[106.52301,11.1884],[106.52329,11.18935],[106.52328,11.19068],[106.52247,11.19112],[106.52238,11.19184],[106.52153,11.1929],[106.52158,11.19364],[106.52231,11.194],[106.52144,11.19468],[106.52142,11.19559],[106.52156,11.1958],[106.52234,11.19575],[106.52252,11.196],[106.52214,11.19676],[106.52226,11.19741],[106.52114,11.19807],[106.52175,11.19845],[106.52186,11.19885],[106.52158,11.19915],[106.52077,11.19937],[106.52053,11.20028],[106.51986,11.20018],[106.5196,11.20049],[106.51966,11.20111],[106.52019,11.2021],[106.52014,11.20296],[106.52064,11.20354],[106.52166,11.20383],[106.52125,11.20468],[106.5218,11.20548],[106.52165,11.20659],[106.52136,11.20704],[106.52164,11.20795],[106.52064,11.20941],[106.52119,11.21038],[106.52034,11.21217],[106.51946,11.2131],[106.51837,11.21325],[106.51773,11.21438],[106.51798,11.21528],[106.51763,11.21616],[106.51821,11.21786],[106.51761,11.21788],[106.51691,11.21942],[106.51577,11.21949],[106.51543,11.22035],[106.51455,11.22023],[106.51473,11.22142],[106.51336,11.22133],[106.51324,11.22202],[106.51249,11.22194],[106.51214,11.22215],[106.51201,11.22307],[106.51118,11.22429],[106.50983,11.22374],[106.5094,11.22476],[106.50838,11.22422],[106.50719,11.22478],[106.5065,11.22435],[106.50581,11.22479],[106.50508,11.2258],[106.50413,11.2254],[106.50346,11.22571],[106.50292,11.22675],[106.50205,11.2266],[106.50041,11.227],[106.49939,11.22842],[106.49918,11.2293],[106.49862,11.22976],[106.49859,11.23065],[106.49753,11.23119],[106.49751,11.23303],[106.4983,11.23343],[106.49886,11.23234],[106.49962,11.23181],[106.50029,11.23053],[106.50229,11.23006],[106.50481,11.22898],[106.5062,11.22724],[106.50825,11.22679],[106.51037,11.22758],[106.51159,11.23014],[106.51157,11.23144],[106.50993,11.23434],[106.5124,11.23612],[106.51327,11.23772],[106.51455,11.23854],[106.51612,11.23922],[106.51861,11.2384],[106.51933,11.23982],[106.52054,11.24048],[106.51879,11.24526],[106.51788,11.2467],[106.52032,11.24774],[106.52124,11.24909],[106.52246,11.24849],[106.52545,11.24907],[106.52747,11.2502],[106.52787,11.24975],[106.52995,11.25082],[106.52946,11.2515],[106.53034,11.25219],[106.53042,11.25266],[106.53157,11.25244],[106.53165,11.25202],[106.53213,11.25247],[106.53327,11.25187],[106.53443,11.2521],[106.53465,11.25228],[106.53544,11.25522],[106.53786,11.25783],[106.54146,11.25853],[106.54566,11.25439],[106.54884,11.25703],[106.55196,11.25703],[106.55287,11.25724],[106.55311,11.25783],[106.55492,11.25825],[106.5549,11.25856],[106.55592,11.25937],[106.55758,11.25477],[106.56856,11.25829],[106.57501,11.26146],[106.58831,11.26292],[106.58879,11.25919],[106.58849,11.25912],[106.58949,11.25482],[106.58988,11.25476],[106.58957,11.25448],[106.58952,11.25362],[106.58989,11.25182],[106.58986,11.25047],[106.58844,11.24773],[106.58731,11.24636],[106.5873,11.24586],[106.5862,11.24477],[106.58602,11.244],[106.58528,11.24376],[106.58504,11.24202],[106.58533,11.24114],[106.58662,11.23965],[106.58695,11.2393],[106.58813,11.23887],[106.58942,11.23732],[106.59159,11.23566],[106.59207,11.2349],[106.59268,11.23455],[106.59305,11.23361],[106.5942,11.23229],[106.59503,11.23188],[106.59626,11.23191],[106.59653,11.23165],[106.59642,11.23127],[106.59709,11.23115],[106.59801,11.23034],[106.59829,11.22976],[106.59795,11.22887],[106.59832,11.22888],[106.59842,11.22865],[106.59833,11.22814],[106.59763,11.22711],[106.59721,11.22713],[106.59622,11.22782],[106.59506,11.22816],[106.59431,11.22813],[106.59367,11.22771],[106.59207,11.22773],[106.59124,11.22742],[106.58975,11.22751],[106.58967,11.22729],[106.58901,11.22741],[106.58759,11.22703],[106.58756,11.22671],[106.58476,11.22592],[106.57948,11.22475],[106.58156,11.21607],[106.58194,11.21529],[106.58252,11.21477],[106.58188,11.21389],[106.58203,11.21291],[106.58447,11.20818],[106.58506,11.20641],[106.58507,11.20547],[106.58418,11.20239],[106.58442,11.20182],[106.58558,11.20068],[106.58586,11.19957],[106.58763,11.19808],[106.58785,11.19683],[106.58853,11.1956],[106.58851,11.19425],[106.58909,11.19251],[106.58842,11.19166],[106.58834,11.19088],[106.58947,11.18926],[106.58958,11.18841],[106.58928,11.18709],[106.58979,11.18623],[106.58975,11.18564],[106.5888,11.18411],[106.58867,11.18317],[106.58801,11.18198],[106.58729,11.18148],[106.5867,11.17943],[106.58626,11.17918],[106.58663,11.1777],[106.58728,11.17739],[106.58803,11.17661],[106.58912,11.17712],[106.59032,11.17616],[106.59102,11.1731],[106.59022,11.1722],[106.59012,11.17144],[106.5898,11.17111],[106.58973,11.17036],[106.5894,11.16982],[106.58825,11.16921],[106.58738,11.16809],[106.58722,11.16751],[106.5866,11.16699],[106.58663,11.16633],[106.58632,11.16612],[106.5865,11.16492],[106.58627,11.16382],[106.58556,11.16278],[106.58579,11.16248],[106.58579,11.16105],[106.58597,11.16057],[106.58625,11.16046],[106.5863,11.15991]]]}},{"type":"Feature","properties":{"code":"25843","name":"Tây Nam","fullName":"Phường Tây Nam","c":[11.14566,106.50793]},"geometry":{"type":"Polygon","coordinates":[[[106.57336,11.07923],[106.56705,11.07601],[106.56826,11.07526],[106.56729,11.07335],[106.56631,11.07374],[106.56436,11.06996],[106.56449,11.06984],[106.56418,11.06927],[106.56434,11.06899],[106.56317,11.06765],[106.56264,11.0662],[106.5614,11.06424],[106.55917,11.06224],[106.55706,11.05886],[106.55583,11.05742],[106.55637,11.05677],[106.55691,11.0552],[106.55715,11.05506],[106.55736,11.05534],[106.55763,11.05524],[106.5594,11.05314],[106.5603,11.05309],[106.56058,11.05278],[106.56063,11.05189],[106.55997,11.05022],[106.55912,11.0495],[106.55866,11.04839],[106.55899,11.04703],[106.55875,11.0455],[106.55546,11.0458],[106.552,11.04569],[106.55009,11.04618],[106.54853,11.04743],[106.54738,11.05058],[106.54587,11.05226],[106.54373,11.05359],[106.53756,11.05578],[106.53441,11.05757],[106.53332,11.05853],[106.53241,11.05975],[106.52933,11.06604],[106.52841,11.06713],[106.52619,11.06848],[106.52529,11.06951],[106.52444,11.07141],[106.52388,11.07384],[106.52469,11.0769],[106.5268,11.08087],[106.52874,11.08311],[106.5316,11.08555],[106.53343,11.08792],[106.5338,11.08892],[106.53364,11.0906],[106.53287,11.0916],[106.53198,11.09209],[106.53002,11.09238],[106.52761,11.09185],[106.52459,11.09002],[106.52284,11.08995],[106.52155,11.09125],[106.51789,11.09686],[106.51746,11.09794],[106.51658,11.09905],[106.51621,11.10038],[106.51645,11.10152],[106.51757,11.10218],[106.52435,11.10389],[106.52541,11.10465],[106.52618,11.10563],[106.52662,11.10696],[106.5272,11.11164],[106.52783,11.11467],[106.52686,11.11799],[106.52691,11.12029],[106.52662,11.12119],[106.526,11.12154],[106.52336,11.12143],[106.52126,11.12193],[106.51749,11.12427],[106.51604,11.12555],[106.51439,11.1277],[106.51157,11.13516],[106.50874,11.13899],[106.50817,11.14036],[106.50803,11.14136],[106.50755,11.14188],[106.50625,11.14201],[106.50246,11.1403],[106.50149,11.14027],[106.4999,11.14081],[106.49795,11.14218],[106.49633,11.14299],[106.49177,11.14438],[106.48953,11.14465],[106.48612,11.14389],[106.48238,11.14236],[106.4788,11.14227],[106.47458,11.14302],[106.47263,11.14311],[106.47201,11.1434],[106.46948,11.14615],[106.46769,11.1475],[106.46741,11.1481],[106.46762,11.14877],[106.46937,11.15059],[106.47066,11.15269],[106.47112,11.15381],[106.47097,11.15445],[106.47002,11.15545],[106.46791,11.15612],[106.46668,11.15683],[106.46573,11.15763],[106.46407,11.15968],[106.46343,11.15997],[106.4623,11.15963],[106.46128,11.15889],[106.45894,11.15856],[106.45829,11.15882],[106.45763,11.15959],[106.45668,11.16013],[106.45589,11.16023],[106.4549,11.15983],[106.45314,11.15861],[106.45195,11.15664],[106.4515,11.15339],[106.45184,11.15181],[106.45343,11.15161],[106.45419,11.15187],[106.45544,11.1529],[106.45671,11.15337],[106.45768,11.1527],[106.45818,11.15085],[106.45824,11.14764],[106.45791,11.14521],[106.45618,11.14095],[106.45239,11.13705],[106.45112,11.13626],[106.44918,11.13595],[106.44409,11.1361],[106.44239,11.13677],[106.4397,11.13891],[106.43878,11.1393],[106.43811,11.13992],[106.43672,11.14045],[106.4356,11.14157],[106.43438,11.14373],[106.43101,11.147],[106.42985,11.14885],[106.43005,11.14978],[106.43068,11.15011],[106.43186,11.15012],[106.433,11.151],[106.43412,11.15294],[106.43657,11.15577],[106.43685,11.15788],[106.43646,11.16065],[106.43585,11.1618],[106.43353,11.1645],[106.43313,11.16547],[106.43257,11.16898],[106.43256,11.17099],[106.43157,11.17323],[106.4303,11.17464],[106.42955,11.17469],[106.42899,11.17432],[106.43109,11.17745],[106.43277,11.17885],[106.43299,11.17928],[106.43376,11.17944],[106.43189,11.18836],[106.46314,11.19518],[106.47922,11.20489],[106.47811,11.20905],[106.50784,11.21744],[106.51576,11.21949],[106.51692,11.21941],[106.51759,11.2179],[106.51823,11.21779],[106.51763,11.21616],[106.51798,11.21528],[106.51774,11.21434],[106.5184,11.21323],[106.51943,11.21312],[106.52021,11.21235],[106.52117,11.21047],[106.52114,11.21007],[106.52062,11.20946],[106.52164,11.20795],[106.52136,11.20704],[106.52165,11.20659],[106.5218,11.20548],[106.52125,11.20468],[106.52166,11.20383],[106.52064,11.20354],[106.52014,11.20296],[106.52019,11.2021],[106.51966,11.20111],[106.5196,11.20049],[106.51986,11.20018],[106.52053,11.20028],[106.5208,11.19934],[106.52177,11.199],[106.5218,11.19852],[106.52116,11.198],[106.52228,11.19736],[106.52214,11.19676],[106.52249,11.19588],[106.52152,11.19578],[106.52135,11.19496],[106.52231,11.19396],[106.5216,11.19366],[106.52152,11.19296],[106.52168,11.19247],[106.52238,11.19184],[106.52247,11.19112],[106.52328,11.19068],[106.52329,11.18935],[106.52299,11.18857],[106.52337,11.18781],[106.5233,11.1867],[106.52429,11.18628],[106.5243,11.18601],[106.52392,11.18576],[106.52394,11.1854],[106.52462,11.18427],[106.52561,11.18369],[106.52565,11.1831],[106.52702,11.18264],[106.52707,11.18103],[106.52836,11.17958],[106.52864,11.17879],[106.52937,11.17857],[106.53004,11.17746],[106.53076,11.17738],[106.5319,11.17785],[106.53226,11.17775],[106.53254,11.17628],[106.53243,11.17469],[106.53167,11.17354],[106.53218,11.17299],[106.53206,11.17236],[106.53261,11.17196],[106.53409,11.16968],[106.53628,11.16876],[106.53651,11.1677],[106.53811,11.16761],[106.53869,11.16696],[106.53978,11.16713],[106.54066,11.1664],[106.54149,11.16661],[106.54216,11.1665],[106.54284,11.16686],[106.54393,11.16655],[106.54397,11.16545],[106.54428,11.16521],[106.54398,11.16154],[106.54445,11.15984],[106.5421,11.15915],[106.54857,11.13771],[106.54901,11.13783],[106.54944,11.13625],[106.55098,11.13669],[106.55155,11.13431],[106.55155,11.13317],[106.55436,11.13319],[106.55439,11.12602],[106.56214,11.12608],[106.56185,11.1166],[106.56189,11.10073],[106.56801,11.10081],[106.56797,11.08577],[106.56887,11.08592],[106.5696,11.08456],[106.5717,11.08196],[106.57336,11.07923]]]}},{"type":"Feature","properties":{"code":"25846","name":"Thới Hoà","fullName":"Phường Thới Hoà","c":[11.10422,106.62294]},"geometry":{"type":"Polygon","coordinates":[[[106.65014,11.13333],[106.6555,11.13329],[106.65542,11.12362],[106.65764,11.12342],[106.65812,11.1224],[106.65889,11.12234],[106.65758,11.10765],[106.65663,11.10766],[106.65655,11.09706],[106.65829,11.09704],[106.65861,11.09618],[106.65882,11.09552],[106.65764,11.09396],[106.65856,11.09159],[106.63738,11.08003],[106.62788,11.07619],[106.62676,11.07924],[106.62227,11.07956],[106.61907,11.08011],[106.61719,11.08141],[106.61549,11.08311],[106.61402,11.0807],[106.61407,11.08037],[106.61484,11.08014],[106.61494,11.0799],[106.61414,11.07948],[106.6136,11.07848],[106.61273,11.07801],[106.61219,11.07835],[106.61087,11.07788],[106.60897,11.07811],[106.6059,11.07396],[106.60416,11.07206],[106.59661,11.07463],[106.5952,11.07556],[106.59378,11.07608],[106.59178,11.0792],[106.591,11.08167],[106.59085,11.08302],[106.59109,11.08341],[106.59251,11.08409],[106.59324,11.08478],[106.59489,11.08824],[106.59544,11.0918],[106.59547,11.09467],[106.59664,11.09736],[106.59705,11.09936],[106.59693,11.10027],[106.59477,11.10479],[106.59135,11.10956],[106.59042,11.11027],[106.58855,11.11075],[106.58747,11.11137],[106.58613,11.11302],[106.5843,11.11438],[106.58375,11.11511],[106.58222,11.11896],[106.58081,11.12045],[106.58117,11.12179],[106.58223,11.1233],[106.58392,11.1246],[106.5863,11.12594],[106.5889,11.12863],[106.59155,11.12893],[106.59206,11.12459],[106.60364,11.12586],[106.60353,11.12691],[106.60926,11.12755],[106.61054,11.12689],[106.61166,11.1284],[106.61317,11.12685],[106.61468,11.12203],[106.61611,11.12249],[106.61598,11.12295],[106.61732,11.12305],[106.61956,11.12413],[106.62124,11.1269],[106.63039,11.12762],[106.63101,11.12148],[106.63098,11.11918],[106.63074,11.11835],[106.63457,11.11715],[106.63648,11.11779],[106.63912,11.12179],[106.6395,11.1331],[106.64031,11.13348],[106.65014,11.13333]]]}},{"type":"Feature","properties":{"code":"25849","name":"Hoà Lợi","fullName":"Phường Hoà Lợi","c":[11.08225,106.64991]},"geometry":{"type":"Polygon","coordinates":[[[106.62892,11.04391],[106.626,11.04395],[106.62535,11.04445],[106.62514,11.04567],[106.62537,11.04672],[106.62464,11.04786],[106.62429,11.04803],[106.62497,11.04976],[106.62458,11.0515],[106.62491,11.05214],[106.62438,11.05279],[106.62419,11.0538],[106.61731,11.05146],[106.61658,11.05148],[106.61564,11.05114],[106.61461,11.05284],[106.61431,11.05542],[106.61477,11.05643],[106.61662,11.05794],[106.61611,11.05963],[106.61438,11.06252],[106.61349,11.06327],[106.61102,11.06396],[106.60645,11.06681],[106.60588,11.06793],[106.60602,11.06881],[106.60654,11.06961],[106.60651,11.07051],[106.60588,11.07135],[106.60416,11.07206],[106.60441,11.07249],[106.6059,11.07396],[106.60897,11.07811],[106.61087,11.07788],[106.61219,11.07835],[106.61273,11.07801],[106.6136,11.07848],[106.61414,11.07948],[106.61494,11.0799],[106.61484,11.08014],[106.61407,11.08037],[106.61402,11.0807],[106.61549,11.08311],[106.61719,11.08141],[106.61907,11.08011],[106.62227,11.07956],[106.62676,11.07924],[106.62788,11.07619],[106.63738,11.08003],[106.65856,11.09159],[106.65764,11.09396],[106.65882,11.09552],[106.65861,11.09618],[106.65829,11.09704],[106.65655,11.09706],[106.65663,11.10766],[106.65758,11.10765],[106.65889,11.12234],[106.65812,11.1224],[106.65764,11.12342],[106.65542,11.12362],[106.6555,11.13303],[106.66435,11.13292],[106.66458,11.13031],[106.66598,11.13015],[106.66622,11.13111],[106.66748,11.13102],[106.66857,11.13044],[106.66931,11.13059],[106.66977,11.1291],[106.67324,11.12948],[106.67343,11.12852],[106.67578,11.128],[106.67675,11.12728],[106.67684,11.12817],[106.67913,11.12764],[106.67865,11.12892],[106.68423,11.12753],[106.68584,11.12758],[106.68693,11.12825],[106.68849,11.12875],[106.68942,11.12745],[106.68946,11.12675],[106.69,11.12659],[106.69048,11.12578],[106.6904,11.12427],[106.69103,11.12374],[106.69172,11.12373],[106.69232,11.12237],[106.69219,11.12173],[106.69266,11.12114],[106.69251,11.12081],[106.69268,11.11999],[106.69305,11.11975],[106.69299,11.11896],[106.69353,11.1185],[106.6937,11.11721],[106.6935,11.11531],[106.69415,11.11388],[106.69363,11.11343],[106.69359,11.11248],[106.69295,11.11118],[106.69267,11.10932],[106.69297,11.10874],[106.69254,11.10833],[106.69249,11.10712],[106.69301,11.10634],[106.69348,11.10606],[106.69352,11.10524],[106.69295,11.1047],[106.69351,11.10435],[106.69365,11.10356],[106.69289,11.10275],[106.69013,11.10202],[106.68875,11.10862],[106.68896,11.10933],[106.68858,11.10955],[106.6891,11.11028],[106.68818,11.11119],[106.68879,11.11176],[106.6882,11.11267],[106.68707,11.11266],[106.68679,11.1129],[106.68606,11.11216],[106.68556,11.11235],[106.68542,11.11181],[106.68393,11.11225],[106.68395,11.11208],[106.68314,11.11194],[106.68299,11.11138],[106.68213,11.11119],[106.68001,11.11141],[106.67988,11.11044],[106.67883,11.1106],[106.67873,11.1103],[106.67774,11.11048],[106.67759,11.11013],[106.67589,11.11034],[106.67581,11.10963],[106.67501,11.10975],[106.67485,11.10872],[106.67384,11.10891],[106.67359,11.10868],[106.67298,11.10873],[106.67275,11.10845],[106.67217,11.1085],[106.67201,11.10796],[106.67141,11.10795],[106.67124,11.10765],[106.66965,11.10787],[106.66909,11.10735],[106.66725,11.10726],[106.66707,11.10281],[106.66761,11.0999],[106.66754,11.09697],[106.66812,11.09528],[106.66719,11.09509],[106.6669,11.09296],[106.66895,11.09151],[106.66956,11.09001],[106.66992,11.08792],[106.67078,11.08717],[106.66791,11.07941],[106.67018,11.07857],[106.66921,11.07601],[106.66697,11.07687],[106.6663,11.07504],[106.66479,11.07433],[106.66326,11.07078],[106.66352,11.07064],[106.6641,11.06815],[106.66445,11.06379],[106.66391,11.06369],[106.66409,11.06353],[106.66417,11.06153],[106.6636,11.057],[106.66181,11.057],[106.66052,11.05731],[106.65959,11.05696],[106.65937,11.05766],[106.65804,11.05794],[106.65792,11.05845],[106.65361,11.05811],[106.65395,11.05639],[106.65368,11.05354],[106.65325,11.05253],[106.64694,11.04579],[106.64007,11.03418],[106.63415,11.04495],[106.63035,11.04321],[106.6302,11.04281],[106.62969,11.04289],[106.62932,11.04368],[106.62892,11.04391]]]}},{"type":"Feature","properties":{"code":"25858","name":"Phú Giáo","fullName":"Xã Phú Giáo","c":[11.30849,106.86046]},"geometry":{"type":"Polygon","coordinates":[[[106.82917,11.38049],[106.83428,11.38052],[106.83567,11.37932],[106.83551,11.37717],[106.83818,11.37692],[106.83929,11.37626],[106.8399,11.37543],[106.84151,11.37497],[106.84625,11.3756],[106.84755,11.37611],[106.84871,11.37594],[106.8513,11.37617],[106.85279,11.37683],[106.85396,11.37652],[106.85468,11.37669],[106.85492,11.37584],[106.85537,11.37558],[106.85545,11.37496],[106.8563,11.37507],[106.85674,11.37489],[106.85666,11.3741],[106.85722,11.37324],[106.85704,11.37221],[106.85577,11.37066],[106.85551,11.36964],[106.85696,11.36913],[106.85734,11.36864],[106.8572,11.36581],[106.85797,11.36447],[106.85769,11.36288],[106.85854,11.36203],[106.85852,11.36139],[106.85818,11.36053],[106.8571,11.35995],[106.85655,11.36005],[106.85474,11.36148],[106.85444,11.3613],[106.85439,11.36077],[106.85523,11.35782],[106.85563,11.35772],[106.85647,11.35839],[106.85672,11.3581],[106.85578,11.35361],[106.85591,11.35281],[106.85815,11.35003],[106.85861,11.34992],[106.85936,11.35084],[106.86015,11.35013],[106.86052,11.34924],[106.86017,11.34871],[106.85868,11.34865],[106.85718,11.34741],[106.8568,11.34683],[106.85672,11.34593],[106.85729,11.34539],[106.85823,11.34558],[106.85908,11.34545],[106.86148,11.3444],[106.863,11.34242],[106.86331,11.34],[106.86306,11.3384],[106.86155,11.33556],[106.86127,11.33536],[106.85953,11.33578],[106.85858,11.33537],[106.85679,11.33084],[106.85586,11.33007],[106.85544,11.32925],[106.85554,11.32833],[106.85633,11.32705],[106.85634,11.32589],[106.85672,11.32482],[106.85667,11.32425],[106.85549,11.32188],[106.85715,11.31715],[106.85699,11.31464],[106.85751,11.31436],[106.85925,11.31525],[106.86031,11.3147],[106.86231,11.31424],[106.8635,11.31426],[106.86536,11.31493],[106.86633,11.31475],[106.86657,11.3145],[106.86649,11.31355],[106.86527,11.312],[106.86508,11.3108],[106.86605,11.31062],[106.86676,11.31173],[106.86747,11.31131],[106.86916,11.31102],[106.87026,11.30968],[106.87185,11.30982],[106.87403,11.30889],[106.87474,11.30799],[106.87495,11.3073],[106.87534,11.30764],[106.87542,11.30845],[106.87503,11.30891],[106.87457,11.31043],[106.87431,11.3125],[106.87295,11.3138],[106.87231,11.31756],[106.8713,11.31807],[106.87098,11.31854],[106.87084,11.31929],[106.87004,11.32026],[106.86994,11.32147],[106.87112,11.3252],[106.87252,11.32739],[106.8754,11.32933],[106.87853,11.33269],[106.88035,11.33398],[106.88129,11.33568],[106.88357,11.33821],[106.88435,11.33971],[106.8892,11.34071],[106.9006,11.34037],[106.90089,11.34071],[106.90098,11.34152],[106.90184,11.34126],[106.90287,11.34214],[106.90259,11.34252],[106.90313,11.34301],[106.90264,11.34305],[106.90242,11.34372],[106.90302,11.34388],[106.90348,11.34364],[106.90407,11.34421],[106.90411,11.34447],[106.90378,11.34468],[106.90397,11.34519],[106.90388,11.34636],[106.90358,11.34653],[106.90395,11.347],[106.90368,11.34747],[106.90695,11.35264],[106.90839,11.35348],[106.9114,11.35408],[106.91251,11.35489],[106.91416,11.35523],[106.91484,11.35596],[106.91533,11.35582],[106.91598,11.35611],[106.91668,11.35588],[106.91768,11.35599],[106.91816,11.35513],[106.91926,11.35439],[106.91935,11.35304],[106.91988,11.35238],[106.92046,11.35215],[106.92122,11.35245],[106.92201,11.35367],[106.92325,11.35452],[106.9256,11.3543],[106.92983,11.35477],[106.9301,11.35469],[106.93077,11.35369],[106.93152,11.35353],[106.93278,11.35406],[106.93407,11.35413],[106.93441,11.35454],[106.93439,11.3554],[106.93742,11.35542],[106.93865,11.35565],[106.94015,11.35637],[106.94081,11.35631],[106.94183,11.35555],[106.945,11.35422],[106.94438,11.35312],[106.94444,11.35249],[106.94381,11.35165],[106.94405,11.35104],[106.94372,11.35051],[106.9441,11.34918],[106.94405,11.34812],[106.9449,11.34788],[106.94455,11.34748],[106.94458,11.34712],[106.94535,11.34613],[106.94618,11.34582],[106.94642,11.34484],[106.94615,11.34414],[106.94671,11.34399],[106.94636,11.34306],[106.94689,11.3422],[106.94773,11.34216],[106.94737,11.34123],[106.94835,11.34111],[106.94841,11.34056],[106.94891,11.33986],[106.9503,11.3391],[106.95097,11.33811],[106.9514,11.33542],[106.95053,11.33435],[106.95036,11.33324],[106.95152,11.33322],[106.95126,11.33236],[106.95156,11.33119],[106.952,11.33123],[106.95198,11.33079],[106.95251,11.33067],[106.95228,11.33018],[106.95297,11.32875],[106.95212,11.3272],[106.95283,11.32676],[106.95243,11.32562],[106.95266,11.32471],[106.95184,11.32409],[106.95233,11.3235],[106.95179,11.32308],[106.9517,11.32247],[106.95108,11.3217],[106.95022,11.32203],[106.94989,11.32148],[106.94832,11.32145],[106.94757,11.32093],[106.94751,11.32049],[106.94792,11.32002],[106.94743,11.31973],[106.94725,11.31889],[106.94762,11.31859],[106.94723,11.318],[106.94482,11.31726],[106.94461,11.31737],[106.94468,11.318],[106.94439,11.31812],[106.94386,11.31764],[106.9439,11.31691],[106.94305,11.31693],[106.94287,11.31584],[106.94224,11.315],[106.94167,11.31466],[106.94205,11.31394],[106.9409,11.31317],[106.94141,11.31241],[106.94017,11.31274],[106.93979,11.31197],[106.93912,11.31256],[106.93768,11.31235],[106.93854,11.31127],[106.93835,11.31063],[106.93913,11.31032],[106.93912,11.31007],[106.93815,11.30965],[106.93797,11.30933],[106.93747,11.30953],[106.93635,11.30907],[106.93683,11.30816],[106.93758,11.30836],[106.9381,11.30812],[106.93803,11.30739],[106.93728,11.30597],[106.93725,11.30525],[106.93918,11.30412],[106.93985,11.30337],[106.93985,11.3029],[106.93872,11.30244],[106.93837,11.3018],[106.93866,11.30133],[106.93955,11.30192],[106.93981,11.30176],[106.93915,11.29888],[106.93924,11.29831],[106.93993,11.29745],[106.93985,11.29668],[106.93957,11.29638],[106.93922,11.29636],[106.93793,11.2972],[106.93741,11.297],[106.93735,11.29645],[106.93772,11.29605],[106.93933,11.29575],[106.94147,11.29469],[106.94168,11.2943],[106.9415,11.29332],[106.94095,11.29273],[106.93911,11.29211],[106.93893,11.29163],[106.93908,11.2897],[106.93785,11.28938],[106.93744,11.28818],[106.93619,11.28794],[106.93638,11.28727],[106.93617,11.28697],[106.93427,11.28749],[106.93319,11.28746],[106.93444,11.28508],[106.93342,11.28321],[106.93329,11.28216],[106.93208,11.28167],[106.93349,11.28009],[106.93307,11.27866],[106.93279,11.27853],[106.93211,11.27906],[106.93166,11.27907],[106.93159,11.27803],[106.93126,11.27765],[106.93077,11.2788],[106.93024,11.27879],[106.9297,11.2777],[106.9304,11.27532],[106.93031,11.2746],[106.92915,11.27405],[106.92904,11.27303],[106.92825,11.27244],[106.92738,11.27206],[106.92596,11.27212],[106.92447,11.27093],[106.92473,11.27054],[106.92694,11.26938],[106.92736,11.26895],[106.92728,11.26779],[106.92564,11.26763],[106.92546,11.26734],[106.92792,11.26481],[106.92771,11.2645],[106.92667,11.26425],[106.92597,11.26504],[106.92506,11.26514],[106.92455,11.26498],[106.92368,11.26414],[106.92389,11.26366],[106.92538,11.26338],[106.92575,11.26173],[106.92711,11.26072],[106.92696,11.26031],[106.92592,11.25956],[106.92577,11.25919],[106.92608,11.25846],[106.9268,11.25877],[106.9273,11.25831],[106.92695,11.25631],[106.92671,11.25607],[106.92579,11.25622],[106.92537,11.25603],[106.92526,11.25418],[106.92546,11.25313],[106.92578,11.25266],[106.92768,11.25218],[106.9275,11.25012],[106.92813,11.24879],[106.92779,11.24846],[106.92641,11.24798],[106.92634,11.24743],[106.92681,11.24665],[106.92741,11.24677],[106.9281,11.24748],[106.92891,11.2478],[106.93021,11.24739],[106.93168,11.24598],[106.93149,11.24476],[106.93081,11.24387],[106.92969,11.24396],[106.92825,11.24344],[106.92794,11.24361],[106.92733,11.24477],[106.92639,11.24478],[106.92398,11.24314],[106.92358,11.24174],[106.92255,11.24144],[106.92018,11.24146],[106.91981,11.24235],[106.91908,11.24267],[106.91874,11.2422],[106.91886,11.24082],[106.9186,11.24038],[106.91794,11.24047],[106.91771,11.24078],[106.9179,11.24224],[106.91759,11.24273],[106.91702,11.24267],[106.91533,11.2418],[106.91501,11.24085],[106.91449,11.24053],[106.91203,11.24203],[106.9116,11.242],[106.91075,11.24133],[106.91053,11.24086],[106.91095,11.23847],[106.91319,11.23719],[106.91305,11.23687],[106.91169,11.2363],[106.9117,11.23577],[106.915,11.23582],[106.91803,11.23558],[106.91838,11.23534],[106.91833,11.23492],[106.91688,11.23473],[106.91554,11.23357],[106.91352,11.23236],[106.91324,11.23146],[106.91362,11.23036],[106.91278,11.23013],[106.9113,11.23021],[106.90888,11.23108],[106.90775,11.23207],[106.90717,11.23291],[106.90546,11.23685],[106.90485,11.23993],[106.90381,11.2414],[106.90285,11.24193],[106.90142,11.24168],[106.89991,11.24085],[106.89107,11.23828],[106.88884,11.23812],[106.88769,11.23861],[106.88663,11.23988],[106.88639,11.24084],[106.88652,11.24139],[106.88691,11.24225],[106.88978,11.2441],[106.89027,11.24467],[106.89069,11.24543],[106.89079,11.24651],[106.88985,11.24898],[106.88873,11.25083],[106.88687,11.25294],[106.8861,11.25337],[106.88456,11.25322],[106.88404,11.25284],[106.88387,11.25238],[106.88394,11.25144],[106.88439,11.25027],[106.88564,11.24898],[106.88644,11.2474],[106.88632,11.24516],[106.88539,11.24323],[106.88498,11.24267],[106.88455,11.2425],[106.88369,11.24267],[106.88314,11.24306],[106.88199,11.24437],[106.88,11.24575],[106.87239,11.24898],[106.87151,11.25039],[106.86966,11.25143],[106.86556,11.25299],[106.86383,11.25247],[106.86009,11.25284],[106.85797,11.25371],[106.85535,11.25545],[106.85438,11.25532],[106.85271,11.25409],[106.85125,11.25397],[106.85026,11.25423],[106.8495,11.25151],[106.84732,11.24839],[106.84592,11.24925],[106.8448,11.24746],[106.84298,11.24786],[106.84279,11.24876],[106.84142,11.24967],[106.84144,11.25053],[106.84066,11.25104],[106.84001,11.25256],[106.83867,11.25315],[106.83892,11.25431],[106.83738,11.25572],[106.83726,11.25543],[106.83674,11.2556],[106.83618,11.25513],[106.83556,11.25548],[106.83487,11.2547],[106.83461,11.25507],[106.83366,11.25517],[106.83218,11.25611],[106.83106,11.25587],[106.83098,11.25637],[106.83001,11.25576],[106.82963,11.25604],[106.82942,11.25567],[106.82851,11.25533],[106.82747,11.25528],[106.82702,11.25554],[106.82651,11.25349],[106.82574,11.25286],[106.8255,11.25306],[106.82566,11.25355],[106.82508,11.25413],[106.82464,11.25405],[106.82441,11.25426],[106.82413,11.25405],[106.82377,11.25443],[106.82327,11.25371],[106.82281,11.25425],[106.82238,11.25421],[106.82192,11.25481],[106.82095,11.25533],[106.82074,11.25531],[106.82055,11.25454],[106.82016,11.25459],[106.8199,11.25507],[106.81908,11.25546],[106.81888,11.25668],[106.81853,11.25709],[106.81839,11.25779],[106.81749,11.25757],[106.81724,11.25834],[106.8158,11.25836],[106.81492,11.25931],[106.81371,11.25918],[106.81282,11.25981],[106.81137,11.26021],[106.81084,11.26109],[106.8095,11.2615],[106.8081,11.26267],[106.8069,11.26327],[106.80661,11.26386],[106.80588,11.26381],[106.80532,11.26406],[106.80468,11.26591],[106.80471,11.26663],[106.80405,11.26627],[106.80329,11.26693],[106.80311,11.26772],[106.80263,11.26795],[106.80242,11.26882],[106.80178,11.26915],[106.8006,11.27136],[106.7991,11.27266],[106.79873,11.27374],[106.79788,11.27408],[106.79677,11.27569],[106.79667,11.27648],[106.79697,11.2779],[106.79628,11.2787],[106.79625,11.28005],[106.7956,11.28066],[106.79586,11.28167],[106.79505,11.28237],[106.7947,11.28408],[106.79295,11.28481],[106.79278,11.28552],[106.79164,11.28612],[106.78989,11.28801],[106.78965,11.28895],[106.78886,11.28873],[106.78826,11.28914],[106.78843,11.29049],[106.78762,11.29071],[106.78744,11.29164],[106.78629,11.2915],[106.78513,11.29446],[106.78454,11.29468],[106.78408,11.2953],[106.78455,11.29669],[106.78398,11.29715],[106.78419,11.29871],[106.78325,11.29989],[106.78352,11.3005],[106.78344,11.30326],[106.78371,11.30368],[106.78453,11.30371],[106.78501,11.30435],[106.78459,11.30465],[106.78444,11.3057],[106.78347,11.30708],[106.78428,11.30716],[106.78453,11.30787],[106.78415,11.30926],[106.78331,11.31006],[106.78262,11.30997],[106.78234,11.31213],[106.78127,11.31302],[106.78117,11.31378],[106.78085,11.31416],[106.78114,11.31504],[106.7806,11.316],[106.78067,11.31728],[106.78017,11.31783],[106.78037,11.31911],[106.77997,11.31938],[106.78,11.3198],[106.77972,11.32006],[106.77973,11.32166],[106.77917,11.32218],[106.77919,11.32269],[106.77987,11.32311],[106.7792,11.32359],[106.77924,11.3251],[106.77969,11.32526],[106.77968,11.32545],[106.77866,11.32655],[106.7784,11.32739],[106.77782,11.32765],[106.77745,11.32878],[106.77687,11.32923],[106.77717,11.3297],[106.7771,11.33039],[106.77615,11.33084],[106.77587,11.33156],[106.77593,11.33204],[106.77671,11.33243],[106.77665,11.33337],[106.777,11.33426],[106.77622,11.3366],[106.77556,11.33716],[106.77611,11.33788],[106.77591,11.33873],[106.77661,11.33878],[106.77691,11.33912],[106.77698,11.33949],[106.77667,11.33992],[106.77673,11.34078],[106.77713,11.34106],[106.77674,11.34138],[106.77638,11.34226],[106.77557,11.3426],[106.776,11.34322],[106.77527,11.34496],[106.77588,11.34602],[106.77577,11.34803],[106.77708,11.34844],[106.77811,11.35008],[106.77854,11.35023],[106.77926,11.35216],[106.77915,11.35268],[106.77996,11.35317],[106.77992,11.35365],[106.78019,11.35372],[106.78027,11.35427],[106.78078,11.3547],[106.78098,11.35542],[106.78193,11.35596],[106.78297,11.35714],[106.78365,11.35726],[106.78369,11.35768],[106.78551,11.358],[106.78625,11.35948],[106.78637,11.36047],[106.78614,11.36101],[106.78659,11.36193],[106.78637,11.36271],[106.78678,11.363],[106.78721,11.36479],[106.78823,11.36663],[106.789,11.36715],[106.78947,11.36697],[106.79031,11.36718],[106.79063,11.36766],[106.79278,11.36841],[106.79298,11.36878],[106.79358,11.36883],[106.79378,11.36912],[106.79417,11.3689],[106.79437,11.36918],[106.79493,11.36909],[106.79564,11.36946],[106.79616,11.36894],[106.79682,11.36932],[106.79745,11.3702],[106.79733,11.37087],[106.79794,11.37178],[106.79779,11.37285],[106.79795,11.37475],[106.79843,11.37491],[106.79856,11.37531],[106.79827,11.37553],[106.79845,11.37706],[106.79779,11.37794],[106.79827,11.37879],[106.80002,11.38017],[106.80043,11.38107],[106.80128,11.381],[106.80253,11.38038],[106.804,11.37914],[106.80787,11.37771],[106.80866,11.37699],[106.80952,11.37673],[106.81029,11.37598],[106.81106,11.37605],[106.8116,11.37577],[106.81471,11.37697],[106.81658,11.37731],[106.81806,11.37719],[106.81853,11.37868],[106.82181,11.38096],[106.82196,11.38138],[106.82373,11.38317],[106.82503,11.3841],[106.82536,11.38293],[106.82673,11.38062],[106.82917,11.38049]]]}},{"type":"Feature","properties":{"code":"25864","name":"Phước Thành","fullName":"Xã Phước Thành","c":[11.39197,106.75881]},"geometry":{"type":"Polygon","coordinates":[[[106.79363,11.49112],[106.79443,11.49127],[106.7952,11.49095],[106.79653,11.49133],[106.79704,11.49114],[106.79808,11.48967],[106.79811,11.48913],[106.79887,11.48852],[106.79908,11.48799],[106.79962,11.48814],[106.80045,11.48716],[106.80052,11.48659],[106.8028,11.48214],[106.803,11.4807],[106.80293,11.47674],[106.80336,11.47535],[106.8038,11.47072],[106.80559,11.4674],[106.80555,11.46648],[106.80614,11.46611],[106.80736,11.46283],[106.8087,11.46105],[106.80755,11.46031],[106.80672,11.4594],[106.80617,11.45801],[106.80597,11.45718],[106.80623,11.45252],[106.80584,11.45134],[106.80496,11.45006],[106.80224,11.44739],[106.79992,11.44608],[106.79834,11.44408],[106.7967,11.44273],[106.79555,11.44092],[106.79427,11.43961],[106.79221,11.43607],[106.79106,11.43493],[106.78909,11.43372],[106.7888,11.43249],[106.78849,11.43213],[106.78654,11.43173],[106.78511,11.43095],[106.78453,11.43023],[106.78444,11.42854],[106.7837,11.42843],[106.78329,11.42897],[106.78288,11.42898],[106.7818,11.42779],[106.77703,11.4265],[106.77613,11.42661],[106.77555,11.42702],[106.77416,11.42649],[106.77207,11.42706],[106.77046,11.42656],[106.77115,11.41205],[106.77,11.40559],[106.76946,11.40416],[106.77436,11.4021],[106.77544,11.40193],[106.78094,11.40125],[106.789,11.40117],[106.78844,11.38591],[106.78925,11.38593],[106.78937,11.3829],[106.79358,11.38294],[106.79362,11.37947],[106.79619,11.37952],[106.79655,11.38052],[106.79754,11.38158],[106.7986,11.38156],[106.79854,11.38257],[106.80025,11.38257],[106.80009,11.3819],[106.80048,11.3814],[106.80002,11.38017],[106.79827,11.37879],[106.79779,11.37794],[106.79845,11.37706],[106.79827,11.37553],[106.79856,11.37531],[106.79843,11.37491],[106.79795,11.37475],[106.79779,11.37285],[106.79794,11.37178],[106.79733,11.37087],[106.79745,11.3702],[106.79682,11.36932],[106.79616,11.36894],[106.79564,11.36946],[106.79493,11.36909],[106.79437,11.36918],[106.79417,11.3689],[106.79378,11.36912],[106.79358,11.36883],[106.79298,11.36878],[106.79278,11.36841],[106.79063,11.36766],[106.79031,11.36718],[106.78947,11.36697],[106.789,11.36715],[106.78823,11.36663],[106.78721,11.36479],[106.78678,11.363],[106.78637,11.36271],[106.78659,11.36193],[106.78614,11.36101],[106.78637,11.36047],[106.78625,11.35948],[106.78551,11.358],[106.78369,11.35768],[106.78365,11.35726],[106.78297,11.35714],[106.78193,11.35596],[106.78098,11.35542],[106.78078,11.3547],[106.78027,11.35427],[106.78019,11.35372],[106.77992,11.35365],[106.77996,11.35317],[106.77915,11.35268],[106.77926,11.35216],[106.77854,11.35023],[106.77811,11.35008],[106.77708,11.34844],[106.77574,11.34798],[106.77588,11.34602],[106.77527,11.34496],[106.776,11.34322],[106.77557,11.3426],[106.77638,11.34226],[106.77674,11.34138],[106.77713,11.34106],[106.77673,11.34078],[106.77667,11.33992],[106.77698,11.33949],[106.77691,11.33912],[106.77661,11.33878],[106.77591,11.33873],[106.77611,11.33788],[106.77556,11.33716],[106.77622,11.3366],[106.777,11.33426],[106.77665,11.33337],[106.77671,11.33243],[106.77593,11.33204],[106.77587,11.33156],[106.77615,11.33084],[106.7771,11.33039],[106.77717,11.3297],[106.77687,11.32923],[106.77745,11.32878],[106.77782,11.32765],[106.7784,11.32739],[106.77866,11.32655],[106.77968,11.32545],[106.77969,11.32526],[106.77924,11.3251],[106.7792,11.32359],[106.77987,11.32311],[106.77919,11.32269],[106.77917,11.32218],[106.77973,11.32166],[106.77967,11.32026],[106.78,11.3198],[106.77997,11.31938],[106.78037,11.31911],[106.78027,11.31838],[106.77906,11.31873],[106.77721,11.31884],[106.77394,11.31774],[106.77364,11.31721],[106.77637,11.31461],[106.76977,11.31513],[106.77002,11.31435],[106.76952,11.30899],[106.76959,11.3072],[106.76337,11.30669],[106.76262,11.30562],[106.76187,11.30517],[106.76073,11.30552],[106.75916,11.30205],[106.75956,11.30044],[106.7593,11.29957],[106.75879,11.29901],[106.75748,11.29825],[106.75493,11.29586],[106.75394,11.29418],[106.75299,11.29313],[106.75109,11.29209],[106.75105,11.29174],[106.75054,11.29147],[106.75063,11.29111],[106.75033,11.29068],[106.75069,11.29],[106.75055,11.28921],[106.75103,11.28956],[106.75125,11.28946],[106.75109,11.28833],[106.75067,11.28846],[106.75052,11.28827],[106.75084,11.28767],[106.74656,11.28374],[106.74149,11.2784],[106.74048,11.27836],[106.74031,11.28004],[106.73961,11.28109],[106.73782,11.28263],[106.73331,11.28554],[106.73224,11.28655],[106.73156,11.2876],[106.73113,11.28884],[106.73124,11.29041],[106.73251,11.29272],[106.73298,11.29414],[106.73383,11.297],[106.73391,11.29911],[106.73307,11.30053],[106.73085,11.30331],[106.72805,11.30593],[106.72684,11.30646],[106.72531,11.30676],[106.72455,11.30834],[106.72467,11.30866],[106.72532,11.30879],[106.72537,11.30944],[106.72515,11.31024],[106.72446,11.31033],[106.72407,11.31092],[106.72396,11.31201],[106.72503,11.31256],[106.72558,11.3134],[106.72565,11.31397],[106.72624,11.31453],[106.72677,11.31402],[106.7277,11.31583],[106.72971,11.31836],[106.73051,11.31805],[106.73164,11.3194],[106.7317,11.32162],[106.72933,11.32524],[106.72933,11.32786],[106.73013,11.32863],[106.73126,11.32889],[106.73378,11.32916],[106.7338,11.32892],[106.73402,11.32894],[106.73501,11.32921],[106.73506,11.32903],[106.73743,11.33057],[106.73668,11.33077],[106.73657,11.33153],[106.73625,11.33146],[106.73633,11.33182],[106.73599,11.33167],[106.73542,11.33204],[106.73543,11.3325],[106.73584,11.33282],[106.73543,11.33301],[106.7354,11.33371],[106.73497,11.33407],[106.7353,11.33454],[106.73539,11.33521],[106.7349,11.33628],[106.73512,11.33648],[106.73564,11.3361],[106.73567,11.3375],[106.73539,11.33814],[106.73504,11.33799],[106.73488,11.3384],[106.73455,11.33824],[106.73432,11.33843],[106.73492,11.33989],[106.73501,11.3408],[106.73463,11.34083],[106.73444,11.34121],[106.73398,11.3414],[106.7337,11.34258],[106.73186,11.34315],[106.73182,11.34375],[106.7315,11.3441],[106.7317,11.34476],[106.73119,11.34541],[106.73166,11.34607],[106.73224,11.34632],[106.73196,11.34727],[106.73359,11.34935],[106.73343,11.34972],[106.73376,11.35001],[106.73354,11.35031],[106.73398,11.3506],[106.73346,11.35076],[106.7334,11.35116],[106.73392,11.35121],[106.7339,11.35182],[106.73434,11.35226],[106.73478,11.35216],[106.73429,11.35281],[106.73481,11.35309],[106.73456,11.35475],[106.73505,11.35509],[106.73394,11.35604],[106.73333,11.3575],[106.73378,11.3574],[106.73379,11.35776],[106.73365,11.35843],[106.73315,11.35896],[106.73305,11.36014],[106.73331,11.36086],[106.73299,11.36136],[106.73311,11.36208],[106.7325,11.36276],[106.7328,11.364],[106.7322,11.36552],[106.73276,11.36678],[106.73207,11.36727],[106.73249,11.36809],[106.73214,11.36852],[106.7326,11.3699],[106.73264,11.37097],[106.73319,11.37185],[106.73304,11.37219],[106.73343,11.37217],[106.73381,11.37343],[106.73263,11.37385],[106.73144,11.37553],[106.72918,11.37637],[106.72761,11.3785],[106.72914,11.3795],[106.72768,11.38134],[106.72343,11.37987],[106.72098,11.38172],[106.7199,11.38401],[106.71832,11.38391],[106.71821,11.38364],[106.71862,11.38292],[106.71815,11.38226],[106.71466,11.3843],[106.71277,11.38611],[106.71177,11.38748],[106.71032,11.3922],[106.70865,11.3934],[106.70445,11.39552],[106.70429,11.39647],[106.70515,11.39745],[106.70886,11.39933],[106.70981,11.40009],[106.71015,11.40067],[106.71017,11.40178],[106.70876,11.40442],[106.7091,11.40571],[106.70965,11.40658],[106.71163,11.40852],[106.71476,11.4107],[106.71871,11.4145],[106.71902,11.41731],[106.72031,11.42146],[106.72032,11.42298],[106.72153,11.42264],[106.72346,11.4227],[106.72515,11.42313],[106.72615,11.42374],[106.72632,11.42544],[106.72568,11.42861],[106.72591,11.43084],[106.7265,11.43188],[106.72699,11.43229],[106.72907,11.43306],[106.7376,11.43223],[106.74133,11.43351],[106.74177,11.43425],[106.7412,11.43842],[106.74147,11.44046],[106.75178,11.44535],[106.75377,11.44697],[106.75587,11.4497],[106.75688,11.45234],[106.75683,11.45304],[106.75623,11.45377],[106.75311,11.45563],[106.75261,11.45623],[106.75229,11.45934],[106.7526,11.46224],[106.75209,11.46336],[106.75051,11.4656],[106.74987,11.46758],[106.75014,11.46893],[106.75291,11.47245],[106.75383,11.47645],[106.75457,11.47695],[106.75623,11.47743],[106.75782,11.47721],[106.75859,11.47738],[106.76249,11.48003],[106.76368,11.48046],[106.7652,11.48052],[106.76685,11.4798],[106.76731,11.47984],[106.76766,11.48036],[106.76748,11.48128],[106.76853,11.48271],[106.76894,11.4827],[106.76954,11.48219],[106.77015,11.48259],[106.77082,11.48236],[106.7719,11.48264],[106.77308,11.48246],[106.77477,11.48264],[106.77577,11.48367],[106.77829,11.4848],[106.77925,11.48638],[106.78099,11.48759],[106.78381,11.48878],[106.78611,11.48889],[106.78736,11.48985],[106.78886,11.49026],[106.78933,11.49099],[106.79044,11.49178],[106.79129,11.49181],[106.79363,11.49112]]]}},{"type":"Feature","properties":{"code":"25867","name":"An Long","fullName":"Xã An Long","c":[11.32686,106.69923]},"geometry":{"type":"Polygon","coordinates":[[[106.70083,11.39821],[106.70247,11.39788],[106.70425,11.39623],[106.70445,11.39552],[106.70593,11.39493],[106.71024,11.39228],[106.71056,11.39184],[106.71177,11.38748],[106.71277,11.38611],[106.71466,11.3843],[106.71815,11.38226],[106.71862,11.38292],[106.71821,11.38364],[106.71832,11.38391],[106.7199,11.38401],[106.72098,11.38172],[106.72343,11.37987],[106.72768,11.38134],[106.72914,11.3795],[106.72761,11.3785],[106.72918,11.37637],[106.73144,11.37553],[106.73263,11.37385],[106.73381,11.37343],[106.73343,11.37217],[106.73304,11.37219],[106.73319,11.37185],[106.73264,11.37097],[106.7326,11.3699],[106.73214,11.36852],[106.73249,11.36809],[106.73207,11.36727],[106.73276,11.36678],[106.7322,11.36552],[106.7328,11.364],[106.7325,11.36276],[106.73311,11.36208],[106.73299,11.36136],[106.73331,11.36086],[106.73305,11.36014],[106.73315,11.35896],[106.73365,11.35843],[106.73379,11.35776],[106.73378,11.3574],[106.73333,11.3575],[106.73394,11.35604],[106.73505,11.35509],[106.73456,11.35475],[106.73481,11.35309],[106.73429,11.35281],[106.73478,11.35216],[106.73434,11.35226],[106.7339,11.35182],[106.73392,11.35121],[106.7334,11.35116],[106.73346,11.35076],[106.73398,11.3506],[106.73354,11.35031],[106.73376,11.35001],[106.73343,11.34972],[106.73359,11.34935],[106.73196,11.34727],[106.73224,11.34632],[106.73166,11.34607],[106.73119,11.34541],[106.7317,11.34476],[106.7315,11.3441],[106.73182,11.34375],[106.73186,11.34315],[106.7337,11.34258],[106.73398,11.3414],[106.73444,11.34121],[106.73463,11.34083],[106.73501,11.3408],[106.73492,11.33989],[106.73432,11.33843],[106.73455,11.33824],[106.73488,11.3384],[106.73504,11.33799],[106.73539,11.33814],[106.73567,11.3375],[106.73564,11.3361],[106.73512,11.33648],[106.7349,11.33628],[106.73539,11.33521],[106.7353,11.33454],[106.73497,11.33407],[106.7354,11.33371],[106.73543,11.33301],[106.73584,11.33282],[106.73543,11.3325],[106.73542,11.33204],[106.73599,11.33167],[106.73633,11.33182],[106.73625,11.33146],[106.73657,11.33153],[106.73668,11.33077],[106.73743,11.33057],[106.73506,11.32903],[106.73501,11.32921],[106.73402,11.32894],[106.7338,11.32892],[106.73378,11.32916],[106.73126,11.32889],[106.73013,11.32863],[106.72933,11.32786],[106.72933,11.32524],[106.7317,11.32162],[106.73164,11.3194],[106.73051,11.31805],[106.72971,11.31836],[106.7277,11.31583],[106.72677,11.31402],[106.72624,11.31453],[106.72565,11.31397],[106.72558,11.3134],[106.72503,11.31256],[106.72396,11.31201],[106.72407,11.31092],[106.72446,11.31033],[106.72515,11.31024],[106.72537,11.30944],[106.72532,11.30879],[106.72467,11.30866],[106.72455,11.30834],[106.72531,11.30676],[106.72684,11.30646],[106.72805,11.30593],[106.73085,11.30331],[106.73307,11.30053],[106.73391,11.29911],[106.73383,11.297],[106.73298,11.29414],[106.73251,11.29272],[106.73124,11.29041],[106.73113,11.28884],[106.73156,11.2876],[106.73224,11.28655],[106.73331,11.28554],[106.73782,11.28263],[106.73961,11.28109],[106.74031,11.28004],[106.74051,11.27851],[106.7401,11.27704],[106.73829,11.27344],[106.73799,11.27218],[106.73619,11.27215],[106.73558,11.27284],[106.73535,11.27244],[106.73429,11.27235],[106.73389,11.27137],[106.73314,11.27187],[106.73262,11.27146],[106.73262,11.27094],[106.73225,11.27106],[106.7314,11.27205],[106.73009,11.27266],[106.73055,11.27365],[106.7304,11.27422],[106.73064,11.27506],[106.73103,11.27518],[106.73124,11.27553],[106.73128,11.27641],[106.73084,11.27729],[106.72981,11.27801],[106.72875,11.27827],[106.72805,11.27915],[106.72682,11.27943],[106.72689,11.27979],[106.72664,11.27992],[106.72611,11.27999],[106.72578,11.27977],[106.72502,11.28037],[106.72459,11.27975],[106.72298,11.27971],[106.72191,11.28001],[106.72368,11.27525],[106.72578,11.2725],[106.72666,11.27093],[106.72781,11.26402],[106.72857,11.26341],[106.73025,11.26291],[106.72992,11.2622],[106.72983,11.26086],[106.72909,11.2599],[106.72601,11.26033],[106.72314,11.25911],[106.71998,11.25837],[106.71723,11.25695],[106.71611,11.25727],[106.71435,11.25894],[106.71241,11.2592],[106.711,11.25848],[106.71032,11.25781],[106.70897,11.2545],[106.70703,11.25375],[106.70706,11.25196],[106.68181,11.24891],[106.68219,11.27642],[106.68242,11.28002],[106.68285,11.2816],[106.68337,11.29168],[106.68373,11.30384],[106.68352,11.30593],[106.67882,11.31484],[106.67843,11.31655],[106.67749,11.31634],[106.67702,11.31543],[106.67643,11.31535],[106.67594,11.31569],[106.67524,11.31487],[106.67441,11.31507],[106.6732,11.31417],[106.67369,11.31368],[106.6735,11.31346],[106.67283,11.31339],[106.67273,11.31301],[106.67213,11.31307],[106.67068,11.31246],[106.66998,11.31319],[106.6695,11.31313],[106.66847,11.31363],[106.66713,11.31503],[106.66578,11.31571],[106.66461,11.31771],[106.66275,11.31914],[106.66171,11.31915],[106.6611,11.31881],[106.65811,11.31897],[106.65409,11.32325],[106.65343,11.32336],[106.65275,11.32385],[106.65222,11.32512],[106.65182,11.32512],[106.65147,11.32549],[106.64996,11.32608],[106.64925,11.32769],[106.64808,11.32833],[106.64632,11.33031],[106.6462,11.33162],[106.64543,11.33415],[106.64602,11.33807],[106.64569,11.33809],[106.64372,11.34136],[106.64561,11.34236],[106.64764,11.34427],[106.64862,11.34602],[106.6503,11.34741],[106.65165,11.34782],[106.65216,11.34853],[106.65301,11.34893],[106.65396,11.3507],[106.65536,11.35253],[106.6591,11.35601],[106.65982,11.35609],[106.66081,11.35558],[106.66217,11.35536],[106.6625,11.35503],[106.66301,11.35527],[106.66338,11.35491],[106.66474,11.35465],[106.6652,11.35412],[106.66552,11.35406],[106.66641,11.35404],[106.66705,11.35495],[106.66735,11.35446],[106.66847,11.35431],[106.66905,11.35385],[106.66938,11.35417],[106.67031,11.35418],[106.67118,11.35376],[106.67168,11.35393],[106.67203,11.35446],[106.67241,11.35429],[106.67384,11.35437],[106.67413,11.35472],[106.67412,11.35502],[106.6736,11.35534],[106.67405,11.356],[106.67398,11.35667],[106.67482,11.35734],[106.67497,11.3579],[106.67563,11.35805],[106.6751,11.35867],[106.67506,11.35918],[106.67522,11.35934],[106.6755,11.35906],[106.67564,11.35925],[106.67578,11.36057],[106.6762,11.36108],[106.67604,11.36209],[106.67713,11.36271],[106.67701,11.36342],[106.67747,11.36412],[106.67679,11.3653],[106.67738,11.36574],[106.67718,11.36618],[106.67766,11.36716],[106.67778,11.36924],[106.67816,11.36995],[106.67785,11.37021],[106.67782,11.37084],[106.67751,11.37123],[106.67769,11.37169],[106.6775,11.37286],[106.67763,11.37315],[106.67799,11.3732],[106.67811,11.37348],[106.67777,11.37378],[106.67804,11.37426],[106.67863,11.37458],[106.67895,11.37555],[106.67847,11.37615],[106.67872,11.37691],[106.67819,11.37767],[106.67826,11.37838],[106.67793,11.37892],[106.67787,11.38017],[106.67742,11.38012],[106.67745,11.38087],[106.67691,11.38078],[106.67595,11.38137],[106.67569,11.38222],[106.67624,11.38278],[106.67758,11.38344],[106.67904,11.38503],[106.67332,11.40121],[106.67582,11.4018],[106.67744,11.39793],[106.68002,11.39827],[106.68034,11.39764],[106.68392,11.3985],[106.68555,11.39702],[106.68639,11.39548],[106.68784,11.39625],[106.68975,11.39787],[106.69151,11.39855],[106.69299,11.39948],[106.69306,11.40177],[106.69737,11.403],[106.69765,11.40294],[106.69779,11.40221],[106.69858,11.40107],[106.70015,11.39946],[106.7,11.39861],[106.70083,11.39821]]]}},{"type":"Feature","properties":{"code":"25882","name":"Phước Hoà","fullName":"Xã Phước Hoà","c":[11.24115,106.773]},"geometry":{"type":"Polygon","coordinates":[[[106.72914,11.19031],[106.72468,11.18957],[106.72166,11.20304],[106.71203,11.21083],[106.7103,11.22488],[106.70825,11.22471],[106.70627,11.23019],[106.70594,11.23175],[106.7061,11.23313],[106.70511,11.23406],[106.70458,11.23426],[106.70432,11.2364],[106.70576,11.23666],[106.70636,11.23707],[106.70624,11.23916],[106.70938,11.2395],[106.71122,11.2409],[106.71169,11.24134],[106.71169,11.24288],[106.71275,11.24295],[106.71385,11.24444],[106.71422,11.24549],[106.71469,11.24573],[106.71612,11.2478],[106.71657,11.24758],[106.71954,11.25208],[106.72102,11.25209],[106.72107,11.25655],[106.72089,11.25655],[106.72085,11.25843],[106.72104,11.25869],[106.72314,11.25911],[106.72621,11.26038],[106.72887,11.25982],[106.72983,11.26086],[106.72992,11.2622],[106.73025,11.26291],[106.72857,11.26341],[106.72781,11.26402],[106.72666,11.27093],[106.72578,11.2725],[106.72368,11.27525],[106.72191,11.28001],[106.72298,11.27971],[106.72459,11.27975],[106.72502,11.28037],[106.72578,11.27977],[106.72611,11.27999],[106.72664,11.27992],[106.72689,11.27979],[106.72682,11.27943],[106.72805,11.27915],[106.72875,11.27827],[106.72981,11.27801],[106.73084,11.27729],[106.73128,11.27641],[106.73124,11.27553],[106.73103,11.27518],[106.73064,11.27506],[106.7304,11.27422],[106.73055,11.27365],[106.73009,11.27266],[106.73156,11.27193],[106.73225,11.27106],[106.73269,11.271],[106.73262,11.27146],[106.73314,11.27187],[106.73389,11.27137],[106.73429,11.27235],[106.73535,11.27244],[106.73558,11.27284],[106.73619,11.27215],[106.73799,11.27218],[106.73829,11.27344],[106.7401,11.27704],[106.74048,11.27836],[106.74149,11.2784],[106.74656,11.28374],[106.75084,11.28767],[106.75052,11.28827],[106.75067,11.28846],[106.75109,11.28833],[106.75125,11.28946],[106.75103,11.28956],[106.75055,11.28921],[106.75069,11.29],[106.75033,11.29068],[106.75063,11.29111],[106.75054,11.29147],[106.75105,11.29174],[106.75109,11.29209],[106.75299,11.29313],[106.75394,11.29418],[106.75493,11.29586],[106.75748,11.29825],[106.75879,11.29901],[106.7593,11.29957],[106.75956,11.30044],[106.75916,11.30205],[106.76073,11.30552],[106.76187,11.30517],[106.76262,11.30562],[106.76337,11.30669],[106.76959,11.3072],[106.76952,11.30899],[106.77002,11.31435],[106.76977,11.31513],[106.77637,11.31461],[106.77364,11.31721],[106.77394,11.31774],[106.77721,11.31884],[106.77906,11.31873],[106.78027,11.31838],[106.78017,11.31783],[106.78067,11.31728],[106.7806,11.316],[106.78112,11.31516],[106.78084,11.31425],[106.78117,11.31378],[106.78127,11.31302],[106.78234,11.31213],[106.78262,11.30997],[106.78331,11.31006],[106.78415,11.30926],[106.78453,11.30787],[106.78428,11.30716],[106.78347,11.30708],[106.78444,11.3057],[106.78459,11.30465],[106.78501,11.30435],[106.78453,11.30371],[106.78371,11.30368],[106.78344,11.30326],[106.78352,11.3005],[106.78325,11.29989],[106.78419,11.29871],[106.78398,11.29715],[106.78455,11.29669],[106.78408,11.2953],[106.78454,11.29468],[106.78513,11.29446],[106.78629,11.2915],[106.78744,11.29164],[106.78762,11.29071],[106.78843,11.29049],[106.78826,11.28914],[106.78886,11.28873],[106.78965,11.28895],[106.78989,11.28801],[106.79164,11.28612],[106.79278,11.28552],[106.79295,11.28481],[106.7947,11.28408],[106.79505,11.28237],[106.79586,11.28167],[106.7956,11.28066],[106.79625,11.28005],[106.79628,11.2787],[106.79697,11.2779],[106.79667,11.27648],[106.79677,11.27569],[106.79788,11.27408],[106.79873,11.27374],[106.7991,11.27266],[106.8006,11.27136],[106.80178,11.26915],[106.80242,11.26882],[106.80263,11.26795],[106.80311,11.26772],[106.80329,11.26693],[106.80405,11.26627],[106.80471,11.26663],[106.80468,11.26591],[106.80532,11.26406],[106.80588,11.26381],[106.80661,11.26386],[106.8069,11.26327],[106.8081,11.26267],[106.8095,11.2615],[106.81084,11.26109],[106.81137,11.26021],[106.81282,11.25981],[106.81371,11.25918],[106.81492,11.25931],[106.8158,11.25836],[106.81724,11.25834],[106.81749,11.25757],[106.81839,11.25779],[106.81853,11.25709],[106.81888,11.25668],[106.81908,11.25546],[106.8199,11.25507],[106.82016,11.25459],[106.82055,11.25454],[106.82074,11.25531],[106.82095,11.25533],[106.82192,11.25481],[106.82238,11.25421],[106.82281,11.25425],[106.82327,11.25371],[106.82377,11.25443],[106.82413,11.25405],[106.82441,11.25426],[106.82464,11.25405],[106.82508,11.25413],[106.82566,11.25355],[106.82564,11.25287],[106.82651,11.25349],[106.82702,11.25554],[106.82747,11.25528],[106.82851,11.25533],[106.82942,11.25567],[106.82963,11.25604],[106.83001,11.25576],[106.83098,11.25637],[106.83106,11.25587],[106.83218,11.25611],[106.83366,11.25517],[106.83461,11.25507],[106.83487,11.2547],[106.83556,11.25548],[106.83618,11.25513],[106.83674,11.2556],[106.83726,11.25543],[106.83738,11.25572],[106.83892,11.25431],[106.83867,11.25315],[106.84001,11.25256],[106.84066,11.25104],[106.84144,11.25053],[106.84142,11.24967],[106.84279,11.24876],[106.84298,11.24786],[106.8448,11.24746],[106.84592,11.24925],[106.84732,11.24839],[106.8495,11.25151],[106.8495,11.25058],[106.84888,11.24855],[106.84861,11.2465],[106.84874,11.24508],[106.84927,11.24343],[106.84963,11.24289],[106.85024,11.24259],[106.85238,11.24222],[106.85379,11.2413],[106.85441,11.23961],[106.85418,11.23788],[106.85306,11.23646],[106.85102,11.23509],[106.84974,11.23444],[106.84647,11.23365],[106.84465,11.23265],[106.84354,11.2312],[106.84176,11.22781],[106.8404,11.22646],[106.83946,11.22603],[106.83831,11.22596],[106.83759,11.22606],[106.83471,11.22725],[106.83285,11.22712],[106.83131,11.22606],[106.82856,11.22183],[106.8275,11.21975],[106.82716,11.21758],[106.8276,11.21738],[106.82864,11.21743],[106.83123,11.21814],[106.83331,11.21827],[106.8353,11.21797],[106.83708,11.2174],[106.83834,11.21667],[106.83891,11.21603],[106.83906,11.21377],[106.83834,11.2127],[106.83478,11.21138],[106.83184,11.20933],[106.83046,11.20907],[106.8291,11.20932],[106.82705,11.21039],[106.82506,11.2119],[106.82359,11.21362],[106.82338,11.21527],[106.82371,11.21768],[106.82167,11.2177],[106.82077,11.21692],[106.81978,11.21533],[106.82015,11.21146],[106.82065,11.21001],[106.819,11.21046],[106.81842,11.2085],[106.8164,11.20632],[106.81625,11.20619],[106.81599,11.20657],[106.81359,11.20554],[106.81399,11.20468],[106.81333,11.20464],[106.80376,11.19391],[106.79407,11.20185],[106.79438,11.19313],[106.7929,11.19307],[106.79361,11.19063],[106.79369,11.18914],[106.78991,11.18849],[106.78016,11.18884],[106.76427,11.18837],[106.7644,11.18921],[106.76345,11.19018],[106.76216,11.19036],[106.76198,11.19074],[106.75856,11.19084],[106.7581,11.21054],[106.75377,11.21009],[106.75222,11.20932],[106.75101,11.20813],[106.75034,11.20634],[106.75029,11.20572],[106.75079,11.20513],[106.75054,11.20458],[106.74883,11.20247],[106.74868,11.20161],[106.74821,11.20144],[106.74804,11.201],[106.74706,11.20052],[106.74672,11.20007],[106.74536,11.1997],[106.74477,11.20013],[106.74378,11.20022],[106.74319,11.20053],[106.74204,11.2004],[106.74065,11.20061],[106.73849,11.20012],[106.73671,11.20017],[106.73537,11.19973],[106.73458,11.19977],[106.73367,11.19907],[106.73337,11.19831],[106.73226,11.19706],[106.73201,11.19561],[106.73256,11.19399],[106.73239,11.19242],[106.73041,11.19239],[106.72962,11.19017],[106.72914,11.19031]]]}},{"type":"Feature","properties":{"code":"25888","name":"Tân Uyên","fullName":"Phường Tân Uyên","c":[11.09282,106.80765]},"geometry":{"type":"Polygon","coordinates":[[[106.80956,11.17395],[106.81022,11.17018],[106.81117,11.17046],[106.81128,11.16854],[106.81111,11.16785],[106.81285,11.16827],[106.81375,11.16824],[106.81417,11.16714],[106.81649,11.16663],[106.81655,11.16627],[106.82393,11.16607],[106.82399,11.15794],[106.82437,11.15762],[106.82485,11.15524],[106.8263,11.15521],[106.82705,11.15388],[106.82859,11.15371],[106.82858,11.14965],[106.82709,11.14898],[106.82694,11.1492],[106.82612,11.14918],[106.82645,11.14567],[106.82642,11.13743],[106.8222,11.13715],[106.82227,11.12789],[106.82373,11.11905],[106.82221,11.1189],[106.82216,11.1166],[106.8213,11.11291],[106.82145,11.11192],[106.82188,11.11119],[106.82252,11.11071],[106.82286,11.10947],[106.82281,11.10854],[106.82309,11.10778],[106.82275,11.10726],[106.8233,11.10605],[106.82338,11.105],[106.82319,11.10471],[106.82355,11.10417],[106.82393,11.10178],[106.82314,11.09902],[106.82347,11.09831],[106.82299,11.09758],[106.82306,11.09587],[106.82407,11.09472],[106.824,11.0942],[106.82451,11.09315],[106.82523,11.09283],[106.82549,11.09168],[106.82647,11.09055],[106.82688,11.09046],[106.82694,11.09008],[106.82768,11.08926],[106.82846,11.08878],[106.82988,11.08854],[106.8302,11.08809],[106.83073,11.08787],[106.83218,11.0878],[106.83341,11.08704],[106.83482,11.08733],[106.83642,11.0868],[106.83752,11.08751],[106.83918,11.08774],[106.83994,11.08847],[106.8422,11.0889],[106.84275,11.08869],[106.84348,11.08946],[106.84436,11.0897],[106.84577,11.09114],[106.84633,11.09097],[106.84683,11.0913],[106.84753,11.0911],[106.84773,11.09136],[106.84836,11.09131],[106.84928,11.0918],[106.84987,11.09259],[106.85076,11.09283],[106.85105,11.09248],[106.85123,11.09289],[106.85218,11.0929],[106.85267,11.09323],[106.85369,11.09337],[106.8539,11.09371],[106.85487,11.09343],[106.85558,11.09367],[106.8563,11.09341],[106.85671,11.09385],[106.858,11.09447],[106.85912,11.09438],[106.8595,11.09461],[106.85975,11.0944],[106.86034,11.09484],[106.86061,11.09456],[106.8616,11.09444],[106.86164,11.09406],[106.86202,11.09415],[106.86246,11.09388],[106.86269,11.09412],[106.86362,11.09375],[106.8643,11.09395],[106.8666,11.09321],[106.86727,11.09351],[106.86902,11.09356],[106.87022,11.09397],[106.87062,11.0938],[106.8708,11.09331],[106.87148,11.09393],[106.87181,11.09358],[106.87409,11.09354],[106.87445,11.09303],[106.87544,11.09374],[106.8757,11.09331],[106.86646,11.07787],[106.86789,11.07499],[106.86185,11.06203],[106.85399,11.0582],[106.85073,11.0534],[106.84948,11.0524],[106.85119,11.05031],[106.85071,11.04981],[106.85025,11.05017],[106.84844,11.05066],[106.84366,11.04819],[106.84288,11.04711],[106.84173,11.04767],[106.84017,11.04708],[106.83846,11.04605],[106.83703,11.04562],[106.83463,11.05133],[106.83222,11.05556],[106.82967,11.06235],[106.82765,11.06452],[106.82591,11.06518],[106.82377,11.06543],[106.82178,11.06524],[106.81656,11.06358],[106.80384,11.06022],[106.80162,11.05929],[106.79991,11.05814],[106.79922,11.05731],[106.79875,11.05618],[106.79895,11.05452],[106.79937,11.05346],[106.80009,11.05254],[106.80465,11.04975],[106.80771,11.04715],[106.80991,11.04444],[106.8113,11.04184],[106.81218,11.03948],[106.81319,11.0349],[106.81316,11.03268],[106.81248,11.03053],[106.81056,11.02747],[106.80901,11.02629],[106.80488,11.02528],[106.80023,11.02492],[106.79717,11.02438],[106.79443,11.02349],[106.79266,11.02264],[106.78853,11.01894],[106.7859,11.0184],[106.78488,11.01775],[106.78431,11.01691],[106.78399,11.01481],[106.78298,11.01293],[106.78024,11.01043],[106.77717,11.00888],[106.7768,11.00993],[106.77728,11.01214],[106.77791,11.01348],[106.77958,11.01539],[106.78142,11.01959],[106.7813,11.02038],[106.77987,11.02206],[106.77957,11.02284],[106.77954,11.02394],[106.78049,11.02857],[106.7805,11.02961],[106.77971,11.03187],[106.7791,11.03547],[106.78012,11.0374],[106.78274,11.03967],[106.78295,11.04016],[106.78264,11.04232],[106.78321,11.04379],[106.78065,11.04409],[106.78018,11.0444],[106.78,11.04475],[106.78017,11.04522],[106.77975,11.04621],[106.7799,11.04675],[106.77961,11.04704],[106.78009,11.04769],[106.77809,11.04893],[106.77695,11.04918],[106.77592,11.05082],[106.77384,11.0515],[106.77269,11.05228],[106.77158,11.05459],[106.7702,11.05542],[106.76771,11.05808],[106.76778,11.06331],[106.76711,11.06331],[106.76723,11.06781],[106.76036,11.06788],[106.77431,11.09532],[106.77883,11.09544],[106.77888,11.1138],[106.78329,11.11372],[106.78349,11.12398],[106.784,11.13265],[106.78384,11.13498],[106.78462,11.13496],[106.78356,11.13695],[106.77939,11.13382],[106.77994,11.14074],[106.77381,11.14075],[106.77351,11.15474],[106.77826,11.15483],[106.77826,11.15617],[106.78074,11.15742],[106.78049,11.15838],[106.78123,11.15838],[106.78133,11.15943],[106.78237,11.16065],[106.78353,11.16072],[106.78453,11.16135],[106.78515,11.16142],[106.78735,11.16306],[106.78864,11.16321],[106.79052,11.16244],[106.79186,11.16232],[106.79723,11.16387],[106.79933,11.16423],[106.80078,11.16484],[106.80171,11.1664],[106.80325,11.16752],[106.80452,11.16934],[106.80552,11.17005],[106.80705,11.17299],[106.80773,11.1736],[106.8091,11.17367],[106.80956,11.17395]]]}},{"type":"Feature","properties":{"code":"25891","name":"Tân Khánh","fullName":"Phường Tân Khánh","c":[11.00236,106.7452]},"geometry":{"type":"Polygon","coordinates":[[[106.74997,10.97717],[106.74497,10.97789],[106.74105,10.97808],[106.74057,10.98088],[106.7424,10.98664],[106.7406,10.98634],[106.73852,10.9865],[106.73779,10.98635],[106.73588,10.9873],[106.73603,10.98755],[106.73557,10.98776],[106.73447,10.98693],[106.73412,10.98691],[106.73108,10.98845],[106.73009,10.98786],[106.72648,10.9909],[106.72471,10.99194],[106.72316,10.99217],[106.72291,10.99002],[106.72207,10.99011],[106.72164,10.99026],[106.7215,10.99066],[106.72106,10.99094],[106.72112,10.99124],[106.72027,10.99127],[106.72029,10.99183],[106.71834,10.99205],[106.71842,10.99296],[106.71788,10.99285],[106.71786,10.99319],[106.71529,10.99352],[106.71515,10.99317],[106.71247,10.99394],[106.71219,10.99345],[106.71094,10.99259],[106.71072,10.99172],[106.70935,10.99199],[106.70767,10.9917],[106.70753,10.99404],[106.70868,10.99753],[106.70716,10.99667],[106.70642,10.9983],[106.7047,11.00015],[106.70419,11.00106],[106.70247,11.00222],[106.70353,11.00377],[106.70461,11.00369],[106.7074,11.00285],[106.70861,11.00304],[106.70975,11.00378],[106.70741,11.00523],[106.70768,11.00614],[106.70685,11.00647],[106.70684,11.00665],[106.70701,11.00731],[106.70779,11.0078],[106.70662,11.00814],[106.70508,11.00799],[106.70561,11.00938],[106.70522,11.00988],[106.70557,11.01106],[106.70583,11.01119],[106.70569,11.01235],[106.70654,11.0129],[106.70661,11.01472],[106.70752,11.01654],[106.70815,11.0168],[106.70813,11.01795],[106.70789,11.01805],[106.7078,11.01864],[106.70712,11.01891],[106.70665,11.02026],[106.70608,11.02347],[106.70612,11.02693],[106.70481,11.02903],[106.70459,11.03002],[106.70583,11.03053],[106.70674,11.03127],[106.70817,11.03168],[106.70824,11.03192],[106.71029,11.032],[106.71034,11.03182],[106.71193,11.03256],[106.71304,11.03267],[106.71428,11.03359],[106.71555,11.03384],[106.71694,11.03345],[106.71826,11.03367],[106.71871,11.03401],[106.72046,11.03369],[106.72181,11.03379],[106.72366,11.03314],[106.72589,11.03325],[106.72689,11.03278],[106.72733,11.03221],[106.72806,11.0323],[106.72849,11.03207],[106.7302,11.03226],[106.73177,11.0317],[106.73328,11.0323],[106.73521,11.03103],[106.73668,11.03112],[106.73752,11.03048],[106.73767,11.02793],[106.7385,11.02739],[106.73852,11.02638],[106.73973,11.02511],[106.74012,11.02432],[106.73989,11.02354],[106.74021,11.02289],[106.74132,11.02229],[106.74142,11.02118],[106.74213,11.0205],[106.74293,11.02057],[106.74341,11.02009],[106.74422,11.01982],[106.7445,11.01937],[106.74648,11.01925],[106.74663,11.01881],[106.74608,11.0177],[106.74655,11.01684],[106.74704,11.01648],[106.74779,11.01659],[106.74824,11.01595],[106.74895,11.01626],[106.74956,11.0153],[106.75112,11.01465],[106.75115,11.0144],[106.75023,11.01353],[106.75065,11.01308],[106.75209,11.01345],[106.75249,11.013],[106.75358,11.01278],[106.75413,11.01338],[106.75368,11.01388],[106.75381,11.01417],[106.75753,11.01588],[106.75975,11.0203],[106.75983,11.02083],[106.76062,11.02077],[106.7615,11.02126],[106.76333,11.02337],[106.76454,11.02541],[106.7679,11.02337],[106.76955,11.02217],[106.76948,11.02167],[106.77272,11.01884],[106.77451,11.01773],[106.77561,11.01641],[106.77489,11.01535],[106.77801,11.01361],[106.77695,11.01094],[106.7768,11.00993],[106.77717,11.00888],[106.77515,11.0071],[106.77458,11.00534],[106.77462,11.00419],[106.77499,11.00221],[106.77655,10.9979],[106.77874,10.99285],[106.78193,10.98699],[106.7827,10.98597],[106.78926,10.98025],[106.79079,10.97864],[106.7955,10.97488],[106.79613,10.97367],[106.79628,10.97236],[106.79595,10.97163],[106.79474,10.97044],[106.79228,10.96942],[106.78718,10.96805],[106.78458,10.96672],[106.78341,10.96542],[106.78099,10.97233],[106.78015,10.97369],[106.77907,10.97483],[106.77755,10.97556],[106.77219,10.97684],[106.77149,10.97724],[106.76913,10.97951],[106.76887,10.9805],[106.76722,10.98081],[106.76658,10.97972],[106.76528,10.97834],[106.76496,10.97712],[106.76524,10.97603],[106.76564,10.97561],[106.76548,10.97527],[106.74997,10.97717]]]}},{"type":"Feature","properties":{"code":"25906","name":"Bắc Tân Uyên","fullName":"Xã Bắc Tân Uyên","c":[11.17071,106.86526]},"geometry":{"type":"Polygon","coordinates":[[[106.85747,11.25404],[106.86009,11.25284],[106.86203,11.25253],[106.86417,11.25249],[106.86527,11.25301],[106.86716,11.25252],[106.87122,11.25062],[106.87264,11.24883],[106.88,11.24575],[106.88199,11.24437],[106.88314,11.24306],[106.88369,11.24267],[106.88455,11.2425],[106.88498,11.24267],[106.88539,11.24323],[106.88632,11.24516],[106.88644,11.2474],[106.88564,11.24898],[106.88439,11.25027],[106.88394,11.25144],[106.88388,11.25246],[106.88413,11.25294],[106.88468,11.25327],[106.88571,11.25345],[106.88631,11.25331],[106.88711,11.2527],[106.88873,11.25083],[106.88985,11.24898],[106.89079,11.24651],[106.89069,11.24543],[106.89027,11.24467],[106.88978,11.2441],[106.88691,11.24225],[106.88652,11.24139],[106.88639,11.24084],[106.88663,11.23988],[106.88769,11.23861],[106.88884,11.23812],[106.89107,11.23828],[106.89991,11.24085],[106.90142,11.24168],[106.90285,11.24193],[106.90381,11.2414],[106.90485,11.23993],[106.90546,11.23685],[106.90717,11.23291],[106.90775,11.23207],[106.90888,11.23108],[106.9113,11.23021],[106.91278,11.23013],[106.91431,11.23044],[106.91517,11.23012],[106.91515,11.22879],[106.91409,11.22723],[106.91405,11.22643],[106.91437,11.22593],[106.9176,11.22348],[106.91818,11.22166],[106.91804,11.21987],[106.91601,11.21513],[106.9148,11.21415],[106.91181,11.21406],[106.91038,11.21348],[106.90795,11.21101],[106.9037,11.2109],[106.90196,11.21057],[106.90142,11.20988],[106.90125,11.20896],[106.90154,11.2077],[106.90224,11.2066],[106.9032,11.20585],[106.90566,11.20489],[106.90678,11.20369],[106.90722,11.20273],[106.90758,11.20046],[106.90725,11.19797],[106.90613,11.19627],[106.90562,11.19504],[106.90562,11.19422],[106.90616,11.19301],[106.90746,11.19205],[106.90817,11.19193],[106.91265,11.19314],[106.91406,11.19321],[106.91611,11.19285],[106.91912,11.19302],[106.92005,11.19283],[106.92093,11.19197],[106.92126,11.19097],[106.92141,11.18881],[106.92069,11.18886],[106.9203,11.18929],[106.91981,11.18913],[106.91966,11.18869],[106.91928,11.18871],[106.91912,11.18831],[106.91857,11.18826],[106.91869,11.18663],[106.91845,11.18566],[106.91714,11.18493],[106.91729,11.18439],[106.9168,11.18353],[106.91634,11.18322],[106.91621,11.18277],[106.91639,11.1824],[106.91581,11.18205],[106.91589,11.18095],[106.91534,11.17985],[106.91572,11.17946],[106.9155,11.17817],[106.91585,11.17777],[106.91851,11.17749],[106.91882,11.1752],[106.91845,11.17311],[106.91737,11.17146],[106.91682,11.17139],[106.91523,11.16603],[106.90901,11.16721],[106.908,11.16206],[106.90398,11.15095],[106.89849,11.14752],[106.89706,11.1473],[106.8963,11.14666],[106.89651,11.14633],[106.89605,11.14507],[106.89722,11.1445],[106.89764,11.14328],[106.89807,11.14312],[106.89862,11.14137],[106.89971,11.14004],[106.89977,11.13942],[106.90012,11.13907],[106.90036,11.13845],[106.90017,11.13791],[106.90113,11.13745],[106.90092,11.13636],[106.90184,11.13603],[106.90207,11.13468],[106.9028,11.13419],[106.90262,11.13314],[106.90352,11.1327],[106.90399,11.13209],[106.90441,11.13202],[106.90474,11.13118],[106.90519,11.13091],[106.90554,11.12977],[106.90641,11.12927],[106.90644,11.12874],[106.9072,11.12865],[106.908,11.12901],[106.90582,11.1266],[106.9036,11.12499],[106.90051,11.1234],[106.89572,11.12126],[106.89354,11.1206],[106.88831,11.11813],[106.88711,11.11717],[106.88325,11.10976],[106.8817,11.10634],[106.88162,11.10562],[106.88019,11.10215],[106.87995,11.10015],[106.8799,11.0956],[106.87649,11.09551],[106.87612,11.09343],[106.87563,11.0933],[106.87544,11.09374],[106.87445,11.09303],[106.87409,11.09354],[106.87181,11.09358],[106.87156,11.09393],[106.87086,11.09331],[106.87062,11.0938],[106.87022,11.09397],[106.86902,11.09356],[106.86727,11.09351],[106.8666,11.09321],[106.8643,11.09395],[106.86362,11.09375],[106.86269,11.09412],[106.86246,11.09388],[106.86202,11.09415],[106.86164,11.09406],[106.8616,11.09444],[106.86061,11.09456],[106.86034,11.09484],[106.85975,11.0944],[106.8595,11.09461],[106.85912,11.09438],[106.858,11.09447],[106.85671,11.09385],[106.8563,11.09341],[106.85558,11.09367],[106.85487,11.09343],[106.8539,11.09371],[106.85369,11.09337],[106.85267,11.09323],[106.85218,11.0929],[106.85123,11.09289],[106.85105,11.09248],[106.85076,11.09283],[106.84987,11.09259],[106.84928,11.0918],[106.84836,11.09131],[106.84773,11.09136],[106.84753,11.0911],[106.84683,11.0913],[106.84633,11.09097],[106.84577,11.09114],[106.84436,11.0897],[106.84348,11.08946],[106.84275,11.08869],[106.8422,11.0889],[106.83994,11.08847],[106.83918,11.08774],[106.83752,11.08751],[106.8366,11.08682],[106.83482,11.08733],[106.83341,11.08704],[106.83218,11.0878],[106.83073,11.08787],[106.8302,11.08809],[106.82988,11.08854],[106.82846,11.08878],[106.82768,11.08926],[106.82694,11.09008],[106.82688,11.09046],[106.82647,11.09055],[106.82549,11.09168],[106.82523,11.09283],[106.82451,11.09315],[106.824,11.0942],[106.82407,11.09472],[106.82306,11.09587],[106.82299,11.09758],[106.82347,11.09831],[106.82314,11.09902],[106.82393,11.10178],[106.82355,11.10417],[106.82319,11.10471],[106.82338,11.105],[106.8233,11.10605],[106.82275,11.10726],[106.82309,11.10778],[106.82281,11.10854],[106.82286,11.10947],[106.82252,11.11071],[106.82188,11.11119],[106.82145,11.11192],[106.8213,11.11291],[106.82216,11.1166],[106.82221,11.1189],[106.82373,11.11905],[106.82227,11.12789],[106.8222,11.13715],[106.82642,11.13743],[106.82645,11.14567],[106.82612,11.14918],[106.82694,11.1492],[106.82709,11.14898],[106.82858,11.14965],[106.82859,11.15371],[106.82705,11.15388],[106.8263,11.15521],[106.82485,11.15524],[106.82437,11.15762],[106.82399,11.15794],[106.82393,11.16607],[106.81655,11.16627],[106.81649,11.16663],[106.81417,11.16714],[106.81375,11.16824],[106.81285,11.16827],[106.81111,11.16785],[106.81119,11.17039],[106.81022,11.17018],[106.80959,11.17361],[106.80958,11.17557],[106.81001,11.17628],[106.8109,11.17704],[106.81154,11.17831],[106.81155,11.18001],[106.81106,11.18091],[106.81222,11.1821],[106.81293,11.18371],[106.81378,11.18463],[106.81397,11.18538],[106.81557,11.18764],[106.81567,11.18827],[106.81619,11.18846],[106.81705,11.1903],[106.8178,11.19087],[106.81792,11.19243],[106.81887,11.19269],[106.8191,11.19329],[106.82009,11.19416],[106.82124,11.19589],[106.82187,11.19625],[106.82278,11.19602],[106.82489,11.19627],[106.82549,11.19572],[106.82641,11.19541],[106.82714,11.19473],[106.8284,11.1945],[106.82872,11.19401],[106.82983,11.19404],[106.83122,11.19311],[106.83156,11.19314],[106.8314,11.19363],[106.8317,11.19384],[106.83265,11.19382],[106.83282,11.19419],[106.83321,11.19418],[106.83435,11.19504],[106.83507,11.195],[106.83541,11.19571],[106.83504,11.19604],[106.83549,11.19619],[106.83609,11.19741],[106.83685,11.1979],[106.83685,11.19811],[106.83602,11.19862],[106.83706,11.19838],[106.83718,11.19885],[106.83657,11.19916],[106.83654,11.1997],[106.83731,11.19961],[106.83765,11.19986],[106.83801,11.20151],[106.83764,11.20216],[106.83774,11.20338],[106.83742,11.20368],[106.83707,11.20291],[106.83663,11.20315],[106.83772,11.20471],[106.83659,11.20422],[106.83584,11.20553],[106.83627,11.20705],[106.83655,11.20734],[106.83739,11.20747],[106.83726,11.2082],[106.83617,11.2091],[106.83628,11.20929],[106.83688,11.20901],[106.83721,11.2091],[106.83722,11.2098],[106.83567,11.20989],[106.83527,11.21013],[106.83509,11.21065],[106.83583,11.21141],[106.83582,11.21179],[106.83834,11.2127],[106.83896,11.21338],[106.83912,11.21454],[106.83891,11.21603],[106.83834,11.21667],[106.83708,11.2174],[106.83423,11.2182],[106.83221,11.21828],[106.82864,11.21743],[106.82733,11.21744],[106.82709,11.21785],[106.8275,11.21975],[106.82794,11.22081],[106.83092,11.22555],[106.83209,11.22676],[106.83421,11.22735],[106.83759,11.22606],[106.83878,11.22597],[106.83992,11.22619],[106.84154,11.2275],[106.84354,11.2312],[106.84465,11.23265],[106.84647,11.23365],[106.84974,11.23444],[106.8522,11.23583],[106.85365,11.23705],[106.85418,11.23788],[106.85439,11.23911],[106.85403,11.24099],[106.85283,11.24203],[106.84963,11.24289],[106.84874,11.24508],[106.84861,11.2465],[106.84888,11.24855],[106.8495,11.25058],[106.84958,11.25203],[106.85026,11.25423],[106.85125,11.25397],[106.85271,11.25409],[106.85478,11.25546],[106.85549,11.2554],[106.85747,11.25404]]]}},{"type":"Feature","properties":{"code":"25909","name":"Thường Tân","fullName":"Xã Thường Tân","c":[11.09616,106.91117]},"geometry":{"type":"Polygon","coordinates":[[[106.93438,11.18797],[106.93606,11.18539],[106.938,11.18101],[106.94007,11.17849],[106.94124,11.17773],[106.94236,11.17737],[106.94421,11.17759],[106.94521,11.17732],[106.94569,11.1769],[106.94596,11.17621],[106.94558,11.17427],[106.94491,11.17328],[106.9414,11.16972],[106.94097,11.16853],[106.94115,11.16787],[106.94163,11.16733],[106.94411,11.16641],[106.94801,11.16606],[106.94979,11.16548],[106.95326,11.16378],[106.95422,11.16249],[106.95568,11.15863],[106.95539,11.15537],[106.95549,11.15354],[106.95576,11.15288],[106.95624,11.1524],[106.95821,11.15143],[106.96419,11.1499],[106.96512,11.1493],[106.96554,11.14879],[106.96667,11.14513],[106.9666,11.14409],[106.96617,11.1434],[106.96462,11.14245],[106.95533,11.1421],[106.95435,11.14141],[106.95402,11.14061],[106.95401,11.13914],[106.95424,11.13855],[106.95608,11.13725],[106.95665,11.13659],[106.95707,11.13521],[106.95688,11.1341],[106.95633,11.13294],[106.95359,11.13048],[106.95331,11.12991],[106.95339,11.12893],[106.95553,11.12646],[106.95638,11.12398],[106.95828,11.12031],[106.95992,11.1185],[106.96259,11.11672],[106.96325,11.11495],[106.96537,11.11174],[106.96581,11.10965],[106.96557,11.1081],[106.96287,11.10759],[106.95951,11.10795],[106.95871,11.10777],[106.9578,11.10712],[106.95736,11.10646],[106.95741,11.10529],[106.95949,11.10225],[106.95964,11.10128],[106.95937,11.1003],[106.95874,11.09959],[106.95783,11.09906],[106.95436,11.0983],[106.95283,11.09755],[106.95209,11.09666],[106.95018,11.09308],[106.94758,11.09036],[106.94688,11.08912],[106.94672,11.08804],[106.94721,11.08444],[106.94672,11.08307],[106.94526,11.08052],[106.94496,11.07896],[106.94514,11.07752],[106.9462,11.0763],[106.94995,11.07455],[106.95198,11.07329],[106.95246,11.07233],[106.95243,11.07087],[106.95165,11.0698],[106.95005,11.06854],[106.94903,11.06705],[106.9484,11.06472],[106.94847,11.0619],[106.94823,11.06052],[106.9471,11.05848],[106.94545,11.05731],[106.94394,11.05685],[106.94156,11.05687],[106.94002,11.05816],[106.93792,11.06227],[106.93697,11.06335],[106.93598,11.06416],[106.9349,11.06463],[106.93337,11.06484],[106.93221,11.06457],[106.93089,11.06358],[106.92985,11.06248],[106.92876,11.06048],[106.92736,11.05897],[106.92253,11.05618],[106.92199,11.05506],[106.92218,11.05368],[106.92322,11.05057],[106.9233,11.04887],[106.92284,11.04714],[106.9222,11.04636],[106.92131,11.04591],[106.91484,11.0432],[106.91365,11.04233],[106.9127,11.04127],[106.912,11.03944],[106.9118,11.03802],[106.91122,11.02693],[106.91031,11.0245],[106.90966,11.02365],[106.90808,11.02232],[106.90709,11.02195],[106.90579,11.02205],[106.90281,11.02358],[106.89981,11.02617],[106.89801,11.0272],[106.8951,11.02781],[106.89254,11.02747],[106.88808,11.0261],[106.87536,11.02022],[106.87339,11.01986],[106.87137,11.02027],[106.86915,11.02156],[106.86746,11.02291],[106.86174,11.0295],[106.85955,11.03172],[106.85819,11.03267],[106.85671,11.03337],[106.85179,11.03424],[106.84766,11.0353],[106.84636,11.03577],[106.84199,11.03815],[106.83995,11.03978],[106.83862,11.04134],[106.83768,11.04329],[106.83703,11.04562],[106.83846,11.04605],[106.84017,11.04708],[106.84173,11.04767],[106.84288,11.04711],[106.84366,11.04819],[106.84844,11.05066],[106.85025,11.05017],[106.85071,11.04981],[106.85119,11.05031],[106.84948,11.0524],[106.85073,11.0534],[106.85399,11.0582],[106.86185,11.06203],[106.86789,11.07499],[106.86646,11.07787],[106.8757,11.09331],[106.87612,11.09343],[106.87639,11.09543],[106.8799,11.0956],[106.88007,11.10179],[106.88192,11.10686],[106.88688,11.11691],[106.88831,11.11813],[106.89354,11.1206],[106.89572,11.12126],[106.90051,11.1234],[106.9036,11.12499],[106.90582,11.1266],[106.908,11.12901],[106.9072,11.12865],[106.90644,11.12874],[106.90641,11.12927],[106.90554,11.12977],[106.90519,11.13091],[106.90474,11.13118],[106.90441,11.13202],[106.90399,11.13209],[106.90352,11.1327],[106.90262,11.13314],[106.9028,11.13419],[106.90207,11.13468],[106.90184,11.13603],[106.90092,11.13636],[106.90113,11.13745],[106.90017,11.13791],[106.90036,11.13845],[106.90012,11.13907],[106.89977,11.13942],[106.89971,11.14004],[106.89862,11.14137],[106.89807,11.14312],[106.89764,11.14328],[106.89722,11.1445],[106.89605,11.14507],[106.89651,11.14633],[106.8963,11.14666],[106.89706,11.1473],[106.89849,11.14752],[106.90398,11.15095],[106.908,11.16206],[106.90901,11.16721],[106.91523,11.16603],[106.91682,11.17139],[106.91737,11.17146],[106.91845,11.17311],[106.91876,11.17404],[106.91851,11.17749],[106.91585,11.17777],[106.9155,11.17817],[106.91572,11.17946],[106.91534,11.17985],[106.91589,11.18095],[106.91581,11.18205],[106.91639,11.1824],[106.91621,11.18277],[106.91634,11.18322],[106.9168,11.18353],[106.91729,11.18439],[106.9171,11.18487],[106.91845,11.18566],[106.91869,11.18663],[106.91857,11.18826],[106.91912,11.18831],[106.91928,11.18871],[106.91975,11.18876],[106.91981,11.18913],[106.92041,11.18929],[106.92069,11.18886],[106.92141,11.18881],[106.92163,11.18805],[106.92233,11.18736],[106.92353,11.18681],[106.92411,11.18687],[106.92691,11.18957],[106.93036,11.18982],[106.9323,11.18951],[106.93333,11.18902],[106.93438,11.18797]]]}},{"type":"Feature","properties":{"code":"25912","name":"Vĩnh Tân","fullName":"Phường Vĩnh Tân","c":[11.18854,106.72444]},"geometry":{"type":"Polygon","coordinates":[[[106.72914,11.19031],[106.72962,11.19017],[106.73041,11.19239],[106.73239,11.19242],[106.73256,11.19399],[106.73201,11.19561],[106.73226,11.19706],[106.73337,11.19831],[106.73367,11.19907],[106.73458,11.19977],[106.73537,11.19973],[106.73671,11.20017],[106.73849,11.20012],[106.74065,11.20061],[106.74204,11.2004],[106.74319,11.20053],[106.74378,11.20022],[106.74477,11.20013],[106.74536,11.1997],[106.74672,11.20007],[106.74706,11.20052],[106.74804,11.201],[106.74821,11.20144],[106.74868,11.20161],[106.74883,11.20247],[106.75054,11.20458],[106.75079,11.20513],[106.75029,11.20572],[106.75034,11.20634],[106.75101,11.20813],[106.75222,11.20932],[106.75377,11.21009],[106.7581,11.21054],[106.75856,11.19084],[106.76198,11.19074],[106.76216,11.19036],[106.76252,11.19039],[106.76157,11.18849],[106.76045,11.18906],[106.75999,11.1889],[106.75758,11.18665],[106.75682,11.18645],[106.75577,11.18513],[106.75471,11.18519],[106.75431,11.18469],[106.75456,11.18418],[106.75326,11.18182],[106.7349,11.18131],[106.73453,11.18169],[106.72512,11.18035],[106.72174,11.17136],[106.71258,11.1489],[106.71251,11.1429],[106.71346,11.13829],[106.71316,11.13688],[106.71382,11.13707],[106.71461,11.13912],[106.71553,11.13964],[106.71615,11.14073],[106.71919,11.14178],[106.71967,11.14104],[106.71948,11.14045],[106.71907,11.14013],[106.71915,11.13981],[106.72,11.13908],[106.72254,11.13893],[106.72413,11.13681],[106.72748,11.13837],[106.7279,11.13598],[106.73235,11.13636],[106.73268,11.13354],[106.73561,11.13473],[106.73566,11.1327],[106.73605,11.13224],[106.73665,11.13256],[106.73691,11.13202],[106.73691,11.13074],[106.73719,11.13068],[106.73708,11.12842],[106.73559,11.1287],[106.73559,11.12675],[106.73625,11.12604],[106.73664,11.12478],[106.73591,11.12456],[106.7359,11.12419],[106.7356,11.12398],[106.73582,11.12334],[106.73473,11.12336],[106.73393,11.12073],[106.7376,11.1202],[106.73765,11.11939],[106.73625,11.11837],[106.73551,11.11831],[106.73537,11.11695],[106.7368,11.11535],[106.73807,11.11497],[106.73758,11.11367],[106.73792,11.11354],[106.73714,11.11037],[106.7373,11.10917],[106.73777,11.10872],[106.73752,11.10813],[106.7371,11.10785],[106.73699,11.10733],[106.7362,11.10711],[106.73626,11.10678],[106.73592,11.10626],[106.73527,11.10575],[106.73493,11.10578],[106.73459,11.10499],[106.73295,11.10426],[106.73158,11.10266],[106.73087,11.1027],[106.73016,11.10179],[106.72917,11.10141],[106.72853,11.10052],[106.72871,11.10018],[106.7283,11.10014],[106.72805,11.09945],[106.72722,11.09889],[106.7268,11.09824],[106.72684,11.09753],[106.72642,11.09713],[106.72665,11.0966],[106.72649,11.09579],[106.72601,11.09464],[106.72607,11.09335],[106.72678,11.09162],[106.72684,11.09074],[106.7272,11.09049],[106.72762,11.08909],[106.72845,11.08854],[106.72842,11.08728],[106.72879,11.08696],[106.72838,11.08547],[106.7281,11.08529],[106.72798,11.08305],[106.72731,11.08197],[106.72741,11.081],[106.72841,11.07967],[106.72807,11.07884],[106.72815,11.07758],[106.72768,11.07727],[106.72729,11.07633],[106.7275,11.07618],[106.72747,11.07575],[106.72708,11.07592],[106.72684,11.07564],[106.72709,11.07529],[106.72607,11.07485],[106.72572,11.07497],[106.72569,11.07459],[106.72515,11.07422],[106.72478,11.07447],[106.72428,11.07356],[106.7243,11.07287],[106.72312,11.07146],[106.72249,11.07121],[106.72245,11.07074],[106.72216,11.07047],[106.72228,11.07002],[106.72173,11.06986],[106.7219,11.06946],[106.72114,11.06873],[106.72131,11.06797],[106.72083,11.06685],[106.72088,11.06622],[106.72154,11.06552],[106.72105,11.06532],[106.71954,11.06685],[106.71932,11.06738],[106.71891,11.06753],[106.71894,11.06809],[106.71814,11.06827],[106.71823,11.06912],[106.7175,11.07002],[106.71758,11.07099],[106.71697,11.07131],[106.71694,11.07229],[106.71591,11.07343],[106.71601,11.07409],[106.71534,11.07506],[106.71541,11.07593],[106.71512,11.07684],[106.71379,11.078],[106.71401,11.07903],[106.71366,11.08005],[106.71303,11.08065],[106.71243,11.08071],[106.71197,11.08185],[106.71112,11.08232],[106.71088,11.08268],[106.71095,11.08322],[106.70997,11.08465],[106.70948,11.08466],[106.70909,11.08526],[106.70829,11.08518],[106.70814,11.08543],[106.70861,11.08611],[106.70683,11.08782],[106.70679,11.08811],[106.70543,11.08833],[106.7043,11.08976],[106.70201,11.09114],[106.70077,11.09234],[106.69945,11.09514],[106.69703,11.09863],[106.69615,11.09951],[106.69568,11.10053],[106.69471,11.10144],[106.69375,11.10139],[106.69352,11.10193],[106.69285,11.1023],[106.69289,11.10275],[106.69365,11.10356],[106.69351,11.10435],[106.69295,11.1047],[106.69356,11.1054],[106.69345,11.10615],[106.69301,11.10634],[106.69251,11.10706],[106.69248,11.10811],[106.69297,11.10874],[106.69267,11.10932],[106.693,11.11134],[106.69359,11.11248],[106.69363,11.11343],[106.69415,11.11388],[106.6935,11.11531],[106.6937,11.11721],[106.69353,11.1185],[106.69299,11.11896],[106.69305,11.11975],[106.69268,11.11999],[106.69251,11.12081],[106.69266,11.12114],[106.69219,11.12173],[106.69232,11.12237],[106.69172,11.12373],[106.69103,11.12374],[106.6904,11.12427],[106.69042,11.12591],[106.69,11.12659],[106.68946,11.12675],[106.68948,11.12732],[106.6878,11.13013],[106.68712,11.13217],[106.68654,11.13225],[106.68629,11.13262],[106.68579,11.13376],[106.68594,11.13411],[106.68566,11.13566],[106.6852,11.13589],[106.68521,11.13634],[106.68449,11.13778],[106.68469,11.13927],[106.68385,11.13972],[106.68332,11.14103],[106.68329,11.14199],[106.68397,11.14309],[106.6835,11.14343],[106.68331,11.14427],[106.68346,11.14556],[106.68378,11.14567],[106.68349,11.14686],[106.68366,11.1487],[106.68351,11.15054],[106.68254,11.15219],[106.68265,11.15349],[106.68221,11.15367],[106.68234,11.15418],[106.68213,11.15505],[106.68102,11.1554],[106.68011,11.15527],[106.68041,11.15756],[106.67901,11.15778],[106.68021,11.16122],[106.68029,11.16208],[106.67934,11.16201],[106.67946,11.16266],[106.68342,11.17784],[106.6832,11.178],[106.68317,11.18032],[106.68362,11.18262],[106.68457,11.18307],[106.68763,11.18619],[106.69083,11.19076],[106.69207,11.19185],[106.69488,11.19326],[106.69585,11.19412],[106.69618,11.19479],[106.69564,11.19542],[106.69692,11.19684],[106.69756,11.19698],[106.69897,11.1966],[106.69934,11.19672],[106.70111,11.19806],[106.70381,11.20061],[106.70502,11.20105],[106.70667,11.20103],[106.70775,11.20175],[106.70893,11.2019],[106.709,11.20142],[106.72172,11.20281],[106.72468,11.18957],[106.72914,11.19031]]]}},{"type":"Feature","properties":{"code":"25915","name":"Bình Cơ","fullName":"Phường Bình Cơ","c":[11.15299,106.76494]},"geometry":{"type":"Polygon","coordinates":[[[106.82778,11.20993],[106.82981,11.2091],[106.83115,11.20915],[106.83239,11.20962],[106.83376,11.21073],[106.83582,11.21179],[106.83583,11.21141],[106.83512,11.21073],[106.83527,11.21013],[106.83567,11.20989],[106.83722,11.2098],[106.83721,11.2091],[106.83688,11.20901],[106.83628,11.20929],[106.83617,11.2091],[106.83726,11.2082],[106.83739,11.20747],[106.83655,11.20734],[106.83627,11.20705],[106.83584,11.20553],[106.83659,11.20422],[106.83772,11.20471],[106.83663,11.20315],[106.83707,11.20291],[106.83742,11.20368],[106.83774,11.20338],[106.83764,11.20216],[106.83801,11.20151],[106.83765,11.19986],[106.83731,11.19961],[106.83654,11.1997],[106.83657,11.19916],[106.83718,11.19885],[106.83706,11.19838],[106.83602,11.19862],[106.83685,11.19811],[106.83685,11.1979],[106.83609,11.19741],[106.83549,11.19619],[106.83504,11.19604],[106.83541,11.19571],[106.83507,11.195],[106.83435,11.19504],[106.83321,11.19418],[106.83282,11.19419],[106.83265,11.19382],[106.8317,11.19384],[106.8314,11.19363],[106.83156,11.19314],[106.83122,11.19311],[106.82983,11.19404],[106.82872,11.19401],[106.8284,11.1945],[106.82714,11.19473],[106.82641,11.19541],[106.82549,11.19572],[106.82489,11.19627],[106.82329,11.19604],[106.82159,11.19612],[106.81981,11.19381],[106.8191,11.19329],[106.81887,11.19269],[106.81792,11.19243],[106.8178,11.19087],[106.81705,11.1903],[106.81619,11.18846],[106.81567,11.18827],[106.81557,11.18764],[106.81397,11.18538],[106.81378,11.18463],[106.81293,11.18371],[106.81222,11.1821],[106.81106,11.18091],[106.81155,11.18001],[106.81165,11.17874],[106.8109,11.17704],[106.81001,11.17628],[106.80958,11.17557],[106.80956,11.17395],[106.8091,11.17367],[106.80773,11.1736],[106.80705,11.17299],[106.80552,11.17005],[106.80452,11.16934],[106.80325,11.16752],[106.80171,11.1664],[106.80105,11.16505],[106.79933,11.16423],[106.79723,11.16387],[106.79186,11.16232],[106.79052,11.16244],[106.78864,11.16321],[106.78735,11.16306],[106.78515,11.16142],[106.78453,11.16135],[106.78353,11.16072],[106.78237,11.16065],[106.78133,11.15943],[106.78123,11.15838],[106.78049,11.15838],[106.78074,11.15742],[106.77826,11.15617],[106.77826,11.15483],[106.77351,11.15474],[106.77381,11.14075],[106.77994,11.14074],[106.77939,11.13382],[106.78356,11.13695],[106.78462,11.13496],[106.78384,11.13498],[106.784,11.13265],[106.78349,11.12398],[106.78329,11.11372],[106.77888,11.1138],[106.77883,11.09544],[106.77444,11.09547],[106.77139,11.08967],[106.76633,11.09212],[106.76606,11.09164],[106.76396,11.09256],[106.76296,11.09103],[106.76263,11.09119],[106.7621,11.09027],[106.7601,11.09014],[106.75748,11.08771],[106.75683,11.08872],[106.75694,11.09136],[106.75239,11.09158],[106.75257,11.09603],[106.74803,11.09647],[106.74819,11.10095],[106.74296,11.10386],[106.74356,11.10481],[106.74374,11.10558],[106.74394,11.11001],[106.74335,11.11012],[106.74306,11.10975],[106.74202,11.11036],[106.74219,11.11056],[106.74192,11.11081],[106.74056,11.10969],[106.73864,11.1088],[106.73804,11.10896],[106.73777,11.10872],[106.73732,11.10912],[106.73714,11.11037],[106.73792,11.11354],[106.73758,11.11367],[106.73807,11.11497],[106.7368,11.11535],[106.73537,11.11698],[106.73551,11.11831],[106.73625,11.11837],[106.73765,11.11939],[106.7376,11.1202],[106.73393,11.12073],[106.73473,11.12336],[106.73582,11.12334],[106.7356,11.12398],[106.7359,11.12419],[106.73591,11.12456],[106.73664,11.12478],[106.73625,11.12604],[106.73559,11.12675],[106.73559,11.1287],[106.73708,11.12842],[106.73719,11.13068],[106.73691,11.13074],[106.73691,11.13202],[106.73665,11.13256],[106.73605,11.13224],[106.73566,11.1327],[106.73561,11.13473],[106.73268,11.13354],[106.73235,11.13636],[106.7279,11.13598],[106.72748,11.13837],[106.72413,11.13681],[106.72254,11.13893],[106.72,11.13908],[106.71915,11.13981],[106.71907,11.14013],[106.71948,11.14045],[106.71967,11.14104],[106.71948,11.14161],[106.71903,11.14182],[106.71615,11.14073],[106.71553,11.13964],[106.71461,11.13912],[106.71382,11.13707],[106.71316,11.13688],[106.71346,11.13829],[106.71251,11.1429],[106.71258,11.1489],[106.72174,11.17136],[106.72512,11.18035],[106.73453,11.18169],[106.7349,11.18131],[106.75326,11.18182],[106.75456,11.18418],[106.75431,11.18469],[106.75471,11.18519],[106.75577,11.18513],[106.75682,11.18645],[106.75758,11.18665],[106.75999,11.1889],[106.76045,11.18906],[106.76157,11.18849],[106.76264,11.19044],[106.76345,11.19018],[106.7642,11.18947],[106.7644,11.18921],[106.76427,11.18837],[106.78016,11.18884],[106.78991,11.18849],[106.79369,11.18914],[106.79361,11.19063],[106.7929,11.19307],[106.79438,11.19313],[106.79407,11.20185],[106.80376,11.19391],[106.81333,11.20464],[106.81399,11.20468],[106.81359,11.20554],[106.81599,11.20657],[106.81625,11.20619],[106.8164,11.20632],[106.81842,11.2085],[106.819,11.21046],[106.82065,11.21001],[106.82015,11.21146],[106.81978,11.21533],[106.82077,11.21692],[106.82167,11.2177],[106.82371,11.21768],[106.82338,11.21527],[106.82359,11.21362],[106.82506,11.2119],[106.82778,11.20993]]]}},{"type":"Feature","properties":{"code":"25920","name":"Tân Hiệp","fullName":"Phường Tân Hiệp","c":[11.05674,106.74733]},"geometry":{"type":"Polygon","coordinates":[[[106.70911,11.05823],[106.7086,11.06056],[106.70929,11.06011],[106.70991,11.05907],[106.71043,11.059],[106.71084,11.05939],[106.71414,11.06026],[106.71471,11.06061],[106.71542,11.06061],[106.71669,11.06125],[106.71786,11.06132],[106.71901,11.06216],[106.72002,11.06256],[106.72284,11.06265],[106.72232,11.06404],[106.72158,11.06474],[106.72153,11.06556],[106.72088,11.06622],[106.72083,11.06685],[106.72131,11.06797],[106.72114,11.06873],[106.7219,11.06946],[106.72173,11.06986],[106.72228,11.07002],[106.72216,11.07047],[106.72245,11.07074],[106.72249,11.07121],[106.72312,11.07146],[106.7243,11.07287],[106.72428,11.07356],[106.72469,11.07437],[106.72488,11.07451],[106.72515,11.07422],[106.72569,11.07459],[106.72572,11.07497],[106.72607,11.07485],[106.72709,11.07529],[106.72683,11.07559],[106.72703,11.07589],[106.72747,11.07575],[106.7275,11.07618],[106.72727,11.07625],[106.72768,11.07727],[106.72815,11.07758],[106.72807,11.07884],[106.72841,11.07956],[106.72741,11.081],[106.72731,11.08197],[106.72798,11.08305],[106.7281,11.08529],[106.72838,11.08547],[106.72879,11.08706],[106.72842,11.08728],[106.72845,11.08854],[106.72762,11.08909],[106.7272,11.09049],[106.72684,11.09074],[106.72678,11.09162],[106.72607,11.09335],[106.72601,11.09464],[106.72649,11.09579],[106.72665,11.0966],[106.72642,11.09713],[106.72684,11.09753],[106.7268,11.09824],[106.72722,11.09889],[106.72805,11.09945],[106.7283,11.10014],[106.72871,11.10018],[106.72853,11.10052],[106.72917,11.10141],[106.73016,11.10179],[106.73087,11.1027],[106.73158,11.10266],[106.73295,11.10426],[106.73459,11.10499],[106.73493,11.10578],[106.73527,11.10575],[106.73592,11.10626],[106.73626,11.10678],[106.7362,11.10711],[106.73699,11.10733],[106.7371,11.10785],[106.73752,11.10813],[106.73788,11.10892],[106.73855,11.10878],[106.73974,11.10921],[106.74192,11.11081],[106.74219,11.11056],[106.74202,11.11036],[106.74306,11.10975],[106.74335,11.11012],[106.74394,11.11001],[106.74374,11.10558],[106.74356,11.10481],[106.74296,11.10386],[106.74819,11.10095],[106.74803,11.09647],[106.75257,11.09603],[106.75239,11.09158],[106.75694,11.09136],[106.75683,11.08872],[106.75748,11.08771],[106.7601,11.09014],[106.7621,11.09027],[106.76263,11.09119],[106.76296,11.09103],[106.76396,11.09256],[106.76606,11.09164],[106.76633,11.09212],[106.77139,11.08967],[106.76036,11.06788],[106.76723,11.06781],[106.76711,11.06331],[106.76778,11.06331],[106.76771,11.05808],[106.7702,11.05542],[106.77158,11.05459],[106.77269,11.05228],[106.77384,11.0515],[106.77592,11.05082],[106.77695,11.04918],[106.77809,11.04893],[106.78009,11.04769],[106.77961,11.04704],[106.7799,11.04675],[106.77975,11.04621],[106.78017,11.04522],[106.78,11.04475],[106.78018,11.0444],[106.78065,11.04409],[106.78321,11.04379],[106.78264,11.04232],[106.78295,11.04016],[106.78274,11.03967],[106.78012,11.0374],[106.7791,11.03547],[106.77971,11.03187],[106.7805,11.02961],[106.78049,11.02857],[106.77954,11.02394],[106.77957,11.02284],[106.77987,11.02206],[106.78143,11.02004],[106.7812,11.01893],[106.77958,11.01539],[106.77801,11.01361],[106.77489,11.01535],[106.77561,11.01641],[106.77429,11.01797],[106.77272,11.01884],[106.76948,11.02167],[106.76955,11.02217],[106.76454,11.02541],[106.76333,11.02337],[106.7615,11.02126],[106.76062,11.02077],[106.75983,11.02083],[106.75975,11.0203],[106.75753,11.01588],[106.75381,11.01417],[106.75368,11.01388],[106.75413,11.01338],[106.75358,11.01278],[106.75249,11.013],[106.75209,11.01345],[106.75063,11.01309],[106.75023,11.01353],[106.75115,11.0144],[106.75112,11.01465],[106.74956,11.0153],[106.74895,11.01626],[106.74824,11.01595],[106.74779,11.01659],[106.74704,11.01648],[106.74655,11.01684],[106.74608,11.0177],[106.74663,11.01881],[106.74648,11.01925],[106.7445,11.01937],[106.74422,11.01982],[106.74341,11.02009],[106.74293,11.02057],[106.74213,11.0205],[106.74142,11.02118],[106.74132,11.02229],[106.74021,11.02289],[106.73989,11.02354],[106.74012,11.02432],[106.73973,11.02511],[106.73852,11.02638],[106.7385,11.02739],[106.73767,11.02793],[106.73752,11.03048],[106.73668,11.03112],[106.73521,11.03103],[106.73328,11.0323],[106.73177,11.0317],[106.7302,11.03226],[106.72849,11.03207],[106.72806,11.0323],[106.72733,11.03221],[106.72689,11.03278],[106.72589,11.03325],[106.72366,11.03314],[106.72181,11.03379],[106.72046,11.03369],[106.71939,11.03402],[106.71694,11.03345],[106.71512,11.0338],[106.71428,11.03359],[106.71304,11.03267],[106.71193,11.03256],[106.71034,11.03182],[106.71029,11.03333],[106.71187,11.03444],[106.71153,11.03533],[106.71188,11.03607],[106.71413,11.03672],[106.71382,11.03741],[106.71387,11.03859],[106.71333,11.03927],[106.71319,11.04029],[106.71335,11.04046],[106.71513,11.04048],[106.71543,11.03997],[106.71597,11.04002],[106.71723,11.0407],[106.71765,11.04071],[106.71766,11.04097],[106.71895,11.04104],[106.71924,11.04127],[106.71921,11.04211],[106.71875,11.04212],[106.71908,11.04296],[106.71885,11.04319],[106.71869,11.04502],[106.71726,11.04903],[106.71613,11.0508],[106.71355,11.0562],[106.7118,11.05565],[106.71129,11.05708],[106.71045,11.0569],[106.71031,11.05716],[106.70908,11.05739],[106.70911,11.05823]]]}},{"type":"Feature","properties":{"code":"25942","name":"Dĩ An","fullName":"Phường Dĩ An","c":[10.90194,106.7561]},"geometry":{"type":"Polygon","coordinates":[[[106.74368,10.88081],[106.74315,10.88025],[106.74119,10.88133],[106.74026,10.8807],[106.73964,10.88103],[106.73841,10.87942],[106.73724,10.88027],[106.737,10.87984],[106.73641,10.88018],[106.73608,10.87958],[106.73544,10.88025],[106.73417,10.88053],[106.73898,10.88861],[106.73973,10.89042],[106.74212,10.93213],[106.74514,10.93249],[106.74483,10.93337],[106.74604,10.93412],[106.74713,10.93413],[106.74672,10.93467],[106.75072,10.93721],[106.75622,10.92941],[106.76521,10.92499],[106.76625,10.92259],[106.76741,10.92124],[106.76849,10.91885],[106.76871,10.91585],[106.77792,10.91319],[106.78117,10.91159],[106.78299,10.91005],[106.79463,10.90649],[106.79436,10.9056],[106.793,10.90584],[106.7929,10.9055],[106.79096,10.90478],[106.79038,10.90433],[106.78985,10.90233],[106.78924,10.9024],[106.7891,10.90165],[106.78865,10.90171],[106.78816,10.90225],[106.7872,10.90217],[106.78716,10.90286],[106.78441,10.90347],[106.78276,10.90358],[106.78239,10.90456],[106.7782,10.90467],[106.77744,10.90499],[106.77506,10.90478],[106.77502,10.90497],[106.77326,10.9051],[106.77307,10.90312],[106.77284,10.90259],[106.77238,10.90265],[106.77229,10.9018],[106.77073,10.90235],[106.77031,10.90136],[106.76904,10.90058],[106.7695,10.89964],[106.7695,10.89855],[106.76872,10.89711],[106.76857,10.89404],[106.769,10.89403],[106.76901,10.89372],[106.76841,10.8936],[106.76841,10.89233],[106.76726,10.89257],[106.76768,10.89167],[106.76687,10.89154],[106.76601,10.88845],[106.76534,10.88775],[106.76511,10.88683],[106.76465,10.88628],[106.76454,10.88488],[106.76413,10.8849],[106.76378,10.88382],[106.76182,10.88255],[106.76053,10.88126],[106.76197,10.87872],[106.7614,10.87851],[106.76187,10.87573],[106.76132,10.87453],[106.76175,10.87439],[106.76039,10.87238],[106.7622,10.87112],[106.76258,10.87045],[106.76341,10.86988],[106.76318,10.86871],[106.76234,10.86727],[106.75957,10.86689],[106.75754,10.86709],[106.75574,10.86639],[106.75471,10.86635],[106.75447,10.86682],[106.75191,10.86608],[106.75171,10.86637],[106.75063,10.86563],[106.75024,10.86616],[106.74979,10.86606],[106.74887,10.86845],[106.74789,10.8682],[106.74789,10.86928],[106.74729,10.86954],[106.74507,10.87344],[106.74866,10.87461],[106.74844,10.87511],[106.74622,10.87721],[106.74368,10.88081]]]}},{"type":"Feature","properties":{"code":"25945","name":"Tân Đông Hiệp","fullName":"Phường Tân Đông Hiệp","c":[10.94263,106.76958]},"geometry":{"type":"Polygon","coordinates":[[[106.79909,10.91573],[106.79626,10.91151],[106.79463,10.90649],[106.78299,10.91005],[106.78117,10.91159],[106.77833,10.91303],[106.76871,10.91585],[106.76849,10.91885],[106.76741,10.92124],[106.76625,10.92259],[106.76521,10.92499],[106.75592,10.92971],[106.75053,10.93749],[106.74948,10.93952],[106.74831,10.9447],[106.74807,10.94477],[106.74696,10.94723],[106.74578,10.95218],[106.74535,10.95311],[106.74531,10.95369],[106.74722,10.95754],[106.75088,10.96238],[106.75276,10.9641],[106.75393,10.96758],[106.7535,10.9678],[106.75279,10.96651],[106.75192,10.96768],[106.75151,10.96714],[106.75087,10.96768],[106.75143,10.96829],[106.75057,10.96972],[106.75011,10.96959],[106.74997,10.96988],[106.74951,10.96994],[106.74941,10.97069],[106.74895,10.97086],[106.74957,10.973],[106.74946,10.97483],[106.74971,10.97678],[106.74997,10.97717],[106.76548,10.97527],[106.76564,10.97561],[106.76501,10.97673],[106.76504,10.97792],[106.76722,10.98081],[106.76887,10.9805],[106.76913,10.97951],[106.77149,10.97724],[106.77219,10.97684],[106.77825,10.97532],[106.77907,10.97483],[106.78015,10.97369],[106.7815,10.97111],[106.78217,10.96859],[106.78341,10.96542],[106.7827,10.96432],[106.78092,10.96382],[106.77893,10.96281],[106.77729,10.96126],[106.77599,10.95948],[106.77362,10.95921],[106.77321,10.9594],[106.77295,10.96013],[106.77285,10.96209],[106.7722,10.96291],[106.77123,10.96336],[106.77158,10.96496],[106.7713,10.96528],[106.7701,10.96514],[106.76943,10.96421],[106.76776,10.96441],[106.76661,10.9635],[106.76643,10.9637],[106.76669,10.96419],[106.76645,10.96451],[106.76621,10.96396],[106.76578,10.96441],[106.76472,10.96354],[106.7643,10.96346],[106.76363,10.9648],[106.76208,10.96331],[106.76226,10.96271],[106.762,10.96194],[106.76248,10.96103],[106.76485,10.95977],[106.76515,10.95855],[106.76457,10.95799],[106.76476,10.95697],[106.76449,10.95658],[106.76452,10.95611],[106.76402,10.95602],[106.76364,10.95478],[106.76311,10.95437],[106.76267,10.95327],[106.76452,10.95217],[106.76619,10.95173],[106.76681,10.95217],[106.769,10.95178],[106.77024,10.95251],[106.77085,10.95203],[106.77112,10.95127],[106.77087,10.95103],[106.77035,10.95136],[106.76987,10.95095],[106.76991,10.94952],[106.76949,10.94903],[106.76927,10.94767],[106.76979,10.94617],[106.76992,10.94432],[106.77069,10.94287],[106.77167,10.94244],[106.77243,10.94174],[106.77266,10.94118],[106.77464,10.9399],[106.77492,10.93986],[106.77535,10.94035],[106.77649,10.93844],[106.77691,10.93927],[106.7783,10.9391],[106.77825,10.93846],[106.77758,10.93758],[106.77912,10.93686],[106.77967,10.93733],[106.7799,10.93715],[106.782,10.93826],[106.78243,10.93703],[106.78344,10.93558],[106.78337,10.93415],[106.78405,10.9326],[106.78562,10.93329],[106.78718,10.93284],[106.78869,10.93291],[106.79072,10.93189],[106.79172,10.93],[106.79137,10.92822],[106.79179,10.9267],[106.78803,10.92293],[106.78815,10.92215],[106.79442,10.92369],[106.79464,10.92309],[106.79649,10.92267],[106.79709,10.92206],[106.79885,10.9219],[106.80102,10.92014],[106.80203,10.91986],[106.79909,10.91573]]]}},{"type":"Feature","properties":{"code":"25951","name":"Đông Hoà","fullName":"Phường Đông Hoà","c":[10.89354,106.79928]},"geometry":{"type":"Polygon","coordinates":[[[106.81279,10.8788],[106.80859,10.87304],[106.80759,10.87398],[106.8053,10.87512],[106.80506,10.87437],[106.80444,10.87373],[106.80347,10.87353],[106.80131,10.87358],[106.79868,10.87205],[106.79819,10.87198],[106.79795,10.87225],[106.79777,10.87311],[106.79491,10.87354],[106.79386,10.87282],[106.79372,10.87251],[106.79218,10.8725],[106.79215,10.87197],[106.78893,10.87195],[106.78795,10.87006],[106.78777,10.86797],[106.78885,10.86716],[106.78318,10.86745],[106.77996,10.8684],[106.78071,10.87175],[106.78101,10.87181],[106.78092,10.87215],[106.78155,10.87316],[106.78191,10.87429],[106.78203,10.87684],[106.78191,10.87752],[106.78122,10.87808],[106.78129,10.87952],[106.78054,10.88146],[106.77672,10.88501],[106.77556,10.88714],[106.77125,10.89116],[106.77083,10.8923],[106.77007,10.89297],[106.76955,10.89385],[106.76901,10.89372],[106.769,10.89403],[106.76857,10.89404],[106.76872,10.89711],[106.7695,10.89855],[106.7695,10.89964],[106.76904,10.90058],[106.77031,10.90136],[106.77073,10.90235],[106.77229,10.9018],[106.77238,10.90265],[106.77284,10.90259],[106.77307,10.90312],[106.77326,10.9051],[106.77502,10.90497],[106.77506,10.90478],[106.77744,10.90499],[106.7782,10.90467],[106.78239,10.90456],[106.78276,10.90358],[106.78441,10.90347],[106.78716,10.90286],[106.7872,10.90217],[106.78816,10.90225],[106.78865,10.90171],[106.7891,10.90165],[106.78924,10.9024],[106.78985,10.90233],[106.79038,10.90433],[106.79096,10.90478],[106.7929,10.9055],[106.793,10.90584],[106.79436,10.9056],[106.79645,10.91188],[106.80203,10.91986],[106.80334,10.91993],[106.80434,10.92047],[106.80506,10.92042],[106.80528,10.92074],[106.80649,10.92068],[106.80753,10.92032],[106.80776,10.91993],[106.80833,10.91972],[106.80907,10.91992],[106.80916,10.91932],[106.80963,10.91978],[106.80973,10.91932],[106.81042,10.91891],[106.81009,10.91866],[106.81083,10.91874],[106.81073,10.91817],[106.81094,10.91788],[106.81204,10.91758],[106.81206,10.91717],[106.81162,10.91696],[106.81176,10.91639],[106.81142,10.91572],[106.81148,10.91533],[106.81204,10.91487],[106.81243,10.91408],[106.81376,10.91305],[106.81445,10.91117],[106.81507,10.91041],[106.81514,10.90803],[106.81404,10.90758],[106.8148,10.90623],[106.81476,10.90432],[106.81584,10.90398],[106.81639,10.90294],[106.82091,10.90301],[106.82174,10.90386],[106.82273,10.90292],[106.82394,10.9029],[106.82631,10.90379],[106.82834,10.90403],[106.82978,10.90485],[106.83108,10.90646],[106.83225,10.90683],[106.83278,10.9065],[106.83353,10.90458],[106.83455,10.90366],[106.83675,10.90325],[106.83891,10.90336],[106.83943,10.9016],[106.82765,10.89729],[106.82595,10.89629],[106.82368,10.89372],[106.81279,10.8788]]]}},{"type":"Feature","properties":{"code":"25966","name":"Lái Thiêu","fullName":"Phường Lái Thiêu","c":[10.91084,106.6992]},"geometry":{"type":"Polygon","coordinates":[[[106.70103,10.88259],[106.70174,10.88013],[106.70305,10.87726],[106.6972,10.87513],[106.69495,10.87351],[106.69026,10.87949],[106.68941,10.88101],[106.68887,10.88316],[106.68918,10.88551],[106.69048,10.88799],[106.69199,10.89003],[106.69417,10.89428],[106.69442,10.89629],[106.69412,10.8988],[106.69279,10.9041],[106.69066,10.90972],[106.6877,10.91621],[106.68521,10.92058],[106.68316,10.92244],[106.68082,10.92343],[106.68027,10.92497],[106.68045,10.92606],[106.68173,10.92705],[106.68166,10.92854],[106.68203,10.92997],[106.68373,10.92895],[106.68437,10.93046],[106.68571,10.93196],[106.688,10.93367],[106.6881,10.93422],[106.68886,10.93524],[106.6888,10.93571],[106.68927,10.93582],[106.68891,10.93619],[106.68907,10.93648],[106.69218,10.93918],[106.69394,10.9382],[106.69511,10.93937],[106.69832,10.93858],[106.70224,10.93691],[106.70289,10.93699],[106.70349,10.93548],[106.70419,10.93572],[106.7046,10.9346],[106.70493,10.93484],[106.70548,10.93412],[106.70527,10.93323],[106.70622,10.93288],[106.70776,10.93482],[106.70812,10.93462],[106.70817,10.93272],[106.70962,10.93272],[106.70967,10.93214],[106.7108,10.93216],[106.71333,10.92249],[106.71345,10.91937],[106.71246,10.9032],[106.712,10.90191],[106.71038,10.89924],[106.70507,10.89282],[106.70551,10.89244],[106.7062,10.8923],[106.70674,10.89147],[106.70761,10.89196],[106.70877,10.89127],[106.70684,10.88391],[106.70481,10.88422],[106.70458,10.88288],[106.7017,10.88375],[106.70103,10.88259]]]}},{"type":"Feature","properties":{"code":"25969","name":"Thuận Giao","fullName":"Phường Thuận Giao","c":[10.96341,106.7117]},"geometry":{"type":"Polygon","coordinates":[[[106.71206,10.99339],[106.71247,10.99394],[106.71515,10.99317],[106.71529,10.99352],[106.71786,10.99319],[106.71788,10.99285],[106.71842,10.99296],[106.71834,10.99205],[106.72029,10.99183],[106.72027,10.99127],[106.72112,10.99124],[106.72106,10.99094],[106.7215,10.99066],[106.72164,10.99026],[106.72291,10.99002],[106.72222,10.98398],[106.71683,10.97472],[106.71607,10.97376],[106.71843,10.97245],[106.71907,10.97169],[106.72037,10.97161],[106.72372,10.97062],[106.72442,10.97065],[106.72469,10.97023],[106.72516,10.97041],[106.72739,10.967],[106.72652,10.96693],[106.72513,10.96464],[106.7263,10.96082],[106.72572,10.95701],[106.72677,10.94595],[106.72554,10.94528],[106.72554,10.94456],[106.72469,10.94457],[106.72467,10.9436],[106.72406,10.94362],[106.72406,10.94242],[106.72354,10.94242],[106.72353,10.93984],[106.725,10.93983],[106.72345,10.93513],[106.7188,10.93514],[106.71901,10.93111],[106.71558,10.93098],[106.71575,10.93004],[106.71385,10.92972],[106.7142,10.92845],[106.71184,10.92806],[106.7108,10.93216],[106.70967,10.93214],[106.70962,10.93272],[106.70817,10.93272],[106.70812,10.93462],[106.70776,10.93482],[106.70622,10.93288],[106.70527,10.93323],[106.70548,10.93412],[106.70493,10.93484],[106.7046,10.9346],[106.70419,10.93572],[106.70349,10.93548],[106.70289,10.93699],[106.70408,10.93952],[106.70469,10.93992],[106.7053,10.94105],[106.70597,10.94128],[106.70608,10.94274],[106.70639,10.94289],[106.70626,10.94335],[106.70651,10.94511],[106.70646,10.94543],[106.70625,10.94542],[106.70624,10.94685],[106.70729,10.94701],[106.70671,10.94931],[106.7061,10.95064],[106.70397,10.95138],[106.70239,10.95163],[106.69994,10.95151],[106.70072,10.95291],[106.70021,10.95309],[106.70047,10.95345],[106.69986,10.95403],[106.70165,10.95566],[106.69919,10.95807],[106.6966,10.96009],[106.68927,10.96358],[106.69037,10.96501],[106.69457,10.96684],[106.6986,10.9694],[106.69909,10.96945],[106.70029,10.97081],[106.70071,10.97071],[106.7009,10.97089],[106.7018,10.97237],[106.70226,10.9727],[106.70108,10.97418],[106.70089,10.97593],[106.70131,10.978],[106.70083,10.97872],[106.70082,10.97926],[106.7,10.98019],[106.69885,10.98264],[106.69816,10.98591],[106.69755,10.98622],[106.69703,10.98704],[106.69621,10.98746],[106.69653,10.98805],[106.69661,10.9894],[106.6975,10.99023],[106.70467,10.99459],[106.70716,10.99667],[106.70868,10.99753],[106.70753,10.99404],[106.70767,10.9917],[106.70935,10.99199],[106.71072,10.99172],[106.71094,10.99259],[106.71206,10.99339]]]}},{"type":"Feature","properties":{"code":"25975","name":"An Phú","fullName":"Phường An Phú","c":[10.9593,106.73554]},"geometry":{"type":"Polygon","coordinates":[[[106.72982,10.98815],[106.73009,10.98786],[106.73108,10.98845],[106.73412,10.98691],[106.73447,10.98693],[106.73557,10.98776],[106.73603,10.98755],[106.73588,10.9873],[106.73779,10.98635],[106.73852,10.9865],[106.7406,10.98634],[106.7424,10.98664],[106.74057,10.98088],[106.74105,10.97808],[106.74497,10.97789],[106.74996,10.97716],[106.74971,10.97678],[106.74946,10.97483],[106.74957,10.973],[106.74895,10.97086],[106.74941,10.97069],[106.74951,10.96994],[106.74997,10.96988],[106.75011,10.96959],[106.75057,10.96972],[106.75143,10.96829],[106.75087,10.96768],[106.75151,10.96714],[106.75192,10.96768],[106.75279,10.96651],[106.7535,10.9678],[106.75393,10.96758],[106.75276,10.9641],[106.75088,10.96238],[106.74722,10.95754],[106.74531,10.95369],[106.74696,10.94723],[106.74807,10.94477],[106.74831,10.9447],[106.74948,10.93952],[106.75072,10.93721],[106.74672,10.93467],[106.74713,10.93413],[106.74604,10.93412],[106.74483,10.93337],[106.74514,10.93249],[106.74212,10.93213],[106.74175,10.92679],[106.73655,10.92722],[106.73518,10.92745],[106.73499,10.92754],[106.7352,10.92773],[106.73496,10.92779],[106.7283,10.92781],[106.72832,10.93511],[106.72345,10.93513],[106.725,10.93983],[106.72353,10.93984],[106.72354,10.94242],[106.72406,10.94242],[106.72406,10.94362],[106.72467,10.9436],[106.72469,10.94457],[106.72554,10.94456],[106.72554,10.94528],[106.72677,10.94595],[106.72572,10.95701],[106.7263,10.96082],[106.72513,10.96464],[106.72652,10.96693],[106.72739,10.967],[106.72516,10.97041],[106.72469,10.97023],[106.72442,10.97065],[106.72372,10.97062],[106.72037,10.97161],[106.71907,10.97169],[106.71843,10.97245],[106.71607,10.97376],[106.71683,10.97472],[106.72222,10.98398],[106.72316,10.99217],[106.72456,10.99199],[106.7255,10.99149],[106.72982,10.98815]]]}},{"type":"Feature","properties":{"code":"25978","name":"Thuận An","fullName":"Phường Thuận An","c":[10.94184,106.67855]},"geometry":{"type":"Polygon","coordinates":[[[106.66754,10.95],[106.66864,10.95177],[106.66836,10.95223],[106.66885,10.95265],[106.66839,10.95301],[106.66943,10.95479],[106.66847,10.95663],[106.67044,10.95764],[106.67257,10.95821],[106.67249,10.95845],[106.67379,10.9588],[106.67376,10.95899],[106.67499,10.95907],[106.67694,10.95972],[106.67824,10.96067],[106.68002,10.96146],[106.68174,10.9573],[106.68569,10.96012],[106.68632,10.96107],[106.68903,10.96318],[106.68927,10.96358],[106.6966,10.96009],[106.69919,10.95807],[106.70165,10.95566],[106.69986,10.95403],[106.70047,10.95345],[106.70021,10.95309],[106.70072,10.95291],[106.69994,10.95151],[106.70239,10.95163],[106.70397,10.95138],[106.7061,10.95064],[106.70671,10.94931],[106.70729,10.94701],[106.70624,10.94685],[106.7065,10.94446],[106.70597,10.94128],[106.7053,10.94105],[106.70469,10.93992],[106.70408,10.93952],[106.70289,10.93699],[106.70224,10.93691],[106.69832,10.93858],[106.69511,10.93937],[106.69394,10.9382],[106.69218,10.93918],[106.68907,10.93648],[106.68891,10.93619],[106.68927,10.93582],[106.6888,10.93571],[106.68886,10.93524],[106.6881,10.93422],[106.688,10.93367],[106.68571,10.93196],[106.68437,10.93046],[106.68373,10.92895],[106.68203,10.92997],[106.68166,10.92854],[106.68172,10.92702],[106.68037,10.92588],[106.68027,10.92497],[106.68082,10.92343],[106.67969,10.92358],[106.67839,10.92339],[106.67051,10.92093],[106.66842,10.92079],[106.66474,10.92186],[106.66128,10.92344],[106.65718,10.92587],[106.6544,10.92807],[106.6529,10.92949],[106.65129,10.93173],[106.65031,10.93399],[106.64996,10.93632],[106.65013,10.93862],[106.65134,10.94222],[106.65264,10.94195],[106.65323,10.94084],[106.65416,10.94021],[106.65601,10.94045],[106.65713,10.93981],[106.65766,10.93983],[106.65839,10.94043],[106.65851,10.94165],[106.66019,10.94425],[106.66054,10.94565],[106.66099,10.94622],[106.66347,10.94676],[106.66409,10.9461],[106.66518,10.94355],[106.66553,10.94348],[106.66636,10.94441],[106.66702,10.94331],[106.66781,10.94335],[106.67009,10.94689],[106.66846,10.94827],[106.66793,10.94969],[106.66754,10.95]]]}},{"type":"Feature","properties":{"code":"25987","name":"Bình Hoà","fullName":"Phường Bình Hoà","c":[10.90214,106.72229]},"geometry":{"type":"Polygon","coordinates":[[[106.71611,10.87725],[106.7214,10.8764],[106.72168,10.87498],[106.72268,10.87332],[106.72346,10.87276],[106.72354,10.87209],[106.72345,10.87174],[106.72156,10.87166],[106.71995,10.87233],[106.71794,10.87242],[106.71635,10.87284],[106.71492,10.8725],[106.71553,10.86842],[106.71328,10.86568],[106.71044,10.86646],[106.70322,10.86689],[106.70182,10.86726],[106.69838,10.86965],[106.69495,10.87351],[106.6972,10.87513],[106.70305,10.87726],[106.70174,10.88013],[106.70103,10.88259],[106.7017,10.88375],[106.70458,10.88288],[106.70481,10.88422],[106.70684,10.88391],[106.70877,10.89127],[106.70761,10.89196],[106.70674,10.89147],[106.7062,10.8923],[106.70551,10.89244],[106.70507,10.89282],[106.71038,10.89924],[106.712,10.90191],[106.71257,10.90385],[106.71347,10.92136],[106.71184,10.92806],[106.7142,10.92845],[106.71385,10.92972],[106.71575,10.93004],[106.71558,10.93098],[106.71901,10.93111],[106.7188,10.93514],[106.72832,10.93511],[106.7283,10.92781],[106.73496,10.92779],[106.7352,10.92773],[106.73499,10.92754],[106.73518,10.92745],[106.73655,10.92722],[106.74175,10.92679],[106.73973,10.89042],[106.7394,10.8894],[106.73669,10.88458],[106.73104,10.88588],[106.73151,10.88711],[106.72874,10.88747],[106.72874,10.88835],[106.72745,10.89021],[106.72047,10.89437],[106.7176,10.89642],[106.71548,10.89291],[106.71312,10.88989],[106.71306,10.88947],[106.71352,10.88874],[106.71448,10.88814],[106.71384,10.88751],[106.71447,10.88678],[106.71559,10.88772],[106.71694,10.88799],[106.71754,10.88777],[106.71739,10.88642],[106.71658,10.88471],[106.717,10.88256],[106.71797,10.88081],[106.71518,10.87977],[106.71611,10.87725]]]}},{"type":"Feature","properties":{"code":"26506","name":"Vũng Tàu","fullName":"Phường Vũng Tàu","c":[10.35648,107.07559]},"geometry":{"type":"MultiPolygon","coordinates":[[[[107.08895,10.32347],[107.08876,10.32375],[107.08891,10.32406],[107.08957,10.32401],[107.08943,10.32367],[107.08895,10.32347]]],[[[107.06299,10.38694],[107.06389,10.38653],[107.0637,10.3863],[107.06436,10.38577],[107.06474,10.38477],[107.06561,10.38429],[107.06597,10.38374],[107.06629,10.38374],[107.06752,10.38215],[107.06784,10.38128],[107.06822,10.38101],[107.07204,10.38276],[107.07248,10.38315],[107.07374,10.38232],[107.0761,10.38366],[107.07645,10.38372],[107.07705,10.38304],[107.0781,10.38378],[107.07768,10.38456],[107.07921,10.38407],[107.07961,10.38371],[107.08202,10.38303],[107.08021,10.38135],[107.08055,10.38104],[107.08057,10.38005],[107.08116,10.37949],[107.08158,10.3786],[107.08027,10.37729],[107.08028,10.3766],[107.07994,10.37623],[107.08139,10.37534],[107.08139,10.37491],[107.08434,10.36914],[107.08337,10.36865],[107.08056,10.36997],[107.07668,10.37022],[107.07551,10.36189],[107.09277,10.34896],[107.09451,10.34985],[107.09835,10.35077],[107.09915,10.35064],[107.10134,10.34954],[107.09924,10.34769],[107.09868,10.34635],[107.09705,10.34429],[107.0959,10.34205],[107.0952,10.34166],[107.094,10.33999],[107.09372,10.33911],[107.09315,10.33853],[107.09141,10.33509],[107.09071,10.33433],[107.09047,10.33334],[107.08965,10.33193],[107.08944,10.33087],[107.08887,10.32997],[107.0884,10.32849],[107.08805,10.32814],[107.08804,10.32721],[107.08722,10.32633],[107.08669,10.32398],[107.08523,10.32267],[107.08459,10.32275],[107.08412,10.32242],[107.08368,10.32029],[107.08319,10.32079],[107.0831,10.32228],[107.0834,10.3232],[107.08254,10.32455],[107.08129,10.32564],[107.08059,10.32682],[107.08073,10.32744],[107.0769,10.32949],[107.07638,10.33015],[107.0739,10.33086],[107.07297,10.33236],[107.07235,10.33293],[107.07153,10.33468],[107.07129,10.33758],[107.07149,10.33855],[107.07076,10.33899],[107.07079,10.33934],[107.07142,10.33938],[107.0717,10.33979],[107.07202,10.33983],[107.07393,10.34172],[107.07422,10.34331],[107.07348,10.3459],[107.07242,10.34746],[107.06984,10.34943],[107.06817,10.35001],[107.06741,10.34996],[107.06669,10.35063],[107.06598,10.35041],[107.06587,10.35114],[107.06542,10.35192],[107.06171,10.35418],[107.05993,10.35735],[107.06013,10.36074],[107.06043,10.3615],[107.06109,10.36216],[107.06151,10.36386],[107.06243,10.36569],[107.06257,10.3674],[107.06213,10.36826],[107.05768,10.37154],[107.05552,10.37386],[107.05561,10.37617],[107.05542,10.37749],[107.05532,10.37778],[107.05485,10.37786],[107.05542,10.38125],[107.05588,10.38123],[107.05704,10.38447],[107.05829,10.38638],[107.05921,10.38696],[107.06027,10.38696],[107.06051,10.38718],[107.06218,10.3869],[107.06223,10.38729],[107.06299,10.38694]]]]}},{"type":"Feature","properties":{"code":"26526","name":"Tam Thắng","fullName":"Phường Tam Thắng","c":[10.36688,107.09611]},"geometry":{"type":"Polygon","coordinates":[[[107.10104,10.37887],[107.10019,10.37441],[107.09959,10.37346],[107.10099,10.37378],[107.10638,10.37861],[107.11052,10.38084],[107.11345,10.37566],[107.11395,10.37513],[107.11391,10.37482],[107.11906,10.36749],[107.11834,10.36669],[107.11627,10.36518],[107.11561,10.36436],[107.11397,10.3633],[107.11309,10.3623],[107.11093,10.36077],[107.10998,10.35937],[107.10859,10.35828],[107.10596,10.35503],[107.1041,10.35313],[107.10134,10.34954],[107.09915,10.35064],[107.09835,10.35077],[107.09451,10.34985],[107.09277,10.34896],[107.07551,10.36189],[107.07668,10.37022],[107.08056,10.36997],[107.08337,10.36865],[107.08434,10.36914],[107.08139,10.37491],[107.08139,10.37534],[107.07994,10.37623],[107.08028,10.3766],[107.08027,10.37729],[107.08158,10.3786],[107.08116,10.37949],[107.08057,10.38005],[107.08055,10.38104],[107.08021,10.38135],[107.08202,10.38303],[107.09173,10.37868],[107.09412,10.3834],[107.09442,10.38628],[107.09616,10.38806],[107.09685,10.38731],[107.09741,10.38614],[107.09729,10.38303],[107.10112,10.37987],[107.10104,10.37887]]]}},{"type":"Feature","properties":{"code":"26536","name":"Rạch Dừa","fullName":"Phường Rạch Dừa","c":[10.3887,107.10872]},"geometry":{"type":"MultiPolygon","coordinates":[[[[107.0966,10.39477],[107.09582,10.39456],[107.09534,10.39473],[107.09494,10.39625],[107.09554,10.39718],[107.09647,10.40146],[107.09731,10.40232],[107.09765,10.40238],[107.09815,10.40225],[107.09865,10.40161],[107.09867,10.4008],[107.09808,10.39923],[107.0984,10.39838],[107.09838,10.39727],[107.09683,10.39542],[107.09686,10.39493],[107.0966,10.39477]]],[[[107.09932,10.40473],[107.09853,10.40497],[107.09839,10.40549],[107.09858,10.40604],[107.09923,10.40598],[107.09967,10.40541],[107.09938,10.40522],[107.09932,10.40473]]],[[[107.10359,10.41149],[107.10331,10.41081],[107.10323,10.40954],[107.10271,10.40862],[107.1025,10.40923],[107.10228,10.40922],[107.10247,10.40823],[107.10211,10.40786],[107.1007,10.4091],[107.10008,10.40927],[107.09976,10.40975],[107.0999,10.41024],[107.10061,10.41103],[107.10178,10.4115],[107.10242,10.41147],[107.10277,10.41201],[107.10407,10.41285],[107.10359,10.41149]]],[[[107.12066,10.41272],[107.12157,10.40926],[107.12093,10.40672],[107.1201,10.40466],[107.12063,10.40325],[107.12185,10.40184],[107.12239,10.40013],[107.12186,10.39949],[107.12083,10.39927],[107.12092,10.39887],[107.12171,10.39822],[107.12161,10.39756],[107.1211,10.39732],[107.12007,10.39742],[107.11881,10.39632],[107.11889,10.39592],[107.11951,10.39625],[107.11974,10.396],[107.11883,10.39395],[107.11921,10.39384],[107.11962,10.39456],[107.12058,10.39392],[107.12165,10.3947],[107.123,10.39467],[107.12203,10.39097],[107.12098,10.38916],[107.12193,10.38798],[107.12252,10.38778],[107.12277,10.38651],[107.12554,10.3833],[107.12633,10.38354],[107.12678,10.38343],[107.129,10.3809],[107.12929,10.38021],[107.12878,10.37988],[107.12946,10.37858],[107.13174,10.37705],[107.13214,10.3765],[107.13144,10.37562],[107.13036,10.37538],[107.12838,10.3735],[107.12786,10.37379],[107.12741,10.37351],[107.12605,10.37181],[107.12491,10.37158],[107.12325,10.36996],[107.12243,10.36942],[107.12171,10.36928],[107.12009,10.36769],[107.11987,10.36797],[107.11906,10.36749],[107.11677,10.37059],[107.11391,10.37482],[107.11395,10.37513],[107.11345,10.37566],[107.11052,10.38084],[107.10638,10.37861],[107.10099,10.37378],[107.09959,10.37346],[107.10002,10.37398],[107.10037,10.3751],[107.10112,10.37987],[107.09729,10.38303],[107.09741,10.38614],[107.09685,10.38731],[107.09616,10.38806],[107.09442,10.38628],[107.09412,10.3834],[107.09173,10.37868],[107.08159,10.38322],[107.07961,10.38371],[107.07921,10.38407],[107.07226,10.38639],[107.07418,10.38999],[107.07555,10.38953],[107.07685,10.39199],[107.07765,10.39248],[107.07884,10.39195],[107.07896,10.39105],[107.07754,10.38803],[107.07885,10.38751],[107.0808,10.39198],[107.09245,10.38782],[107.09385,10.3904],[107.09434,10.39013],[107.09931,10.39237],[107.09951,10.39215],[107.10053,10.3927],[107.10096,10.39268],[107.10168,10.39351],[107.10277,10.39399],[107.10328,10.39475],[107.10339,10.39552],[107.10371,10.39533],[107.10473,10.3967],[107.10437,10.39785],[107.10475,10.39993],[107.10426,10.40031],[107.10456,10.40169],[107.10509,10.40165],[107.10536,10.4026],[107.10487,10.40267],[107.10495,10.4032],[107.10534,10.40319],[107.10563,10.40353],[107.10527,10.40412],[107.10624,10.40545],[107.10689,10.40548],[107.10868,10.40848],[107.10918,10.40864],[107.10928,10.40836],[107.10998,10.40859],[107.10989,10.40889],[107.11157,10.40947],[107.11187,10.40927],[107.11261,10.4096],[107.1125,10.40988],[107.11737,10.41144],[107.11805,10.41442],[107.1202,10.41445],[107.12066,10.41272]]]]}},{"type":"Feature","properties":{"code":"26542","name":"Phước Thắng","fullName":"Phường Phước Thắng","c":[10.42345,107.1624]},"geometry":{"type":"MultiPolygon","coordinates":[[[[107.16938,10.39735],[107.16921,10.39733],[107.169,10.39807],[107.16892,10.39943],[107.1684,10.39993],[107.16904,10.39973],[107.1693,10.39939],[107.16928,10.39864],[107.1696,10.39786],[107.16938,10.39735]]],[[[107.18045,10.45497],[107.18072,10.45482],[107.18111,10.45501],[107.18308,10.45736],[107.18381,10.45753],[107.1855,10.45701],[107.186,10.45634],[107.18657,10.45481],[107.18655,10.45246],[107.18729,10.45114],[107.18859,10.4503],[107.19124,10.44932],[107.19654,10.44668],[107.19701,10.44586],[107.19782,10.44325],[107.19827,10.44265],[107.20817,10.43907],[107.20986,10.43805],[107.21086,10.43637],[107.21092,10.43419],[107.2104,10.43317],[107.20737,10.43056],[107.2069,10.42975],[107.20696,10.42829],[107.20799,10.42649],[107.21162,10.42352],[107.21204,10.42235],[107.21181,10.42077],[107.21053,10.41961],[107.20651,10.41849],[107.2045,10.41841],[107.20383,10.41858],[107.2033,10.41911],[107.20228,10.42124],[107.20136,10.42197],[107.20056,10.42195],[107.19718,10.4207],[107.19507,10.4205],[107.19428,10.42077],[107.19348,10.42116],[107.19312,10.42202],[107.19219,10.427],[107.19148,10.42813],[107.19037,10.42864],[107.18861,10.42887],[107.18729,10.42754],[107.18661,10.42601],[107.18545,10.42303],[107.18437,10.41774],[107.18334,10.41492],[107.18129,10.41163],[107.17862,10.40849],[107.17283,10.40455],[107.17199,10.40344],[107.17133,10.40154],[107.1658,10.40183],[107.16599,10.40055],[107.16567,10.39966],[107.16295,10.39752],[107.16048,10.39507],[107.15907,10.3932],[107.15886,10.39135],[107.15668,10.3891],[107.15406,10.38697],[107.15064,10.38615],[107.14649,10.38452],[107.14455,10.38322],[107.14381,10.38316],[107.14026,10.38093],[107.13947,10.38083],[107.13868,10.38014],[107.13473,10.3779],[107.1338,10.37707],[107.13316,10.37715],[107.13214,10.3765],[107.13174,10.37705],[107.12946,10.37858],[107.12878,10.37988],[107.12929,10.38021],[107.129,10.3809],[107.12678,10.38343],[107.12633,10.38354],[107.12554,10.3833],[107.12277,10.38651],[107.12252,10.38778],[107.12193,10.38798],[107.12098,10.38916],[107.12203,10.39097],[107.123,10.39467],[107.12165,10.3947],[107.12058,10.39392],[107.11962,10.39456],[107.11921,10.39384],[107.11883,10.39395],[107.11974,10.396],[107.11951,10.39625],[107.11889,10.39592],[107.11881,10.39632],[107.12007,10.39742],[107.1211,10.39732],[107.12161,10.39756],[107.12171,10.39822],[107.12092,10.39887],[107.12083,10.39927],[107.12186,10.39949],[107.12239,10.40013],[107.12185,10.40184],[107.12063,10.40325],[107.1201,10.40466],[107.12093,10.40672],[107.12157,10.40926],[107.1202,10.41445],[107.12245,10.41442],[107.12353,10.41473],[107.12551,10.41583],[107.12678,10.41615],[107.13659,10.41634],[107.14074,10.41693],[107.14321,10.4179],[107.14479,10.41909],[107.14665,10.42126],[107.14799,10.42412],[107.14978,10.44212],[107.15018,10.44415],[107.15072,10.44525],[107.15283,10.44725],[107.15366,10.44853],[107.15333,10.44985],[107.15233,10.45079],[107.15161,10.4527],[107.15184,10.45352],[107.15489,10.45538],[107.15516,10.45608],[107.15441,10.45814],[107.15189,10.46134],[107.15175,10.46198],[107.15197,10.46272],[107.15278,10.46365],[107.15504,10.46511],[107.15676,10.46687],[107.15834,10.47164],[107.15888,10.4726],[107.15963,10.47333],[107.16317,10.47405],[107.16404,10.47395],[107.16579,10.47272],[107.16646,10.4719],[107.16691,10.47051],[107.16701,10.46644],[107.16742,10.46426],[107.17126,10.46388],[107.17464,10.46297],[107.1791,10.46096],[107.17998,10.45971],[107.18012,10.45896],[107.1796,10.45674],[107.17966,10.45605],[107.18045,10.45497]]]]}},{"type":"Feature","properties":{"code":"26545","name":"Long Sơn","fullName":"Xã Long Sơn","c":[10.45218,107.10124]},"geometry":{"type":"MultiPolygon","coordinates":[[[[107.0766,10.43425],[107.07636,10.43453],[107.07678,10.43447],[107.0766,10.43425]]],[[[107.08404,10.43201],[107.08361,10.43144],[107.08276,10.43109],[107.08187,10.43192],[107.08034,10.43275],[107.08049,10.43305],[107.08295,10.43274],[107.08347,10.43199],[107.08346,10.43299],[107.08423,10.43416],[107.08544,10.43463],[107.08546,10.43404],[107.08404,10.43201]]],[[[107.07439,10.43584],[107.07528,10.43529],[107.07532,10.43489],[107.07631,10.43383],[107.0768,10.43384],[107.07752,10.43454],[107.07849,10.43491],[107.07976,10.4333],[107.07911,10.43285],[107.07774,10.43289],[107.07653,10.43263],[107.07493,10.43278],[107.07183,10.4346],[107.07151,10.43505],[107.07158,10.43552],[107.07113,10.43547],[107.07094,10.4358],[107.0714,10.43597],[107.0717,10.43582],[107.07252,10.43628],[107.07439,10.43584]]],[[[107.06802,10.44314],[107.07191,10.44187],[107.07425,10.44033],[107.07578,10.43898],[107.07574,10.4386],[107.07613,10.4383],[107.07613,10.43794],[107.07693,10.4375],[107.07785,10.43636],[107.07801,10.43589],[107.07739,10.4349],[107.07624,10.4347],[107.07524,10.436],[107.07349,10.43672],[107.07191,10.43674],[107.07145,10.43716],[107.07009,10.4377],[107.06955,10.43823],[107.07008,10.43852],[107.06935,10.43846],[107.06977,10.43914],[107.06959,10.43891],[107.06915,10.43904],[107.06938,10.43806],[107.06888,10.43824],[107.06977,10.43764],[107.06938,10.43709],[107.06803,10.43878],[107.06391,10.44186],[107.06421,10.44235],[107.06471,10.44258],[107.06753,10.44339],[107.06808,10.44337],[107.06802,10.44314]]],[[[107.07532,10.47792],[107.07668,10.47792],[107.0805,10.48009],[107.08585,10.48024],[107.08781,10.48113],[107.08918,10.48243],[107.09255,10.48027],[107.09575,10.47897],[107.09997,10.47579],[107.1015,10.47505],[107.1034,10.47473],[107.10509,10.47485],[107.10697,10.47654],[107.1081,10.4771],[107.10903,10.47728],[107.11311,10.47716],[107.11376,10.47306],[107.11471,10.46999],[107.11662,10.46682],[107.11815,10.46533],[107.11849,10.46442],[107.11886,10.46298],[107.11889,10.46054],[107.11865,10.45955],[107.11887,10.45874],[107.12808,10.45697],[107.1298,10.45701],[107.13052,10.45741],[107.13111,10.45873],[107.13095,10.46231],[107.13126,10.46299],[107.13165,10.46334],[107.13281,10.46344],[107.13356,10.46313],[107.13458,10.46223],[107.13674,10.45603],[107.13734,10.45543],[107.13903,10.45458],[107.14071,10.4547],[107.14166,10.45521],[107.14209,10.45605],[107.14284,10.46064],[107.14224,10.46606],[107.14275,10.46737],[107.14635,10.46731],[107.15334,10.46493],[107.15395,10.4645],[107.15278,10.46365],[107.15197,10.46272],[107.15175,10.46198],[107.15189,10.46134],[107.15441,10.45814],[107.15516,10.45608],[107.15489,10.45538],[107.15184,10.45352],[107.15161,10.4527],[107.15233,10.45079],[107.15333,10.44985],[107.15366,10.44853],[107.15283,10.44725],[107.15072,10.44525],[107.15018,10.44415],[107.14978,10.44212],[107.14799,10.42412],[107.14665,10.42126],[107.14479,10.41909],[107.14321,10.4179],[107.14074,10.41693],[107.13659,10.41634],[107.12678,10.41615],[107.12551,10.41583],[107.12353,10.41473],[107.12245,10.41442],[107.11805,10.41442],[107.11858,10.41676],[107.11789,10.41731],[107.11718,10.41876],[107.11725,10.41951],[107.11754,10.41982],[107.11765,10.4215],[107.11718,10.42435],[107.11649,10.42492],[107.11614,10.42596],[107.11556,10.4287],[107.11555,10.42928],[107.11586,10.4297],[107.11401,10.43474],[107.11373,10.4362],[107.10213,10.43592],[107.10108,10.43544],[107.10014,10.43595],[107.09961,10.43517],[107.09906,10.43489],[107.09756,10.43444],[107.0968,10.4345],[107.09621,10.43414],[107.09457,10.43428],[107.09423,10.43517],[107.0935,10.43562],[107.09189,10.43498],[107.0904,10.43372],[107.08976,10.43387],[107.0888,10.43491],[107.0887,10.43547],[107.08763,10.43573],[107.08719,10.43636],[107.08609,10.43604],[107.08531,10.43613],[107.08422,10.43569],[107.08393,10.43585],[107.08398,10.43621],[107.08353,10.4358],[107.08383,10.43549],[107.08308,10.43522],[107.0829,10.43457],[107.08172,10.43365],[107.0811,10.43364],[107.08014,10.43432],[107.07946,10.43534],[107.07896,10.43695],[107.07831,10.43741],[107.07715,10.43901],[107.07655,10.43915],[107.07627,10.43958],[107.07572,10.43984],[107.07488,10.44111],[107.07448,10.44117],[107.07337,10.44242],[107.06963,10.44388],[107.06756,10.44438],[107.06589,10.44398],[107.06498,10.44345],[107.064,10.44346],[107.0628,10.4429],[107.05961,10.44442],[107.05636,10.44641],[107.05511,10.44852],[107.05406,10.44965],[107.05375,10.44951],[107.05277,10.4502],[107.05181,10.45143],[107.05178,10.45281],[107.0511,10.45397],[107.0507,10.45419],[107.05046,10.45473],[107.04939,10.45534],[107.04924,10.45576],[107.04848,10.4564],[107.04792,10.45776],[107.04761,10.45955],[107.04668,10.4614],[107.04459,10.46371],[107.04218,10.46579],[107.04385,10.46724],[107.03962,10.46916],[107.04487,10.47207],[107.04598,10.47416],[107.04811,10.47695],[107.04952,10.47811],[107.0502,10.47835],[107.05238,10.47832],[107.05613,10.47745],[107.06049,10.47737],[107.06267,10.47873],[107.06502,10.48084],[107.06597,10.48185],[107.06713,10.48368],[107.06775,10.48411],[107.06883,10.48428],[107.07022,10.48394],[107.07135,10.48284],[107.07369,10.47921],[107.07449,10.47835],[107.07532,10.47792]]]]}},{"type":"Feature","properties":{"code":"26560","name":"Bà Rịa","fullName":"Phường Bà Rịa","c":[10.49248,107.18164]},"geometry":{"type":"Polygon","coordinates":[[[107.18435,10.52638],[107.18596,10.52495],[107.18679,10.52266],[107.18691,10.5209],[107.18787,10.51784],[107.18963,10.5157],[107.18144,10.50896],[107.19246,10.5023],[107.19692,10.49996],[107.20484,10.49698],[107.20445,10.49475],[107.20359,10.49387],[107.20342,10.49317],[107.20224,10.49284],[107.20121,10.49047],[107.19983,10.49017],[107.19925,10.4888],[107.19832,10.48851],[107.19799,10.48708],[107.19664,10.48607],[107.2005,10.48453],[107.1974,10.4815],[107.19657,10.48121],[107.19555,10.48005],[107.19307,10.47937],[107.19286,10.47913],[107.19196,10.4792],[107.19063,10.47891],[107.19074,10.47838],[107.1901,10.47737],[107.18989,10.47494],[107.19032,10.47358],[107.19031,10.47242],[107.19097,10.47042],[107.1905,10.46882],[107.18936,10.46896],[107.18713,10.46997],[107.18376,10.47234],[107.1793,10.47222],[107.17766,10.47178],[107.17696,10.47102],[107.17773,10.46719],[107.17766,10.46602],[107.177,10.46448],[107.17491,10.46285],[107.17126,10.46388],[107.16742,10.46426],[107.16701,10.46644],[107.16691,10.47051],[107.16646,10.4719],[107.16488,10.47351],[107.16404,10.47395],[107.16473,10.47487],[107.16546,10.47526],[107.16775,10.47579],[107.16982,10.47699],[107.17116,10.47937],[107.17172,10.48333],[107.17121,10.48448],[107.16955,10.48567],[107.16918,10.48833],[107.16803,10.48944],[107.16744,10.49071],[107.16582,10.49149],[107.16576,10.49186],[107.16629,10.49279],[107.16629,10.49366],[107.1653,10.49519],[107.16524,10.49575],[107.16637,10.49815],[107.16664,10.50041],[107.16883,10.50204],[107.16866,10.50333],[107.1692,10.50397],[107.16949,10.50506],[107.16923,10.50579],[107.16962,10.50599],[107.17006,10.50518],[107.17074,10.50525],[107.17086,10.50561],[107.17048,10.50611],[107.17088,10.50767],[107.17177,10.50777],[107.17281,10.50871],[107.17274,10.50924],[107.17321,10.50956],[107.1727,10.51028],[107.17212,10.51016],[107.17181,10.51044],[107.17234,10.5109],[107.17167,10.51137],[107.17233,10.5119],[107.17202,10.513],[107.17072,10.51317],[107.17159,10.51346],[107.17128,10.51487],[107.17199,10.51458],[107.17217,10.51543],[107.17265,10.51584],[107.17247,10.51621],[107.1733,10.51657],[107.17401,10.51638],[107.17376,10.51709],[107.17431,10.51725],[107.17435,10.51784],[107.17558,10.51775],[107.17622,10.5183],[107.17636,10.5192],[107.17727,10.51924],[107.17785,10.52117],[107.17816,10.52122],[107.17853,10.52081],[107.1788,10.5209],[107.17894,10.52196],[107.17853,10.5225],[107.17913,10.52272],[107.18022,10.52415],[107.18027,10.52444],[107.17972,10.52496],[107.17992,10.52531],[107.18049,10.52564],[107.18182,10.52562],[107.18263,10.52711],[107.18435,10.52638]]]}},{"type":"Feature","properties":{"code":"26566","name":"Long Hương","fullName":"Phường Long Hương","c":[10.50001,107.14983]},"geometry":{"type":"Polygon","coordinates":[[[107.17158,10.55938],[107.17176,10.55912],[107.17249,10.559],[107.17233,10.55869],[107.17166,10.55838],[107.17242,10.55829],[107.17297,10.5578],[107.17391,10.55767],[107.17462,10.5567],[107.17413,10.55551],[107.17472,10.55498],[107.17463,10.55438],[107.17491,10.55378],[107.17429,10.55337],[107.17508,10.55272],[107.17493,10.55198],[107.17545,10.55205],[107.17599,10.55279],[107.17634,10.55274],[107.1764,10.55244],[107.17595,10.55206],[107.17598,10.55175],[107.17703,10.55173],[107.17686,10.55067],[107.17783,10.55061],[107.17812,10.55032],[107.17741,10.55018],[107.17731,10.54985],[107.1787,10.54887],[107.17871,10.54843],[107.17812,10.54803],[107.17863,10.5473],[107.17851,10.5466],[107.17875,10.54648],[107.17948,10.54686],[107.17977,10.5463],[107.18033,10.5463],[107.18046,10.5456],[107.18103,10.54563],[107.18075,10.54411],[107.18146,10.5445],[107.18165,10.54377],[107.18254,10.54299],[107.18305,10.54196],[107.18373,10.54164],[107.18426,10.54203],[107.18457,10.54198],[107.1846,10.54119],[107.18387,10.53987],[107.18467,10.53977],[107.18484,10.53941],[107.18426,10.53862],[107.18363,10.53843],[107.18372,10.53809],[107.18445,10.53795],[107.18446,10.53748],[107.18345,10.53709],[107.18438,10.53682],[107.1843,10.53659],[107.18365,10.53664],[107.18355,10.53631],[107.18448,10.53602],[107.18476,10.53561],[107.18433,10.53495],[107.18434,10.53425],[107.18383,10.53352],[107.1846,10.53292],[107.184,10.53214],[107.1846,10.53147],[107.18461,10.53098],[107.18433,10.53089],[107.18381,10.53131],[107.18319,10.53127],[107.18406,10.53064],[107.18415,10.52951],[107.18278,10.52847],[107.18264,10.52715],[107.18198,10.52573],[107.18045,10.52563],[107.17975,10.52515],[107.18026,10.52425],[107.17913,10.52272],[107.17853,10.52252],[107.17857,10.5222],[107.17894,10.52196],[107.1788,10.5209],[107.17853,10.52081],[107.17816,10.52122],[107.17785,10.52117],[107.17727,10.51924],[107.17636,10.5192],[107.17622,10.5183],[107.17558,10.51775],[107.17435,10.51784],[107.17431,10.51725],[107.17376,10.51709],[107.17401,10.51638],[107.1733,10.51657],[107.17247,10.51621],[107.17265,10.51584],[107.17217,10.51543],[107.17199,10.51458],[107.17128,10.51487],[107.17159,10.51346],[107.17072,10.51317],[107.17202,10.513],[107.17233,10.5119],[107.17167,10.51137],[107.17234,10.5109],[107.17181,10.51044],[107.17212,10.51016],[107.1727,10.51028],[107.17321,10.50956],[107.17274,10.50924],[107.17281,10.50871],[107.17177,10.50777],[107.17088,10.50767],[107.17048,10.50611],[107.17086,10.50561],[107.17074,10.50525],[107.17006,10.50518],[107.16962,10.50599],[107.16923,10.50579],[107.16949,10.50506],[107.1692,10.50397],[107.16866,10.50333],[107.16883,10.50204],[107.16664,10.50041],[107.16637,10.49815],[107.16524,10.49575],[107.1653,10.49519],[107.16629,10.49366],[107.16629,10.49279],[107.16576,10.49186],[107.16582,10.49149],[107.16752,10.4906],[107.16803,10.48944],[107.16934,10.48806],[107.16944,10.4861],[107.16969,10.4854],[107.17083,10.48481],[107.17156,10.48387],[107.17165,10.48205],[107.17089,10.47872],[107.16944,10.47666],[107.16775,10.47579],[107.16546,10.47526],[107.16473,10.47487],[107.16404,10.47395],[107.16169,10.47384],[107.15963,10.47333],[107.15888,10.4726],[107.15834,10.47164],[107.15676,10.46687],[107.15504,10.46511],[107.15395,10.4645],[107.15334,10.46493],[107.14635,10.46731],[107.14275,10.46737],[107.14224,10.46606],[107.14284,10.46064],[107.14237,10.45726],[107.14166,10.45521],[107.14071,10.4547],[107.13903,10.45458],[107.13734,10.45543],[107.13674,10.45603],[107.13458,10.46223],[107.13356,10.46313],[107.13281,10.46344],[107.13165,10.46334],[107.13126,10.46299],[107.13095,10.46231],[107.13111,10.45873],[107.13052,10.45741],[107.1298,10.45701],[107.12808,10.45697],[107.11887,10.45874],[107.11865,10.45955],[107.11889,10.46054],[107.11886,10.46298],[107.11849,10.46442],[107.11815,10.46533],[107.11662,10.46682],[107.11471,10.46999],[107.11376,10.47306],[107.11311,10.47716],[107.11493,10.47777],[107.11611,10.47759],[107.11836,10.47549],[107.11897,10.47523],[107.12017,10.4752],[107.12091,10.47554],[107.12256,10.47787],[107.12255,10.47895],[107.12072,10.48082],[107.12083,10.48146],[107.12271,10.48312],[107.12311,10.48387],[107.123,10.48464],[107.12155,10.4853],[107.12165,10.48653],[107.1223,10.4882],[107.12394,10.48942],[107.12435,10.49019],[107.12545,10.49011],[107.12674,10.49061],[107.12669,10.49308],[107.12436,10.49456],[107.12371,10.49568],[107.12408,10.49714],[107.12357,10.49719],[107.12387,10.49983],[107.12442,10.49983],[107.12442,10.50852],[107.12506,10.50866],[107.12732,10.50804],[107.12782,10.50842],[107.12803,10.50893],[107.12849,10.50904],[107.13033,10.50902],[107.13053,10.50853],[107.13095,10.50888],[107.13156,10.51011],[107.13329,10.51044],[107.13319,10.51126],[107.13414,10.51267],[107.13431,10.51361],[107.13521,10.51414],[107.13632,10.51539],[107.13637,10.51611],[107.13802,10.52089],[107.14015,10.52465],[107.14085,10.52653],[107.14807,10.5357],[107.15113,10.53606],[107.15205,10.53586],[107.15737,10.5322],[107.16568,10.53656],[107.1679,10.53576],[107.16775,10.53538],[107.16887,10.53489],[107.16906,10.53516],[107.17006,10.53477],[107.17114,10.53493],[107.17099,10.5385],[107.17154,10.54127],[107.16973,10.5549],[107.16949,10.55601],[107.16847,10.55835],[107.16836,10.55941],[107.16933,10.55948],[107.16966,10.55911],[107.17059,10.55966],[107.17103,10.55936],[107.17115,10.55984],[107.17147,10.55996],[107.17158,10.55938]]]}},{"type":"Feature","properties":{"code":"26572","name":"Tam Long","fullName":"Phường Tam Long","c":[10.52674,107.21416]},"geometry":{"type":"Polygon","coordinates":[[[107.22722,10.55409],[107.22723,10.55362],[107.22667,10.55251],[107.23404,10.5496],[107.23685,10.54594],[107.24074,10.54185],[107.24167,10.53939],[107.24245,10.53849],[107.24303,10.5381],[107.24643,10.54027],[107.24575,10.53933],[107.24656,10.53898],[107.24654,10.53783],[107.24582,10.5378],[107.24552,10.53808],[107.24532,10.53794],[107.24598,10.53708],[107.24552,10.53638],[107.2455,10.53577],[107.2461,10.53377],[107.24691,10.53284],[107.24732,10.53099],[107.24723,10.53051],[107.24695,10.53034],[107.24709,10.52888],[107.24626,10.52701],[107.24468,10.52688],[107.24471,10.52588],[107.24374,10.52622],[107.24345,10.52603],[107.24335,10.5252],[107.24304,10.52479],[107.24368,10.5244],[107.24322,10.52356],[107.24349,10.52335],[107.2438,10.52379],[107.24399,10.52345],[107.24371,10.52289],[107.24285,10.52236],[107.24344,10.52182],[107.24309,10.52154],[107.243,10.52027],[107.24201,10.51953],[107.24218,10.51781],[107.24199,10.5176],[107.24227,10.51722],[107.24204,10.51639],[107.24135,10.51596],[107.24093,10.51522],[107.24115,10.51457],[107.24069,10.51431],[107.24152,10.51286],[107.24121,10.51209],[107.24027,10.5112],[107.24023,10.5102],[107.23999,10.50987],[107.23837,10.50917],[107.23705,10.50945],[107.23695,10.50902],[107.23605,10.50803],[107.23596,10.5076],[107.23626,10.50687],[107.2361,10.50677],[107.23395,10.50691],[107.23365,10.50683],[107.23354,10.50646],[107.23306,10.50639],[107.23105,10.50692],[107.2301,10.50672],[107.23002,10.50578],[107.2279,10.50559],[107.22775,10.50395],[107.22713,10.50403],[107.22698,10.50339],[107.22466,10.50366],[107.2241,10.5015],[107.22259,10.50157],[107.22195,10.49797],[107.21955,10.49966],[107.21936,10.49882],[107.21872,10.4979],[107.21429,10.49469],[107.21366,10.49501],[107.20434,10.49712],[107.19692,10.49996],[107.19246,10.5023],[107.18144,10.50896],[107.18963,10.5157],[107.18787,10.51784],[107.18691,10.5209],[107.18679,10.52266],[107.18596,10.52495],[107.18435,10.52638],[107.18263,10.52711],[107.18278,10.52847],[107.1842,10.52967],[107.18401,10.53073],[107.18325,10.53111],[107.18321,10.53134],[107.18386,10.5313],[107.18443,10.53087],[107.18466,10.53119],[107.184,10.53214],[107.18454,10.53265],[107.18457,10.53298],[107.18383,10.53352],[107.18434,10.53425],[107.18433,10.53495],[107.18475,10.53569],[107.18437,10.53608],[107.18355,10.53631],[107.18365,10.53664],[107.1843,10.53659],[107.18438,10.53682],[107.18345,10.53709],[107.18449,10.53754],[107.18445,10.53795],[107.18376,10.53806],[107.18362,10.53836],[107.18372,10.5386],[107.18426,10.53862],[107.18481,10.53929],[107.18471,10.53974],[107.18394,10.53973],[107.18387,10.53993],[107.1844,10.54068],[107.18486,10.54215],[107.18518,10.54216],[107.18591,10.54134],[107.18636,10.54165],[107.18696,10.54105],[107.18765,10.54151],[107.1877,10.54113],[107.18797,10.54111],[107.18807,10.54085],[107.18855,10.54108],[107.18845,10.54075],[107.18924,10.54075],[107.18973,10.54035],[107.19005,10.54061],[107.19061,10.54051],[107.19061,10.54082],[107.19092,10.54105],[107.19081,10.54172],[107.19171,10.54248],[107.19242,10.54265],[107.19222,10.54322],[107.19305,10.5433],[107.19319,10.54386],[107.19391,10.54398],[107.19425,10.54436],[107.19501,10.54405],[107.19575,10.54412],[107.19599,10.54449],[107.19645,10.54415],[107.19664,10.545],[107.19626,10.54559],[107.1968,10.54701],[107.19673,10.5478],[107.19698,10.54787],[107.19649,10.54812],[107.1966,10.54856],[107.19638,10.54873],[107.19697,10.54944],[107.19653,10.55052],[107.19668,10.5511],[107.19769,10.55189],[107.19919,10.55133],[107.19931,10.55052],[107.2,10.55049],[107.20024,10.5524],[107.20085,10.55259],[107.20102,10.55322],[107.20129,10.55289],[107.20146,10.55326],[107.20188,10.55321],[107.20191,10.55377],[107.20231,10.55373],[107.20335,10.55423],[107.20349,10.55462],[107.20421,10.55436],[107.20448,10.55361],[107.20531,10.55434],[107.20547,10.55383],[107.20612,10.55411],[107.20594,10.55377],[107.20608,10.55353],[107.20703,10.55356],[107.20754,10.554],[107.20764,10.55363],[107.20856,10.55388],[107.20888,10.55355],[107.20958,10.55352],[107.20952,10.55298],[107.21002,10.55175],[107.21122,10.55143],[107.21155,10.55104],[107.21154,10.55058],[107.21312,10.5512],[107.21342,10.55161],[107.21355,10.55328],[107.21415,10.55431],[107.21574,10.55477],[107.21781,10.554],[107.22022,10.56322],[107.22688,10.56224],[107.2288,10.56139],[107.22722,10.55409]]]}},{"type":"Feature","properties":{"code":"26575","name":"Ngãi Giao","fullName":"Xã Ngãi Giao","c":[10.62079,107.21316]},"geometry":{"type":"Polygon","coordinates":[[[107.23609,10.66616],[107.24152,10.66496],[107.24243,10.66501],[107.24387,10.66383],[107.24853,10.66307],[107.24887,10.6649],[107.25279,10.66484],[107.25737,10.66378],[107.25808,10.66428],[107.25772,10.6622],[107.2564,10.65956],[107.25667,10.65823],[107.25628,10.65736],[107.25696,10.65602],[107.2569,10.65514],[107.25658,10.65435],[107.25588,10.65387],[107.2558,10.65328],[107.25543,10.65309],[107.25525,10.65205],[107.25485,10.65221],[107.25441,10.65188],[107.2537,10.65067],[107.25383,10.65027],[107.25331,10.64874],[107.25356,10.64819],[107.25334,10.64697],[107.25249,10.64646],[107.25229,10.64532],[107.25181,10.64437],[107.25189,10.64335],[107.25107,10.64253],[107.25099,10.64133],[107.25123,10.64093],[107.25067,10.64033],[107.25073,10.6394],[107.25001,10.63937],[107.24956,10.63907],[107.24902,10.63788],[107.24602,10.63693],[107.24544,10.63714],[107.24501,10.63696],[107.24468,10.6362],[107.24503,10.63598],[107.24501,10.63574],[107.2444,10.63512],[107.24433,10.63473],[107.24384,10.63454],[107.2438,10.63287],[107.24336,10.63255],[107.2432,10.63168],[107.2433,10.63126],[107.24399,10.63077],[107.24526,10.63068],[107.2455,10.63017],[107.24597,10.63073],[107.24714,10.6303],[107.24764,10.6306],[107.24843,10.63055],[107.24962,10.63099],[107.25178,10.62986],[107.25216,10.62944],[107.25276,10.6293],[107.25304,10.62861],[107.25293,10.62816],[107.25225,10.62833],[107.24827,10.61362],[107.24892,10.61332],[107.24839,10.60917],[107.24906,10.60898],[107.24757,10.60432],[107.24966,10.60376],[107.24846,10.59922],[107.24699,10.59958],[107.24509,10.59258],[107.25271,10.59253],[107.25304,10.59086],[107.25286,10.59016],[107.25221,10.58981],[107.25195,10.58939],[107.25181,10.58602],[107.25235,10.58489],[107.25282,10.58477],[107.25272,10.58413],[107.22785,10.58425],[107.22676,10.58178],[107.21862,10.58374],[107.21578,10.58487],[107.21366,10.58461],[107.1986,10.5848],[107.1976,10.58516],[107.19733,10.58592],[107.19658,10.58615],[107.19657,10.58703],[107.1962,10.58724],[107.19528,10.58716],[107.19483,10.58675],[107.19408,10.58655],[107.19196,10.58684],[107.19091,10.58609],[107.18954,10.58576],[107.18704,10.58594],[107.1847,10.58669],[107.18384,10.58756],[107.18327,10.58864],[107.18218,10.58871],[107.18231,10.58937],[107.18175,10.58944],[107.18155,10.59013],[107.18126,10.59017],[107.18134,10.59061],[107.18105,10.59073],[107.18056,10.59055],[107.18092,10.59008],[107.1803,10.59003],[107.17973,10.59035],[107.17802,10.58986],[107.17706,10.59012],[107.17587,10.58999],[107.17475,10.58849],[107.1741,10.58856],[107.17362,10.58817],[107.17299,10.58812],[107.17302,10.58523],[107.17039,10.58523],[107.17046,10.58039],[107.17129,10.57936],[107.17108,10.57888],[107.17073,10.57882],[107.17076,10.57837],[107.17021,10.57826],[107.17046,10.57786],[107.17005,10.57787],[107.16917,10.57961],[107.16827,10.57942],[107.16788,10.57973],[107.16854,10.5805],[107.1692,10.58046],[107.16925,10.58092],[107.16975,10.58123],[107.16961,10.58163],[107.16916,10.5816],[107.16893,10.58184],[107.16929,10.58279],[107.16891,10.58338],[107.16904,10.58412],[107.16874,10.58455],[107.16841,10.58461],[107.16832,10.58393],[107.16774,10.58354],[107.16756,10.58384],[107.16789,10.5844],[107.16651,10.58419],[107.16658,10.58476],[107.16731,10.58472],[107.16735,10.58609],[107.1667,10.5864],[107.16661,10.58687],[107.16609,10.58691],[107.16588,10.58717],[107.16626,10.58769],[107.16628,10.59036],[107.16693,10.58962],[107.16681,10.58897],[107.16717,10.58886],[107.16766,10.58933],[107.16736,10.59047],[107.16654,10.59177],[107.16711,10.59233],[107.16753,10.59238],[107.1671,10.59344],[107.16736,10.59416],[107.16685,10.59499],[107.16817,10.5983],[107.16812,10.59889],[107.16787,10.59925],[107.16741,10.59875],[107.16671,10.5989],[107.1664,10.5992],[107.16639,10.60007],[107.16539,10.60094],[107.16417,10.60126],[107.16458,10.6015],[107.16463,10.60181],[107.16411,10.60249],[107.16381,10.60429],[107.16327,10.60479],[107.16343,10.6056],[107.16325,10.60589],[107.16284,10.60595],[107.16263,10.60557],[107.16237,10.60563],[107.16192,10.60662],[107.16162,10.60658],[107.16113,10.60591],[107.16043,10.60624],[107.16049,10.60669],[107.16109,10.60711],[107.16239,10.60727],[107.16171,10.60782],[107.16191,10.60805],[107.16243,10.60804],[107.16215,10.60906],[107.16251,10.60983],[107.16233,10.61011],[107.16142,10.61005],[107.16021,10.61074],[107.15997,10.61154],[107.16032,10.61166],[107.16041,10.61211],[107.16004,10.61251],[107.16007,10.61288],[107.1603,10.61331],[107.16138,10.61387],[107.16199,10.61469],[107.16231,10.61601],[107.16325,10.61613],[107.16378,10.61648],[107.16412,10.61749],[107.16506,10.61718],[107.16511,10.61773],[107.16475,10.61847],[107.16478,10.61962],[107.1653,10.62],[107.16572,10.61963],[107.16626,10.61979],[107.16675,10.61947],[107.16899,10.62428],[107.17864,10.62492],[107.18039,10.62758],[107.17869,10.6311],[107.179,10.63209],[107.17819,10.63504],[107.17864,10.63674],[107.1794,10.6377],[107.18158,10.64176],[107.1821,10.64214],[107.1822,10.64272],[107.18318,10.64356],[107.18318,10.64404],[107.18453,10.64503],[107.18476,10.64624],[107.18704,10.64964],[107.18977,10.6485],[107.19174,10.64829],[107.19223,10.64948],[107.19289,10.65007],[107.19314,10.65104],[107.19378,10.65175],[107.19442,10.65324],[107.19496,10.65386],[107.19655,10.65471],[107.19822,10.65331],[107.19881,10.6521],[107.20306,10.65141],[107.2067,10.65018],[107.20786,10.64792],[107.2096,10.64734],[107.21045,10.64672],[107.21112,10.64579],[107.21177,10.64544],[107.21317,10.64274],[107.21392,10.64206],[107.21424,10.64137],[107.21462,10.64188],[107.21425,10.64206],[107.21416,10.64364],[107.21373,10.6445],[107.21369,10.64623],[107.21305,10.64783],[107.21323,10.64835],[107.21291,10.6486],[107.21263,10.65002],[107.21296,10.65077],[107.21282,10.65114],[107.21333,10.65223],[107.21317,10.65339],[107.21396,10.65511],[107.2143,10.65553],[107.21609,10.65654],[107.21596,10.65878],[107.21623,10.65988],[107.21428,10.66359],[107.21439,10.66674],[107.22918,10.66619],[107.22943,10.66738],[107.23609,10.66616]]]}},{"type":"Feature","properties":{"code":"26584","name":"Xuân Sơn","fullName":"Xã Xuân Sơn","c":[10.61852,107.33149]},"geometry":{"type":"Polygon","coordinates":[[[107.35388,10.67556],[107.36446,10.65653],[107.3685,10.65377],[107.3668,10.64963],[107.36662,10.64857],[107.36438,10.64622],[107.3651,10.64513],[107.36553,10.64373],[107.36562,10.64248],[107.3661,10.6416],[107.36575,10.64009],[107.36392,10.63837],[107.36201,10.63838],[107.36163,10.63811],[107.36074,10.63659],[107.35838,10.63511],[107.35734,10.63369],[107.35599,10.63085],[107.35594,10.62997],[107.35682,10.62862],[107.35657,10.62516],[107.35576,10.62433],[107.35556,10.62361],[107.35487,10.62342],[107.35394,10.62353],[107.35352,10.6233],[107.35308,10.62194],[107.35621,10.61942],[107.35744,10.61726],[107.35803,10.61446],[107.35757,10.61285],[107.35645,10.61194],[107.35606,10.61196],[107.35487,10.61314],[107.35347,10.61368],[107.35299,10.61358],[107.35289,10.61246],[107.35193,10.61007],[107.3518,10.60818],[107.35121,10.60658],[107.3535,10.60605],[107.35509,10.60512],[107.3568,10.60253],[107.35669,10.60159],[107.35686,10.60134],[107.35856,10.60084],[107.3597,10.60102],[107.35974,10.60035],[107.35902,10.59842],[107.36113,10.59828],[107.36233,10.59863],[107.36322,10.59829],[107.36428,10.59682],[107.36519,10.59422],[107.36623,10.59326],[107.36761,10.59283],[107.36771,10.59258],[107.36727,10.59234],[107.36631,10.59254],[107.36493,10.59247],[107.36437,10.59137],[107.36378,10.59097],[107.36301,10.58969],[107.36355,10.58842],[107.36213,10.58723],[107.36187,10.5863],[107.36245,10.58473],[107.36236,10.58269],[107.36131,10.58236],[107.35893,10.58078],[107.35782,10.58093],[107.35754,10.5805],[107.35765,10.57916],[107.35746,10.57884],[107.35705,10.5789],[107.35597,10.58062],[107.35544,10.58056],[107.35562,10.57894],[107.3547,10.57786],[107.35552,10.57733],[107.3555,10.57702],[107.3536,10.5755],[107.35395,10.57524],[107.3554,10.57534],[107.35565,10.57502],[107.35555,10.57479],[107.35264,10.57446],[107.35226,10.57424],[107.3523,10.57273],[107.35273,10.57231],[107.35269,10.57195],[107.35179,10.57104],[107.35025,10.57092],[107.35048,10.56969],[107.35024,10.56932],[107.3482,10.56959],[107.34813,10.57009],[107.3488,10.57042],[107.34864,10.57082],[107.34745,10.57055],[107.34753,10.56991],[107.34857,10.56854],[107.34829,10.56802],[107.34754,10.56744],[107.34768,10.56686],[107.34741,10.56687],[107.34678,10.56755],[107.34608,10.56751],[107.34516,10.56803],[107.34474,10.56789],[107.34422,10.56822],[107.34365,10.56769],[107.3435,10.56803],[107.34313,10.56777],[107.34281,10.56814],[107.34201,10.56759],[107.34156,10.56785],[107.34148,10.56732],[107.34121,10.56726],[107.34097,10.56755],[107.34063,10.56705],[107.34019,10.56738],[107.3386,10.5676],[107.33794,10.56677],[107.33787,10.56588],[107.33738,10.56541],[107.3365,10.56529],[107.33633,10.56497],[107.33503,10.56431],[107.33464,10.56363],[107.33367,10.56299],[107.33372,10.56187],[107.33323,10.56154],[107.33029,10.56081],[107.32959,10.56188],[107.32811,10.56166],[107.32674,10.56307],[107.32617,10.56309],[107.32607,10.56254],[107.32498,10.56281],[107.32462,10.56205],[107.32562,10.56158],[107.32533,10.56038],[107.32489,10.56025],[107.32389,10.56074],[107.32359,10.56022],[107.32289,10.56033],[107.32288,10.55958],[107.32216,10.55981],[107.32225,10.55946],[107.32196,10.55879],[107.3227,10.5587],[107.323,10.55836],[107.32254,10.55759],[107.32084,10.55722],[107.31944,10.55739],[107.31888,10.5569],[107.31673,10.55701],[107.31583,10.55672],[107.31577,10.55623],[107.3155,10.55626],[107.3145,10.55725],[107.31243,10.55825],[107.31198,10.55967],[107.30884,10.56128],[107.30711,10.56185],[107.30666,10.56287],[107.30522,10.56296],[107.30447,10.5635],[107.30376,10.56612],[107.30383,10.56726],[107.30444,10.56781],[107.30409,10.56819],[107.30437,10.56904],[107.30403,10.57054],[107.30432,10.5715],[107.30414,10.57222],[107.30433,10.57258],[107.30497,10.57246],[107.30542,10.57269],[107.30552,10.57427],[107.3062,10.57555],[107.30544,10.57621],[107.30533,10.57679],[107.30475,10.57707],[107.30447,10.57749],[107.30484,10.57857],[107.3041,10.57902],[107.30349,10.58041],[107.30056,10.58159],[107.29997,10.58312],[107.30017,10.58374],[107.29849,10.58444],[107.2982,10.58508],[107.29653,10.58614],[107.29555,10.5876],[107.29561,10.58873],[107.2982,10.58754],[107.29809,10.59481],[107.29838,10.59819],[107.30012,10.59812],[107.30061,10.59867],[107.30375,10.5993],[107.30365,10.60081],[107.30404,10.60061],[107.30496,10.60083],[107.3052,10.60198],[107.30508,10.60252],[107.30625,10.60285],[107.30691,10.60266],[107.30697,10.60388],[107.30758,10.60407],[107.30826,10.60516],[107.30953,10.60497],[107.31014,10.60558],[107.31008,10.60614],[107.31076,10.60696],[107.31078,10.60767],[107.31033,10.60786],[107.31048,10.60725],[107.30995,10.607],[107.3096,10.60816],[107.30974,10.60862],[107.30925,10.60875],[107.3096,10.60919],[107.30905,10.60923],[107.30939,10.6095],[107.30935,10.60977],[107.30903,10.60985],[107.30857,10.60946],[107.30852,10.61004],[107.30898,10.61036],[107.30815,10.61136],[107.30858,10.61174],[107.30864,10.61216],[107.30778,10.61226],[107.30757,10.61266],[107.30611,10.61251],[107.30576,10.61278],[107.30522,10.61276],[107.305,10.61303],[107.30492,10.61398],[107.30512,10.6144],[107.30496,10.61488],[107.30536,10.61553],[107.30504,10.61608],[107.3054,10.6161],[107.30569,10.61665],[107.30666,10.61735],[107.30732,10.61709],[107.30734,10.61776],[107.30576,10.6183],[107.30425,10.62078],[107.3042,10.62194],[107.30319,10.62398],[107.30355,10.62425],[107.30348,10.62473],[107.30317,10.62527],[107.30241,10.62557],[107.30154,10.62674],[107.30142,10.62757],[107.30088,10.62786],[107.30033,10.62895],[107.30031,10.62977],[107.29953,10.63014],[107.29958,10.63094],[107.29871,10.63189],[107.2974,10.63216],[107.29696,10.63288],[107.29703,10.6341],[107.29759,10.63564],[107.2974,10.63691],[107.29612,10.63789],[107.29571,10.63885],[107.29584,10.63919],[107.29736,10.63918],[107.29947,10.63981],[107.29927,10.64422],[107.306,10.64331],[107.30556,10.64579],[107.30203,10.65463],[107.30205,10.65568],[107.3026,10.65622],[107.3032,10.65606],[107.30353,10.65648],[107.30381,10.65821],[107.3058,10.65798],[107.30602,10.65698],[107.30713,10.65629],[107.3081,10.65665],[107.3092,10.65745],[107.30998,10.65937],[107.31079,10.65957],[107.31339,10.66169],[107.31418,10.66295],[107.31441,10.66428],[107.31509,10.66443],[107.31536,10.66477],[107.31532,10.66498],[107.31488,10.66512],[107.31487,10.66543],[107.31532,10.66539],[107.31651,10.66642],[107.31714,10.66637],[107.31763,10.66676],[107.31823,10.66668],[107.31863,10.66725],[107.31888,10.66711],[107.31876,10.66637],[107.3194,10.66659],[107.31982,10.66646],[107.32099,10.66917],[107.32177,10.66971],[107.32207,10.67022],[107.32287,10.67066],[107.32303,10.6722],[107.32464,10.67349],[107.32523,10.67351],[107.32592,10.67407],[107.32706,10.67442],[107.32759,10.67507],[107.32774,10.67593],[107.32817,10.67632],[107.32965,10.67645],[107.33091,10.67617],[107.33173,10.67739],[107.33829,10.67794],[107.34416,10.67542],[107.3486,10.67681],[107.35221,10.67853],[107.35388,10.67556]]]}},{"type":"Feature","properties":{"code":"26590","name":"Bình Giã","fullName":"Xã Bình Giã","c":[10.67172,107.28224]},"geometry":{"type":"Polygon","coordinates":[[[107.30227,10.74064],[107.30251,10.73747],[107.30306,10.73492],[107.30287,10.73249],[107.30425,10.73035],[107.30389,10.73001],[107.3051,10.72913],[107.30534,10.72848],[107.3051,10.72817],[107.30364,10.72811],[107.30298,10.72832],[107.30321,10.72742],[107.30389,10.72738],[107.30443,10.72786],[107.30457,10.7276],[107.30368,10.72642],[107.30392,10.72592],[107.30372,10.72503],[107.30303,10.72444],[107.30296,10.72323],[107.30198,10.72162],[107.30097,10.72083],[107.3011,10.71954],[107.30091,10.71952],[107.30089,10.71902],[107.30204,10.71797],[107.30128,10.71777],[107.30421,10.71506],[107.30526,10.71458],[107.30542,10.7131],[107.30115,10.70793],[107.30066,10.70461],[107.30037,10.70404],[107.29987,10.70396],[107.30087,10.70181],[107.3019,10.70163],[107.30238,10.70079],[107.30325,10.70044],[107.3036,10.69983],[107.30393,10.6999],[107.30446,10.6995],[107.30555,10.69919],[107.3058,10.69871],[107.30564,10.69835],[107.3058,10.69795],[107.30641,10.69746],[107.30709,10.69627],[107.30741,10.69618],[107.30682,10.69533],[107.30669,10.69461],[107.30775,10.69413],[107.30726,10.69356],[107.30458,10.69255],[107.3049,10.69176],[107.3036,10.69111],[107.30475,10.68852],[107.2994,10.68626],[107.29953,10.68585],[107.29994,10.6857],[107.29992,10.6853],[107.29947,10.68512],[107.29994,10.68471],[107.29979,10.68384],[107.30012,10.68344],[107.30046,10.68365],[107.30073,10.68339],[107.30132,10.68338],[107.3017,10.6827],[107.3028,10.68207],[107.30261,10.68153],[107.30371,10.68079],[107.30425,10.68005],[107.30619,10.67874],[107.30687,10.6777],[107.30798,10.67749],[107.30831,10.67675],[107.30906,10.6766],[107.30932,10.67585],[107.31008,10.67575],[107.3105,10.67498],[107.31024,10.67448],[107.31054,10.67409],[107.31048,10.67366],[107.3109,10.67355],[107.311,10.67283],[107.31135,10.67263],[107.31146,10.67295],[107.31187,10.67299],[107.31196,10.67236],[107.31226,10.67215],[107.31239,10.67233],[107.3129,10.6719],[107.31351,10.6708],[107.31526,10.67007],[107.31593,10.66922],[107.31704,10.66915],[107.31726,10.66889],[107.31801,10.66872],[107.31924,10.66941],[107.32063,10.66984],[107.32154,10.66985],[107.32198,10.67013],[107.32177,10.66971],[107.32099,10.66917],[107.31982,10.66646],[107.3194,10.66659],[107.31876,10.66637],[107.31888,10.66711],[107.31863,10.66725],[107.31823,10.66668],[107.31763,10.66676],[107.31714,10.66637],[107.31651,10.66642],[107.31532,10.66539],[107.31487,10.66543],[107.31488,10.66512],[107.31532,10.66498],[107.31536,10.66477],[107.31509,10.66443],[107.31441,10.66428],[107.31418,10.66295],[107.31339,10.66169],[107.31079,10.65957],[107.30998,10.65937],[107.30937,10.65761],[107.3081,10.65665],[107.30713,10.65629],[107.30602,10.65698],[107.3058,10.65798],[107.30381,10.65821],[107.30353,10.65648],[107.3032,10.65606],[107.3026,10.65622],[107.30205,10.65568],[107.30203,10.65463],[107.30556,10.64579],[107.306,10.64331],[107.29927,10.64422],[107.29947,10.63981],[107.29736,10.63918],[107.29584,10.63919],[107.29571,10.63885],[107.29612,10.63789],[107.2974,10.63691],[107.29759,10.63564],[107.29703,10.6341],[107.29696,10.63288],[107.2974,10.63216],[107.29871,10.63189],[107.29958,10.63094],[107.29953,10.63014],[107.30031,10.62977],[107.30033,10.62895],[107.30088,10.62786],[107.30142,10.62757],[107.30154,10.62674],[107.30243,10.62556],[107.30327,10.62516],[107.30356,10.6244],[107.30324,10.62378],[107.3042,10.62194],[107.30425,10.62078],[107.30576,10.6183],[107.3046,10.61833],[107.30331,10.61782],[107.30287,10.61854],[107.30214,10.61843],[107.3009,10.61666],[107.3003,10.61645],[107.29976,10.61582],[107.29831,10.61542],[107.29797,10.61596],[107.29681,10.61535],[107.29654,10.61475],[107.29611,10.6145],[107.29576,10.61459],[107.29489,10.6135],[107.29251,10.61257],[107.29242,10.61203],[107.29188,10.61175],[107.29113,10.61177],[107.29081,10.6113],[107.28915,10.61102],[107.28807,10.60967],[107.28665,10.60872],[107.28588,10.60782],[107.28554,10.60805],[107.28528,10.609],[107.28478,10.60918],[107.28118,10.6122],[107.2807,10.61327],[107.28022,10.61301],[107.27927,10.61113],[107.27889,10.61098],[107.27866,10.61022],[107.27841,10.61033],[107.27801,10.60983],[107.27818,10.60912],[107.27771,10.60807],[107.27646,10.60852],[107.27616,10.60965],[107.27637,10.61013],[107.27597,10.61066],[107.27478,10.6105],[107.27403,10.6108],[107.27334,10.61029],[107.27232,10.61012],[107.27178,10.61064],[107.27135,10.6106],[107.27068,10.61112],[107.26938,10.61145],[107.26836,10.61251],[107.26684,10.61318],[107.26652,10.61313],[107.26535,10.61155],[107.26077,10.61582],[107.25957,10.61748],[107.25979,10.61945],[107.25908,10.62114],[107.25912,10.62215],[107.25795,10.62267],[107.25811,10.62505],[107.25779,10.627],[107.25293,10.62816],[107.25305,10.62857],[107.2528,10.62927],[107.25216,10.62944],[107.25178,10.62986],[107.24962,10.63099],[107.24843,10.63055],[107.24764,10.6306],[107.24714,10.6303],[107.24597,10.63073],[107.2455,10.63017],[107.24526,10.63068],[107.24406,10.63073],[107.24322,10.63147],[107.24328,10.63239],[107.2438,10.63287],[107.24384,10.63454],[107.24433,10.63473],[107.2444,10.63512],[107.24501,10.63574],[107.24503,10.63598],[107.24468,10.6362],[107.24501,10.63696],[107.24544,10.63714],[107.24602,10.63693],[107.24902,10.63788],[107.24956,10.63907],[107.25001,10.63937],[107.25073,10.6394],[107.25067,10.64033],[107.25123,10.64093],[107.25099,10.64133],[107.25107,10.64253],[107.25189,10.64335],[107.25181,10.64437],[107.25229,10.64532],[107.25249,10.64646],[107.25334,10.64697],[107.25356,10.64819],[107.25331,10.64874],[107.25383,10.65027],[107.2537,10.65067],[107.25441,10.65188],[107.25485,10.65221],[107.25525,10.65205],[107.25543,10.65309],[107.2558,10.65328],[107.25588,10.65387],[107.25658,10.65435],[107.25691,10.65518],[107.25696,10.65602],[107.25628,10.65736],[107.25667,10.65823],[107.2564,10.65956],[107.25772,10.6622],[107.25801,10.66475],[107.2583,10.66541],[107.25791,10.66695],[107.25804,10.66787],[107.26111,10.66723],[107.26214,10.67111],[107.2664,10.66914],[107.26714,10.67201],[107.26785,10.67824],[107.26823,10.67914],[107.26938,10.67978],[107.26943,10.68017],[107.26928,10.68082],[107.26861,10.68137],[107.26765,10.68278],[107.26759,10.68344],[107.26582,10.6837],[107.26524,10.68417],[107.26497,10.68646],[107.26458,10.68669],[107.26417,10.68831],[107.26422,10.68906],[107.26462,10.68929],[107.26571,10.69089],[107.26659,10.69155],[107.26663,10.69185],[107.26599,10.693],[107.26878,10.69428],[107.26928,10.69425],[107.26862,10.69567],[107.26251,10.69857],[107.26112,10.69967],[107.26013,10.70149],[107.26091,10.70269],[107.26042,10.70346],[107.26066,10.70363],[107.26061,10.70469],[107.2609,10.70508],[107.25981,10.70582],[107.25966,10.70662],[107.2586,10.70843],[107.25782,10.70883],[107.2569,10.70866],[107.25632,10.70884],[107.25375,10.71116],[107.25298,10.7112],[107.25133,10.71076],[107.25094,10.71338],[107.25016,10.71535],[107.24964,10.71853],[107.27632,10.71942],[107.27919,10.71973],[107.28034,10.71939],[107.28026,10.71997],[107.28065,10.72067],[107.28106,10.72079],[107.28127,10.72303],[107.28164,10.72364],[107.28108,10.7248],[107.28154,10.72516],[107.28164,10.72567],[107.28208,10.72591],[107.28187,10.72642],[107.28252,10.72734],[107.28253,10.72893],[107.28019,10.73102],[107.27924,10.73539],[107.27487,10.73524],[107.2764,10.73669],[107.27696,10.7382],[107.27954,10.74178],[107.28097,10.74184],[107.28255,10.74086],[107.28297,10.74023],[107.28391,10.74021],[107.29825,10.74651],[107.2988,10.74762],[107.29949,10.75043],[107.30413,10.74932],[107.30391,10.7486],[107.30336,10.7484],[107.30265,10.74691],[107.30174,10.7457],[107.30227,10.74064]]]}},{"type":"Feature","properties":{"code":"26596","name":"Châu Đức","fullName":"Xã Châu Đức","c":[10.73357,107.20783]},"geometry":{"type":"Polygon","coordinates":[[[107.20569,10.7746],[107.2065,10.77458],[107.20683,10.77377],[107.20653,10.75801],[107.20677,10.75877],[107.20742,10.75887],[107.20817,10.75957],[107.21586,10.75932],[107.21739,10.75736],[107.21882,10.75771],[107.21965,10.75718],[107.22143,10.75704],[107.22217,10.75765],[107.22368,10.75769],[107.22451,10.75805],[107.22564,10.75952],[107.22614,10.75964],[107.22657,10.75932],[107.22728,10.7593],[107.22781,10.76065],[107.22761,10.76113],[107.22774,10.76191],[107.22874,10.76217],[107.22874,10.76301],[107.22944,10.76353],[107.23143,10.7642],[107.23208,10.76393],[107.23219,10.76336],[107.23337,10.76225],[107.23447,10.76194],[107.23496,10.76139],[107.2363,10.76115],[107.2367,10.76066],[107.23722,10.76068],[107.23856,10.7616],[107.23964,10.76156],[107.2404,10.7618],[107.24196,10.75918],[107.24429,10.75972],[107.24441,10.75841],[107.24406,10.7562],[107.30048,10.75498],[107.2988,10.74762],[107.29825,10.74651],[107.28391,10.74021],[107.28297,10.74023],[107.28255,10.74086],[107.28097,10.74184],[107.27954,10.74178],[107.27696,10.7382],[107.2764,10.73669],[107.27493,10.73537],[107.27924,10.73539],[107.28019,10.73102],[107.28253,10.72893],[107.28252,10.72734],[107.28187,10.72642],[107.28208,10.72591],[107.28164,10.72567],[107.28154,10.72516],[107.28108,10.7248],[107.28164,10.72364],[107.28127,10.72303],[107.28106,10.72079],[107.28065,10.72067],[107.28026,10.71997],[107.28034,10.71939],[107.27919,10.71973],[107.27632,10.71942],[107.24964,10.71853],[107.24089,10.7167],[107.23953,10.72345],[107.22886,10.72381],[107.22688,10.72375],[107.22587,10.72235],[107.22422,10.72128],[107.22317,10.72128],[107.22201,10.72088],[107.22105,10.72091],[107.22053,10.72126],[107.21993,10.721],[107.21839,10.71964],[107.21673,10.71956],[107.21545,10.71866],[107.21427,10.71826],[107.21028,10.71823],[107.20964,10.71771],[107.20762,10.71768],[107.20724,10.71705],[107.20735,10.71583],[107.20653,10.71425],[107.20539,10.71282],[107.20529,10.71207],[107.20438,10.71091],[107.20423,10.7094],[107.20522,10.70872],[107.20527,10.70815],[107.20556,10.70788],[107.20537,10.70748],[107.20612,10.70683],[107.20595,10.70644],[107.20606,10.70511],[107.20567,10.70458],[107.2048,10.70464],[107.20396,10.70414],[107.20279,10.70385],[107.20028,10.70211],[107.19952,10.7021],[107.19928,10.7017],[107.197,10.70042],[107.19642,10.69925],[107.19648,10.69859],[107.19482,10.69668],[107.19511,10.69578],[107.19477,10.69513],[107.1949,10.69487],[107.1943,10.69475],[107.19417,10.69443],[107.19362,10.69439],[107.19285,10.69381],[107.1921,10.69381],[107.1921,10.69328],[107.19185,10.69311],[107.19141,10.69309],[107.19113,10.69344],[107.19076,10.69329],[107.1903,10.69189],[107.18986,10.69149],[107.18907,10.69145],[107.18874,10.69176],[107.18801,10.69141],[107.18795,10.69083],[107.18715,10.68988],[107.18732,10.68923],[107.1846,10.68937],[107.1847,10.68985],[107.18269,10.69148],[107.18216,10.69063],[107.18202,10.68937],[107.18133,10.68899],[107.1818,10.68837],[107.18113,10.68819],[107.18121,10.68758],[107.1808,10.68705],[107.1809,10.68612],[107.18031,10.68586],[107.18003,10.68545],[107.17974,10.68542],[107.17979,10.68585],[107.17859,10.68519],[107.17831,10.68385],[107.17769,10.68386],[107.17761,10.68346],[107.17566,10.68274],[107.1755,10.6824],[107.17479,10.68251],[107.17451,10.68222],[107.1747,10.68182],[107.17432,10.68158],[107.17411,10.68187],[107.17394,10.68167],[107.17373,10.68182],[107.17332,10.68152],[107.17229,10.68139],[107.17227,10.68094],[107.17021,10.68084],[107.16982,10.68126],[107.16915,10.68142],[107.16952,10.68199],[107.16927,10.68207],[107.16915,10.68267],[107.16789,10.68352],[107.1675,10.68503],[107.16566,10.68548],[107.16541,10.68498],[107.16534,10.68537],[107.16575,10.68581],[107.16582,10.68661],[107.16658,10.68748],[107.16626,10.68883],[107.16632,10.68998],[107.1667,10.6909],[107.16639,10.69097],[107.16629,10.69142],[107.16586,10.69175],[107.16597,10.69273],[107.16566,10.69313],[107.16601,10.69388],[107.166,10.69443],[107.16557,10.69616],[107.16566,10.69682],[107.16531,10.69706],[107.1652,10.6976],[107.1655,10.69843],[107.16529,10.69873],[107.16534,10.69923],[107.16474,10.70014],[107.16506,10.70025],[107.16534,10.70201],[107.16571,10.70247],[107.16534,10.70299],[107.16589,10.70338],[107.16565,10.70474],[107.16624,10.70548],[107.16601,10.70658],[107.16633,10.7066],[107.16649,10.70713],[107.16603,10.70731],[107.16547,10.70807],[107.16349,10.70968],[107.16399,10.71138],[107.16496,10.71276],[107.16536,10.71375],[107.16558,10.71647],[107.16427,10.7158],[107.16276,10.71453],[107.15983,10.71042],[107.15315,10.71034],[107.15159,10.70994],[107.13975,10.70959],[107.13943,10.71788],[107.13954,10.71818],[107.14065,10.71893],[107.14059,10.71988],[107.13982,10.72004],[107.13905,10.7218],[107.13904,10.7277],[107.13974,10.72763],[107.1408,10.72676],[107.14241,10.72476],[107.14243,10.72429],[107.14296,10.72402],[107.14373,10.72416],[107.1448,10.72465],[107.14526,10.72513],[107.14544,10.72577],[107.14482,10.7269],[107.14357,10.72806],[107.14363,10.72966],[107.14441,10.73018],[107.14643,10.73002],[107.14665,10.73023],[107.14666,10.73114],[107.14507,10.73182],[107.14427,10.73263],[107.1391,10.73253],[107.13884,10.74089],[107.13841,10.74496],[107.14465,10.74455],[107.14585,10.74406],[107.14721,10.74459],[107.1477,10.74446],[107.14801,10.74473],[107.14938,10.74397],[107.14959,10.74407],[107.14952,10.74453],[107.15024,10.74429],[107.15089,10.74442],[107.15139,10.74395],[107.15216,10.7446],[107.15246,10.74432],[107.15282,10.74456],[107.15301,10.74424],[107.15382,10.74407],[107.1541,10.74445],[107.15431,10.74413],[107.15512,10.74534],[107.15577,10.74559],[107.15619,10.74613],[107.15681,10.74614],[107.15731,10.74573],[107.15728,10.74656],[107.15796,10.74749],[107.15862,10.74777],[107.15887,10.74832],[107.16021,10.74819],[107.1607,10.74857],[107.16067,10.74928],[107.16151,10.74933],[107.16204,10.74981],[107.16276,10.74951],[107.16308,10.74985],[107.16362,10.7496],[107.16391,10.75065],[107.16448,10.75078],[107.16478,10.75201],[107.16567,10.75248],[107.16588,10.75319],[107.16639,10.75352],[107.1665,10.75404],[107.16694,10.75395],[107.1668,10.75273],[107.16748,10.75333],[107.16746,10.75299],[107.16777,10.75319],[107.16833,10.75274],[107.16839,10.75328],[107.16961,10.7538],[107.17154,10.75588],[107.17105,10.75648],[107.17169,10.75788],[107.17283,10.75841],[107.17373,10.75924],[107.17411,10.76058],[107.17469,10.76059],[107.17493,10.76103],[107.17536,10.76108],[107.17579,10.76151],[107.1774,10.76181],[107.17777,10.76165],[107.17803,10.76189],[107.17844,10.76165],[107.17862,10.76213],[107.17925,10.76225],[107.17978,10.76309],[107.17928,10.76319],[107.17976,10.76408],[107.17973,10.76456],[107.1808,10.76458],[107.18091,10.7651],[107.18055,10.76603],[107.18078,10.76703],[107.18227,10.76768],[107.18229,10.76823],[107.18353,10.76799],[107.1837,10.76842],[107.18513,10.76858],[107.18725,10.77009],[107.18739,10.77037],[107.18717,10.77087],[107.18736,10.77106],[107.18939,10.77204],[107.18964,10.77163],[107.1903,10.77134],[107.19061,10.77167],[107.19142,10.77138],[107.19136,10.77225],[107.19187,10.77156],[107.19231,10.77185],[107.19289,10.77147],[107.19347,10.77193],[107.19376,10.77143],[107.19456,10.77173],[107.19509,10.77155],[107.19553,10.77183],[107.19801,10.77162],[107.20076,10.77316],[107.20338,10.77414],[107.20367,10.77448],[107.2048,10.77451],[107.20525,10.77483],[107.20569,10.7746]]]}},{"type":"Feature","properties":{"code":"26608","name":"Kim Long","fullName":"Xã Kim Long","c":[10.68045,107.21418]},"geometry":{"type":"Polygon","coordinates":[[[107.22951,10.72373],[107.23953,10.72345],[107.24089,10.7167],[107.24964,10.71853],[107.25016,10.71535],[107.25094,10.71338],[107.25133,10.71076],[107.25298,10.7112],[107.25375,10.71116],[107.25632,10.70884],[107.2569,10.70866],[107.25782,10.70883],[107.2586,10.70843],[107.25966,10.70662],[107.25981,10.70582],[107.2609,10.70508],[107.26061,10.70469],[107.26066,10.70363],[107.26042,10.70346],[107.26091,10.70269],[107.26013,10.70149],[107.26112,10.69967],[107.26251,10.69857],[107.26862,10.69567],[107.26928,10.69425],[107.26878,10.69428],[107.26599,10.693],[107.26663,10.69185],[107.26659,10.69155],[107.26571,10.69089],[107.26462,10.68929],[107.2642,10.68902],[107.26458,10.68669],[107.26497,10.68646],[107.26524,10.68417],[107.26582,10.6837],[107.26759,10.68344],[107.26765,10.68278],[107.26943,10.68042],[107.26938,10.67978],[107.26849,10.67941],[107.26785,10.67824],[107.26714,10.67201],[107.2664,10.66914],[107.26214,10.67111],[107.26111,10.66723],[107.25804,10.66787],[107.25791,10.66695],[107.25825,10.665],[107.25801,10.66475],[107.25808,10.66428],[107.25737,10.66378],[107.25279,10.66484],[107.24925,10.66493],[107.24887,10.6649],[107.24853,10.66307],[107.24387,10.66383],[107.24243,10.66501],[107.24152,10.66496],[107.22943,10.66738],[107.22918,10.66619],[107.21439,10.66674],[107.21428,10.66359],[107.21623,10.65988],[107.21596,10.65878],[107.21609,10.65654],[107.2143,10.65553],[107.21396,10.65511],[107.21317,10.65339],[107.21333,10.65223],[107.21282,10.65114],[107.21296,10.65077],[107.21263,10.65002],[107.21291,10.6486],[107.21323,10.64835],[107.21305,10.64783],[107.21369,10.64623],[107.21373,10.6445],[107.21416,10.64364],[107.21425,10.64206],[107.21462,10.64188],[107.21424,10.64137],[107.21392,10.64206],[107.21317,10.64274],[107.21177,10.64544],[107.21112,10.64579],[107.21045,10.64672],[107.2096,10.64734],[107.20786,10.64792],[107.2067,10.65018],[107.20306,10.65141],[107.19881,10.6521],[107.19822,10.65331],[107.19655,10.65471],[107.19496,10.65386],[107.19442,10.65324],[107.19378,10.65175],[107.19314,10.65104],[107.19289,10.65007],[107.19223,10.64948],[107.19174,10.64829],[107.18977,10.6485],[107.18704,10.64964],[107.18476,10.64624],[107.18453,10.64503],[107.18318,10.64404],[107.18318,10.64356],[107.1822,10.64272],[107.1821,10.64214],[107.18158,10.64176],[107.18084,10.64057],[107.1794,10.6377],[107.17871,10.6369],[107.17819,10.63504],[107.179,10.63209],[107.17871,10.63101],[107.18039,10.62758],[107.17864,10.62492],[107.16899,10.62428],[107.16802,10.62638],[107.16714,10.62648],[107.16659,10.62703],[107.16646,10.63033],[107.16603,10.6327],[107.16501,10.63361],[107.16432,10.63498],[107.16522,10.63916],[107.16495,10.6409],[107.16427,10.64118],[107.16422,10.64143],[107.16502,10.64241],[107.16503,10.64356],[107.16625,10.64509],[107.16662,10.64675],[107.16766,10.64715],[107.16748,10.64784],[107.16792,10.64777],[107.1681,10.64796],[107.16727,10.64833],[107.16713,10.64765],[107.16698,10.64826],[107.16615,10.6495],[107.1662,10.6501],[107.16651,10.64992],[107.16723,10.65051],[107.16689,10.65109],[107.16731,10.65114],[107.16741,10.65144],[107.16676,10.65129],[107.16695,10.65157],[107.16681,10.65185],[107.16763,10.65254],[107.16677,10.65256],[107.16753,10.65331],[107.16746,10.65373],[107.16706,10.65405],[107.16743,10.65461],[107.16742,10.65525],[107.16681,10.65492],[107.16639,10.65505],[107.16598,10.65659],[107.16508,10.65712],[107.16544,10.65728],[107.16552,10.65763],[107.16504,10.65841],[107.16495,10.65955],[107.16543,10.65914],[107.16577,10.65944],[107.16503,10.66051],[107.16608,10.66121],[107.16537,10.66206],[107.16551,10.66248],[107.16529,10.66309],[107.16557,10.66347],[107.16622,10.66372],[107.1662,10.66482],[107.16635,10.66564],[107.16674,10.66623],[107.16668,10.66678],[107.16629,10.6678],[107.16554,10.66841],[107.16526,10.66973],[107.16455,10.66995],[107.16425,10.67031],[107.16305,10.67328],[107.16154,10.67403],[107.16053,10.67503],[107.16069,10.67566],[107.16032,10.6759],[107.16032,10.67656],[107.1595,10.67755],[107.16,10.67941],[107.15973,10.68041],[107.16051,10.68122],[107.16269,10.6821],[107.16459,10.68393],[107.16531,10.68418],[107.16566,10.68548],[107.1675,10.68503],[107.16789,10.68352],[107.16915,10.68267],[107.16927,10.68207],[107.16952,10.68199],[107.16915,10.68142],[107.16982,10.68126],[107.17021,10.68084],[107.17227,10.68094],[107.17229,10.68139],[107.17332,10.68152],[107.17373,10.68182],[107.17394,10.68167],[107.17411,10.68187],[107.17432,10.68158],[107.1747,10.68182],[107.17451,10.68222],[107.17479,10.68251],[107.1755,10.6824],[107.17566,10.68274],[107.17761,10.68346],[107.17769,10.68386],[107.17831,10.68385],[107.17866,10.68524],[107.17979,10.68585],[107.17974,10.68542],[107.18003,10.68545],[107.18031,10.68586],[107.18086,10.68606],[107.18081,10.68718],[107.18121,10.68758],[107.18113,10.68819],[107.1818,10.68837],[107.18133,10.68899],[107.18202,10.68937],[107.18216,10.69063],[107.18269,10.69148],[107.1847,10.68985],[107.1846,10.68937],[107.18732,10.68923],[107.18715,10.68988],[107.18795,10.69083],[107.18801,10.69141],[107.18874,10.69176],[107.18907,10.69145],[107.18986,10.69149],[107.1903,10.69189],[107.19076,10.69329],[107.19113,10.69344],[107.19141,10.69309],[107.19185,10.69311],[107.1921,10.69328],[107.1921,10.69381],[107.19285,10.69381],[107.19362,10.69439],[107.19417,10.69443],[107.1943,10.69475],[107.1949,10.69487],[107.19477,10.69513],[107.19511,10.69578],[107.19482,10.69668],[107.19648,10.69859],[107.19642,10.69925],[107.197,10.70042],[107.19928,10.7017],[107.19952,10.7021],[107.20028,10.70211],[107.20279,10.70385],[107.20396,10.70414],[107.2048,10.70464],[107.20559,10.70453],[107.20606,10.70511],[107.2061,10.70691],[107.20537,10.70748],[107.20556,10.70788],[107.20527,10.70815],[107.20522,10.70872],[107.20423,10.7094],[107.20438,10.71091],[107.20529,10.71207],[107.20539,10.71282],[107.20653,10.71425],[107.20735,10.71583],[107.20723,10.71698],[107.20746,10.71759],[107.20964,10.71771],[107.21028,10.71823],[107.21427,10.71826],[107.21545,10.71866],[107.21673,10.71956],[107.21839,10.71964],[107.21993,10.721],[107.22053,10.72126],[107.22105,10.72091],[107.22201,10.72088],[107.22317,10.72128],[107.22422,10.72128],[107.22587,10.72235],[107.22688,10.72375],[107.22951,10.72373]]]}},{"type":"Feature","properties":{"code":"26617","name":"Nghĩa Thành","fullName":"Xã Nghĩa Thành","c":[10.57858,107.24162]},"geometry":{"type":"Polygon","coordinates":[[[107.26519,10.61168],[107.26535,10.61155],[107.26652,10.61313],[107.26684,10.61318],[107.26836,10.61251],[107.26938,10.61145],[107.27068,10.61112],[107.27135,10.6106],[107.27178,10.61064],[107.27232,10.61012],[107.27334,10.61029],[107.27403,10.6108],[107.27478,10.6105],[107.27597,10.61066],[107.27637,10.61013],[107.27616,10.60965],[107.27646,10.60852],[107.27771,10.60807],[107.27818,10.60912],[107.27801,10.60983],[107.27841,10.61033],[107.27866,10.61022],[107.27889,10.61098],[107.27927,10.61113],[107.28022,10.61301],[107.2807,10.61327],[107.28118,10.6122],[107.28478,10.60918],[107.28528,10.609],[107.28554,10.60805],[107.28588,10.60782],[107.28665,10.60872],[107.28807,10.60967],[107.28915,10.61102],[107.29081,10.6113],[107.29113,10.61177],[107.29188,10.61175],[107.29242,10.61203],[107.29251,10.61257],[107.29489,10.6135],[107.29576,10.61459],[107.29611,10.6145],[107.29654,10.61475],[107.29681,10.61535],[107.29797,10.61596],[107.29831,10.61542],[107.29976,10.61582],[107.3003,10.61645],[107.3009,10.61666],[107.30214,10.61843],[107.30287,10.61854],[107.30331,10.61782],[107.3046,10.61833],[107.30548,10.61836],[107.30729,10.61782],[107.30732,10.61709],[107.30666,10.61735],[107.30569,10.61665],[107.3054,10.6161],[107.30504,10.61608],[107.30536,10.61553],[107.30496,10.61488],[107.30512,10.61432],[107.30494,10.61317],[107.30522,10.61276],[107.30576,10.61278],[107.30611,10.61251],[107.30757,10.61266],[107.30778,10.61226],[107.30864,10.61216],[107.30858,10.61174],[107.30815,10.61136],[107.30898,10.61036],[107.30852,10.61004],[107.30857,10.60946],[107.30903,10.60985],[107.30935,10.60977],[107.30939,10.6095],[107.30905,10.60923],[107.3096,10.60919],[107.30925,10.60875],[107.30974,10.60862],[107.3096,10.60816],[107.30991,10.60706],[107.31048,10.60725],[107.31043,10.60788],[107.31078,10.60767],[107.31076,10.60696],[107.31032,10.60664],[107.31003,10.60592],[107.31014,10.60558],[107.30953,10.60497],[107.30834,10.6052],[107.30768,10.6045],[107.30758,10.60407],[107.30702,10.60395],[107.30691,10.60266],[107.30625,10.60285],[107.30508,10.60252],[107.3052,10.60198],[107.30496,10.60083],[107.30404,10.60061],[107.30365,10.60081],[107.30375,10.5993],[107.30061,10.59867],[107.30012,10.59812],[107.29838,10.59819],[107.29809,10.59481],[107.2982,10.58754],[107.29561,10.58873],[107.29554,10.58773],[107.29599,10.58676],[107.29669,10.58597],[107.2982,10.58508],[107.29862,10.58435],[107.30017,10.58374],[107.29997,10.58312],[107.30056,10.58159],[107.30349,10.58041],[107.3041,10.57902],[107.30484,10.57857],[107.30447,10.57749],[107.30475,10.57707],[107.30533,10.57679],[107.30544,10.57621],[107.3062,10.57555],[107.30552,10.57427],[107.30542,10.57269],[107.30424,10.57247],[107.3043,10.57126],[107.30403,10.57069],[107.30437,10.56904],[107.30409,10.56819],[107.30444,10.56781],[107.30383,10.56726],[107.30378,10.5659],[107.30413,10.56445],[107.30447,10.5635],[107.30522,10.56296],[107.30666,10.56287],[107.30694,10.56251],[107.30691,10.56227],[107.30656,10.56242],[107.30618,10.56215],[107.30543,10.56088],[107.3055,10.56013],[107.30523,10.55979],[107.30295,10.55941],[107.30002,10.55979],[107.29926,10.5604],[107.29873,10.56133],[107.29754,10.56165],[107.29717,10.56277],[107.29613,10.56307],[107.2959,10.56391],[107.29507,10.5648],[107.29548,10.56534],[107.29529,10.56571],[107.29294,10.56675],[107.28883,10.56644],[107.2885,10.56768],[107.28874,10.56844],[107.28834,10.56857],[107.28735,10.5702],[107.28714,10.57071],[107.28728,10.57143],[107.28634,10.57235],[107.28509,10.57242],[107.28483,10.57127],[107.28411,10.57065],[107.28332,10.57105],[107.28205,10.57079],[107.28156,10.57138],[107.28177,10.57198],[107.28119,10.57203],[107.2796,10.57349],[107.27942,10.57462],[107.2778,10.57444],[107.27759,10.57488],[107.27719,10.57464],[107.27638,10.57674],[107.27608,10.57685],[107.27562,10.57658],[107.27533,10.57715],[107.27408,10.57731],[107.27343,10.57315],[107.27366,10.56951],[107.27241,10.56974],[107.2714,10.56908],[107.26902,10.57061],[107.26803,10.57266],[107.26761,10.57253],[107.26735,10.57204],[107.26734,10.57099],[107.26696,10.5705],[107.26683,10.56976],[107.26563,10.56863],[107.2652,10.56744],[107.26416,10.56668],[107.26349,10.5663],[107.2633,10.56711],[107.26215,10.56702],[107.26099,10.56753],[107.26038,10.5669],[107.26209,10.56595],[107.26163,10.56528],[107.26227,10.56494],[107.26135,10.56488],[107.2609,10.56421],[107.25933,10.563],[107.25876,10.56082],[107.25972,10.56032],[107.25865,10.56015],[107.2578,10.5608],[107.25726,10.56036],[107.25667,10.5603],[107.25542,10.55798],[107.25503,10.55544],[107.25408,10.55386],[107.2533,10.55326],[107.25334,10.55241],[107.25303,10.5517],[107.25357,10.55143],[107.2538,10.55157],[107.25383,10.55136],[107.25301,10.54928],[107.24918,10.54987],[107.24913,10.54945],[107.24878,10.54941],[107.24858,10.54905],[107.24763,10.54912],[107.24714,10.54881],[107.24716,10.54848],[107.24744,10.54855],[107.24775,10.54821],[107.24805,10.54844],[107.24846,10.54781],[107.24814,10.54721],[107.24861,10.54703],[107.24876,10.54561],[107.24914,10.54534],[107.24825,10.54501],[107.24808,10.54513],[107.24828,10.54559],[107.24797,10.54562],[107.24784,10.54503],[107.24711,10.5445],[107.24768,10.54323],[107.24692,10.54284],[107.24682,10.54196],[107.24716,10.54184],[107.24675,10.54125],[107.2464,10.54117],[107.24665,10.5407],[107.24636,10.54053],[107.24643,10.54027],[107.24303,10.5381],[107.24167,10.53939],[107.24074,10.54185],[107.23685,10.54594],[107.23379,10.54984],[107.22667,10.55251],[107.22723,10.55362],[107.22722,10.55469],[107.2288,10.56139],[107.22688,10.56224],[107.22022,10.56322],[107.21781,10.554],[107.21574,10.55477],[107.21415,10.55431],[107.21355,10.55328],[107.21325,10.55133],[107.21154,10.55058],[107.21155,10.55104],[107.21122,10.55143],[107.21002,10.55175],[107.20952,10.55298],[107.20958,10.55352],[107.20888,10.55355],[107.20856,10.55388],[107.20764,10.55363],[107.20754,10.554],[107.20703,10.55356],[107.20608,10.55353],[107.20594,10.55377],[107.20612,10.55411],[107.20547,10.55383],[107.20531,10.55434],[107.20448,10.55361],[107.20421,10.55436],[107.20371,10.55464],[107.20349,10.55462],[107.20335,10.55423],[107.20231,10.55373],[107.20191,10.55377],[107.20194,10.55331],[107.20146,10.55326],[107.20134,10.55289],[107.20102,10.55322],[107.20085,10.55259],[107.20024,10.5524],[107.2,10.55049],[107.19931,10.55052],[107.19919,10.55133],[107.19769,10.55189],[107.1973,10.55148],[107.19695,10.55145],[107.19653,10.55073],[107.19698,10.54954],[107.19683,10.54909],[107.19638,10.54883],[107.1966,10.54856],[107.19644,10.54822],[107.19698,10.54787],[107.19673,10.5478],[107.1968,10.54701],[107.19626,10.54559],[107.19664,10.545],[107.19645,10.54415],[107.19599,10.54449],[107.19575,10.54412],[107.19501,10.54405],[107.19425,10.54436],[107.19391,10.54398],[107.19319,10.54386],[107.19305,10.5433],[107.19222,10.54322],[107.19242,10.54265],[107.19171,10.54248],[107.19081,10.54172],[107.19092,10.54105],[107.19061,10.54082],[107.19061,10.54051],[107.19018,10.54064],[107.18966,10.54034],[107.18924,10.54075],[107.18845,10.54075],[107.18852,10.54108],[107.18809,10.54083],[107.18797,10.54111],[107.1877,10.54113],[107.18765,10.54151],[107.18696,10.54105],[107.18636,10.54165],[107.18591,10.54134],[107.18508,10.5422],[107.18462,10.54189],[107.18426,10.54203],[107.18385,10.54165],[107.18331,10.54179],[107.18293,10.54207],[107.18254,10.54299],[107.18168,10.54373],[107.18146,10.5445],[107.18075,10.54411],[107.18103,10.54563],[107.18046,10.5456],[107.18033,10.5463],[107.17977,10.5463],[107.17948,10.54686],[107.17875,10.54648],[107.17851,10.5466],[107.17863,10.5473],[107.17812,10.54803],[107.17871,10.54843],[107.1787,10.54887],[107.17731,10.54985],[107.17741,10.55018],[107.17807,10.55017],[107.1781,10.55044],[107.17686,10.55067],[107.17703,10.55173],[107.17598,10.55175],[107.17595,10.55206],[107.1764,10.55244],[107.17634,10.55274],[107.17599,10.55279],[107.17545,10.55205],[107.17502,10.55194],[107.17508,10.55272],[107.17429,10.55337],[107.17494,10.5539],[107.17463,10.55438],[107.17465,10.55512],[107.17413,10.55551],[107.17462,10.5567],[107.17391,10.55767],[107.17297,10.5578],[107.17242,10.55829],[107.17166,10.55838],[107.17248,10.55888],[107.17233,10.55916],[107.17159,10.55923],[107.17161,10.55956],[107.17196,10.55983],[107.17195,10.56047],[107.17276,10.56145],[107.17293,10.5611],[107.17263,10.56049],[107.17294,10.56025],[107.17347,10.56111],[107.1732,10.56186],[107.17367,10.56194],[107.17321,10.56273],[107.17357,10.56331],[107.17329,10.56356],[107.1727,10.56354],[107.17259,10.56486],[107.17291,10.56508],[107.17401,10.5645],[107.17428,10.5648],[107.17353,10.56589],[107.1736,10.56674],[107.17317,10.56741],[107.17312,10.56826],[107.17227,10.56791],[107.17212,10.56822],[107.17238,10.56895],[107.17089,10.5697],[107.17097,10.57013],[107.17208,10.57061],[107.1727,10.57184],[107.17224,10.57195],[107.17154,10.57107],[107.17093,10.57103],[107.1712,10.57221],[107.17096,10.57255],[107.17021,10.57286],[107.17023,10.57368],[107.16943,10.57456],[107.16957,10.57476],[107.17059,10.57436],[107.17063,10.57471],[107.17017,10.57505],[107.17025,10.57563],[107.17076,10.57579],[107.17126,10.57549],[107.1714,10.57581],[107.17124,10.57643],[107.17078,10.57653],[107.17046,10.57795],[107.1702,10.57819],[107.17076,10.57837],[107.17073,10.57882],[107.17108,10.57888],[107.17129,10.57936],[107.17046,10.58039],[107.17039,10.58523],[107.17302,10.58523],[107.17299,10.58812],[107.17362,10.58817],[107.1741,10.58856],[107.17475,10.58849],[107.17593,10.59001],[107.17706,10.59012],[107.17802,10.58986],[107.17973,10.59035],[107.1803,10.59003],[107.18092,10.59008],[107.18056,10.59055],[107.18118,10.59073],[107.18126,10.59017],[107.18155,10.59013],[107.18175,10.58944],[107.18231,10.58937],[107.18218,10.58871],[107.18327,10.58864],[107.18384,10.58756],[107.1847,10.58669],[107.18704,10.58594],[107.18954,10.58576],[107.19091,10.58609],[107.19196,10.58684],[107.19408,10.58655],[107.19483,10.58675],[107.19528,10.58716],[107.1962,10.58724],[107.19657,10.58703],[107.19658,10.58615],[107.19733,10.58592],[107.1976,10.58516],[107.1986,10.5848],[107.21366,10.58461],[107.21578,10.58487],[107.21862,10.58374],[107.22676,10.58178],[107.22785,10.58425],[107.25272,10.58413],[107.25282,10.58477],[107.25235,10.58489],[107.25181,10.58602],[107.25195,10.58939],[107.25221,10.58981],[107.25286,10.59016],[107.25304,10.59086],[107.25271,10.59253],[107.24509,10.59258],[107.24699,10.59958],[107.24846,10.59922],[107.24966,10.60376],[107.24757,10.60432],[107.24906,10.60898],[107.24839,10.60917],[107.24892,10.61332],[107.24827,10.61362],[107.25225,10.62833],[107.25779,10.627],[107.25811,10.62505],[107.25795,10.62267],[107.25912,10.62215],[107.25908,10.62114],[107.25979,10.61945],[107.25957,10.61748],[107.26077,10.61582],[107.26519,10.61168]]]}},{"type":"Feature","properties":{"code":"26620","name":"Hồ Tràm","fullName":"Xã Hồ Tràm","c":[10.52206,107.39754]},"geometry":{"type":"Polygon","coordinates":[[[107.41282,10.59156],[107.41264,10.58951],[107.41312,10.5895],[107.41324,10.58921],[107.41205,10.58928],[107.41133,10.58902],[107.41046,10.58796],[107.41019,10.5863],[107.40972,10.58507],[107.40706,10.58434],[107.40678,10.58398],[107.40684,10.58363],[107.40583,10.58275],[107.40315,10.5816],[107.40261,10.58024],[107.40324,10.57934],[107.40285,10.57907],[107.40337,10.57712],[107.40287,10.57732],[107.40139,10.57705],[107.4014,10.57487],[107.40076,10.57447],[107.40083,10.57428],[107.40151,10.5742],[107.40118,10.57319],[107.40174,10.5727],[107.40308,10.57272],[107.40301,10.57178],[107.40463,10.57092],[107.40684,10.57082],[107.40761,10.5704],[107.40892,10.56885],[107.4092,10.56784],[107.40954,10.56778],[107.40966,10.56733],[107.41016,10.56703],[107.41038,10.56614],[107.41075,10.56596],[107.41042,10.56478],[107.41057,10.56392],[107.41035,10.56094],[107.41005,10.56019],[107.40967,10.56016],[107.40916,10.55948],[107.40945,10.55863],[107.40911,10.55863],[107.4091,10.55739],[107.40841,10.55664],[107.40871,10.55583],[107.40796,10.55509],[107.40781,10.55448],[107.4082,10.55327],[107.40859,10.55284],[107.40859,10.55207],[107.41358,10.54632],[107.41533,10.54544],[107.4167,10.54443],[107.41539,10.54208],[107.4156,10.54198],[107.41548,10.54159],[107.41611,10.54132],[107.41572,10.5399],[107.41738,10.53844],[107.41743,10.53788],[107.41779,10.53749],[107.419,10.53715],[107.41922,10.53667],[107.42192,10.53585],[107.42343,10.53371],[107.42346,10.53287],[107.42391,10.5321],[107.42395,10.53147],[107.42349,10.52978],[107.42388,10.52861],[107.42326,10.52743],[107.42368,10.52685],[107.42327,10.52573],[107.42365,10.52493],[107.43928,10.51071],[107.46076,10.48934],[107.45476,10.48302],[107.45322,10.48084],[107.4522,10.47867],[107.44529,10.46926],[107.44222,10.46767],[107.44049,10.46805],[107.44003,10.46893],[107.43878,10.4694],[107.43837,10.46991],[107.4359,10.47033],[107.43344,10.46968],[107.43302,10.46995],[107.4303,10.46964],[107.42806,10.46977],[107.42602,10.46879],[107.42242,10.46776],[107.42149,10.46803],[107.41841,10.46726],[107.4176,10.4674],[107.41447,10.46619],[107.41336,10.46604],[107.4114,10.46645],[107.41082,10.46678],[107.40962,10.46666],[107.40904,10.46719],[107.40807,10.46701],[107.40707,10.46768],[107.40609,10.46768],[107.40502,10.46813],[107.40376,10.46819],[107.40073,10.4681],[107.39284,10.46856],[107.39169,10.46816],[107.39059,10.46852],[107.38717,10.46813],[107.38642,10.46836],[107.37983,10.46844],[107.37678,10.46804],[107.37018,10.46794],[107.36863,10.46739],[107.36595,10.46692],[107.36447,10.46623],[107.36368,10.46612],[107.35946,10.46382],[107.35827,10.46276],[107.35716,10.46269],[107.35501,10.46073],[107.35404,10.46058],[107.3519,10.45894],[107.35072,10.45857],[107.34846,10.4569],[107.34765,10.45652],[107.34724,10.45663],[107.34182,10.45439],[107.33825,10.45228],[107.33655,10.45083],[107.33543,10.45057],[107.33414,10.44942],[107.33371,10.44937],[107.33372,10.45044],[107.33291,10.45177],[107.33434,10.45274],[107.33324,10.45267],[107.33691,10.45568],[107.341,10.4564],[107.34401,10.45759],[107.34817,10.46015],[107.35246,10.46342],[107.36394,10.46856],[107.3663,10.46996],[107.36786,10.47283],[107.36868,10.47379],[107.36882,10.47465],[107.36826,10.47548],[107.36732,10.47572],[107.36668,10.47552],[107.3653,10.47451],[107.364,10.4747],[107.36335,10.47544],[107.36296,10.47635],[107.36271,10.47805],[107.3629,10.47896],[107.36342,10.47954],[107.36418,10.47962],[107.36623,10.47805],[107.3672,10.47786],[107.36801,10.47891],[107.36798,10.48109],[107.36834,10.48189],[107.36994,10.4825],[107.37179,10.48167],[107.37271,10.48199],[107.37323,10.48322],[107.37309,10.4848],[107.37251,10.48511],[107.3716,10.48469],[107.37101,10.4849],[107.37066,10.48529],[107.37054,10.48698],[107.37078,10.48773],[107.3726,10.48823],[107.37281,10.48891],[107.3723,10.48951],[107.37054,10.49045],[107.37021,10.49113],[107.37073,10.49134],[107.37221,10.49063],[107.37316,10.49061],[107.37519,10.49163],[107.37639,10.49196],[107.37686,10.49268],[107.37635,10.4945],[107.37646,10.4955],[107.37562,10.49684],[107.37678,10.49751],[107.37688,10.49817],[107.37638,10.49827],[107.37551,10.49773],[107.37528,10.49792],[107.37524,10.49871],[107.375,10.49906],[107.37381,10.49872],[107.37306,10.49882],[107.37279,10.49914],[107.3733,10.49983],[107.37426,10.50024],[107.37511,10.50029],[107.37599,10.50117],[107.37586,10.5019],[107.37527,10.50202],[107.37443,10.501],[107.37405,10.50103],[107.37354,10.50412],[107.37301,10.50548],[107.37466,10.50696],[107.37593,10.50768],[107.37534,10.50875],[107.37535,10.51],[107.37462,10.51136],[107.37342,10.51197],[107.37375,10.51299],[107.37333,10.51369],[107.3735,10.51455],[107.37316,10.51509],[107.37188,10.51603],[107.37223,10.51704],[107.37186,10.51929],[107.37108,10.52038],[107.37072,10.5219],[107.3709,10.52271],[107.37017,10.52311],[107.36987,10.52355],[107.37033,10.52546],[107.37145,10.52705],[107.37154,10.52944],[107.371,10.5313],[107.37021,10.53257],[107.37041,10.53427],[107.37099,10.53575],[107.37083,10.53614],[107.36996,10.53658],[107.36943,10.53611],[107.36911,10.53617],[107.3689,10.53685],[107.3682,10.53778],[107.367,10.53868],[107.36648,10.53938],[107.36624,10.54083],[107.36644,10.54155],[107.36631,10.54227],[107.3666,10.54286],[107.36761,10.54299],[107.36737,10.5438],[107.36695,10.5442],[107.36643,10.54424],[107.36647,10.5435],[107.36615,10.5431],[107.36505,10.54475],[107.36407,10.54401],[107.36306,10.54364],[107.36136,10.54363],[107.36057,10.54417],[107.36029,10.54644],[107.36042,10.54833],[107.35978,10.54903],[107.35997,10.55027],[107.35909,10.55165],[107.35917,10.55203],[107.35994,10.55279],[107.35976,10.55342],[107.35939,10.55375],[107.35859,10.55349],[107.35813,10.55199],[107.35718,10.55047],[107.35675,10.55018],[107.35303,10.54909],[107.35276,10.54921],[107.35264,10.55012],[107.3524,10.55042],[107.35128,10.55064],[107.34885,10.54953],[107.34864,10.55046],[107.3495,10.55186],[107.34952,10.55238],[107.34829,10.55251],[107.34793,10.55275],[107.34771,10.55366],[107.34778,10.55551],[107.34551,10.55682],[107.34547,10.5573],[107.34615,10.558],[107.34616,10.55829],[107.34286,10.55889],[107.34174,10.55992],[107.34093,10.56185],[107.34171,10.56359],[107.34237,10.56432],[107.34291,10.56391],[107.34372,10.56406],[107.34517,10.56331],[107.34676,10.5632],[107.34702,10.56399],[107.34839,10.56467],[107.34883,10.56557],[107.34878,10.56609],[107.34794,10.56658],[107.3475,10.56729],[107.34842,10.56817],[107.34856,10.56867],[107.34753,10.56991],[107.34745,10.57055],[107.34864,10.57082],[107.3488,10.57042],[107.34813,10.57009],[107.3482,10.56959],[107.34915,10.56933],[107.35034,10.56938],[107.35048,10.56969],[107.35025,10.57092],[107.35179,10.57104],[107.35269,10.57195],[107.35273,10.57231],[107.3523,10.57273],[107.35226,10.57424],[107.35562,10.57488],[107.3554,10.57534],[107.35395,10.57524],[107.3536,10.5755],[107.3555,10.57702],[107.35552,10.57733],[107.3547,10.57786],[107.35562,10.57894],[107.35544,10.58056],[107.35597,10.58062],[107.35705,10.5789],[107.35746,10.57884],[107.35765,10.57916],[107.35754,10.5805],[107.35782,10.58093],[107.35893,10.58078],[107.36131,10.58236],[107.36236,10.58269],[107.36245,10.58473],[107.36191,10.5858],[107.36191,10.58667],[107.36235,10.58746],[107.3635,10.58832],[107.36301,10.58969],[107.3646,10.5919],[107.3658,10.59081],[107.36743,10.59082],[107.36809,10.59043],[107.3721,10.58712],[107.372,10.58655],[107.38361,10.58667],[107.38393,10.59123],[107.41282,10.59156]]]}},{"type":"Feature","properties":{"code":"26632","name":"Xuyên Mộc","fullName":"Xã Xuyên Mộc","c":[10.54903,107.46606]},"geometry":{"type":"Polygon","coordinates":[[[107.49404,10.61134],[107.49275,10.60994],[107.49241,10.60866],[107.49303,10.60752],[107.49367,10.60749],[107.49441,10.60678],[107.4948,10.60566],[107.49633,10.60538],[107.49688,10.60494],[107.49807,10.60508],[107.49854,10.60561],[107.5001,10.60619],[107.50035,10.60656],[107.5014,10.60583],[107.50183,10.60461],[107.50216,10.60481],[107.5025,10.60444],[107.50286,10.6033],[107.50339,10.60305],[107.50327,10.6025],[107.50368,10.6017],[107.504,10.60184],[107.50416,10.60154],[107.50399,10.60131],[107.50426,10.60085],[107.50415,10.60059],[107.50459,10.60045],[107.50451,10.59985],[107.50424,10.59971],[107.50465,10.59951],[107.5049,10.59901],[107.5046,10.59849],[107.50407,10.59847],[107.50372,10.59752],[107.50382,10.59686],[107.50288,10.59601],[107.50285,10.59537],[107.50448,10.59403],[107.50428,10.59349],[107.5047,10.5935],[107.50474,10.59287],[107.50547,10.59157],[107.506,10.59112],[107.50619,10.59032],[107.50704,10.5902],[107.50702,10.58976],[107.50793,10.58926],[107.50872,10.58973],[107.50929,10.58942],[107.50907,10.58871],[107.50878,10.58863],[107.50897,10.58807],[107.50957,10.58785],[107.50938,10.58721],[107.50988,10.58713],[107.51023,10.58659],[107.51042,10.58662],[107.51051,10.58603],[107.51096,10.58558],[107.51066,10.585],[107.51097,10.58471],[107.51061,10.58464],[107.51091,10.58363],[107.5106,10.58348],[107.5108,10.58319],[107.51058,10.58282],[107.51096,10.58251],[107.5111,10.58307],[107.51159,10.58247],[107.51134,10.58193],[107.51189,10.58176],[107.5115,10.58134],[107.51185,10.58082],[107.51088,10.57846],[107.51089,10.57756],[107.51128,10.57762],[107.51121,10.57717],[107.51157,10.57696],[107.51171,10.57621],[107.51151,10.57461],[107.51166,10.57356],[107.51122,10.57307],[107.5114,10.57131],[107.5116,10.57095],[107.51213,10.57089],[107.51178,10.5707],[107.51176,10.56921],[107.51242,10.56911],[107.5124,10.56875],[107.51272,10.56863],[107.5126,10.56794],[107.51241,10.56828],[107.51221,10.56805],[107.51246,10.56751],[107.51292,10.56739],[107.51287,10.56703],[107.51253,10.56711],[107.51306,10.56637],[107.51298,10.56583],[107.51341,10.56624],[107.51354,10.56613],[107.51343,10.56527],[107.5132,10.56513],[107.51372,10.56502],[107.51432,10.56525],[107.51463,10.56435],[107.51529,10.56432],[107.5152,10.564],[107.5155,10.56384],[107.51593,10.5643],[107.51668,10.56322],[107.51702,10.56335],[107.51856,10.56003],[107.51727,10.55829],[107.51557,10.55726],[107.51202,10.55594],[107.5097,10.55455],[107.50879,10.5534],[107.50858,10.55274],[107.50842,10.55091],[107.50941,10.54804],[107.50992,10.54293],[107.50772,10.50081],[107.50692,10.50118],[107.50401,10.50021],[107.50346,10.50022],[107.50248,10.49962],[107.50173,10.49975],[107.50122,10.49954],[107.5003,10.49963],[107.50001,10.50002],[107.49855,10.50031],[107.49778,10.50097],[107.49096,10.49837],[107.48964,10.49812],[107.48716,10.49715],[107.48409,10.49657],[107.48243,10.49696],[107.48167,10.49747],[107.48043,10.49771],[107.47953,10.49825],[107.4764,10.49897],[107.47068,10.49831],[107.46875,10.49748],[107.46609,10.49565],[107.46341,10.49304],[107.46076,10.48934],[107.43928,10.51071],[107.42358,10.52503],[107.42327,10.52573],[107.42368,10.52685],[107.42326,10.52743],[107.42388,10.52861],[107.42349,10.52978],[107.42395,10.53147],[107.42391,10.5321],[107.42346,10.53287],[107.42343,10.53371],[107.42192,10.53585],[107.41922,10.53667],[107.419,10.53715],[107.41779,10.53749],[107.41743,10.53788],[107.41738,10.53844],[107.41572,10.5399],[107.41611,10.54132],[107.41548,10.54159],[107.4156,10.54198],[107.41539,10.54208],[107.4167,10.54443],[107.41533,10.54544],[107.41358,10.54632],[107.4088,10.55175],[107.40859,10.55284],[107.40784,10.55421],[107.40792,10.55503],[107.40871,10.55583],[107.40841,10.55664],[107.4091,10.55739],[107.40911,10.55863],[107.40945,10.55863],[107.40916,10.55948],[107.40967,10.56016],[107.41005,10.56019],[107.41035,10.56094],[107.41057,10.56392],[107.41042,10.56478],[107.41075,10.56596],[107.41038,10.56614],[107.41016,10.56703],[107.40966,10.56733],[107.40954,10.56778],[107.4092,10.56784],[107.40892,10.56885],[107.40761,10.5704],[107.40684,10.57082],[107.40463,10.57092],[107.40299,10.5718],[107.40308,10.57272],[107.40174,10.5727],[107.40118,10.57319],[107.40151,10.5742],[107.40083,10.57428],[107.40076,10.57447],[107.4014,10.57487],[107.40139,10.57705],[107.40287,10.57732],[107.40337,10.57712],[107.40285,10.57907],[107.40324,10.57934],[107.40261,10.58024],[107.40315,10.5816],[107.40583,10.58275],[107.40684,10.58363],[107.40678,10.58398],[107.40706,10.58434],[107.40972,10.58507],[107.41019,10.5863],[107.41046,10.58796],[107.41133,10.58902],[107.41205,10.58928],[107.41382,10.58921],[107.4152,10.58944],[107.41683,10.58821],[107.41795,10.5881],[107.41929,10.58751],[107.41965,10.58758],[107.42033,10.58882],[107.42114,10.58906],[107.42261,10.58877],[107.42427,10.5889],[107.4253,10.58722],[107.42676,10.58788],[107.428,10.58785],[107.42936,10.58658],[107.42933,10.58545],[107.42973,10.58577],[107.43023,10.5852],[107.43109,10.585],[107.43076,10.58432],[107.43195,10.58471],[107.43266,10.58358],[107.43318,10.58388],[107.43357,10.58381],[107.43361,10.58353],[107.43324,10.58339],[107.43369,10.58293],[107.43358,10.58234],[107.43481,10.58307],[107.43523,10.58365],[107.43571,10.58341],[107.43641,10.58362],[107.43667,10.58393],[107.43708,10.58374],[107.43721,10.58341],[107.43857,10.58354],[107.43858,10.58099],[107.43953,10.5787],[107.44033,10.57843],[107.44437,10.57841],[107.44441,10.57743],[107.44415,10.57738],[107.44416,10.57662],[107.44761,10.57657],[107.4571,10.57707],[107.46532,10.57708],[107.46574,10.57725],[107.46689,10.57915],[107.46988,10.58054],[107.46983,10.58118],[107.47001,10.58129],[107.47042,10.58107],[107.4706,10.58162],[107.47248,10.58236],[107.47262,10.58324],[107.47317,10.58305],[107.47312,10.58338],[107.47277,10.58358],[107.47299,10.58414],[107.47342,10.58406],[107.47314,10.5844],[107.47313,10.58491],[107.47357,10.58477],[107.47333,10.58675],[107.47276,10.58849],[107.47406,10.58963],[107.47369,10.59008],[107.4736,10.59139],[107.47449,10.59229],[107.47446,10.59325],[107.47577,10.5941],[107.47543,10.59472],[107.47543,10.59529],[107.47635,10.59567],[107.47635,10.59656],[107.47695,10.59808],[107.47734,10.5988],[107.47803,10.59915],[107.4779,10.5998],[107.47911,10.60076],[107.47914,10.60106],[107.47845,10.60162],[107.47753,10.60312],[107.47781,10.60434],[107.47704,10.60585],[107.47671,10.60807],[107.4761,10.61001],[107.47767,10.61117],[107.47912,10.61127],[107.48121,10.61116],[107.48949,10.6115],[107.49184,10.61118],[107.49305,10.61299],[107.49407,10.61184],[107.49404,10.61134]]]}},{"type":"Feature","properties":{"code":"26638","name":"Bàu Lâm","fullName":"Xã Bàu Lâm","c":[10.73076,107.41814]},"geometry":{"type":"Polygon","coordinates":[[[107.44556,10.80452],[107.44542,10.80414],[107.44565,10.80403],[107.44594,10.80438],[107.44697,10.80436],[107.4473,10.80413],[107.44789,10.80428],[107.44843,10.80385],[107.44854,10.80454],[107.44886,10.80429],[107.44915,10.80445],[107.44944,10.80413],[107.44975,10.80435],[107.45073,10.8036],[107.45219,10.80391],[107.45226,10.80339],[107.45288,10.80319],[107.45304,10.80282],[107.45374,10.803],[107.45409,10.80162],[107.45488,10.80082],[107.45546,10.7994],[107.45629,10.79904],[107.45663,10.79778],[107.45776,10.79619],[107.45772,10.79538],[107.45818,10.79369],[107.45793,10.79317],[107.45799,10.79215],[107.45752,10.79161],[107.45754,10.7913],[107.46543,10.79198],[107.47182,10.79375],[107.47293,10.79194],[107.47374,10.79135],[107.47431,10.78961],[107.47495,10.78868],[107.47516,10.78782],[107.4746,10.78669],[107.47529,10.7859],[107.47526,10.78543],[107.4757,10.78456],[107.47564,10.78387],[107.47634,10.78358],[107.47693,10.78278],[107.47694,10.78197],[107.47667,10.7813],[107.47724,10.78082],[107.47776,10.77988],[107.47862,10.77758],[107.47993,10.77647],[107.48135,10.77466],[107.48358,10.77016],[107.48505,10.76836],[107.49079,10.76879],[107.49399,10.76775],[107.49524,10.76808],[107.49583,10.76744],[107.49857,10.76821],[107.49977,10.76931],[107.50071,10.76963],[107.50122,10.77042],[107.50239,10.77101],[107.50487,10.7714],[107.49669,10.76078],[107.48592,10.75802],[107.47629,10.75627],[107.47664,10.75582],[107.47671,10.75514],[107.4761,10.75352],[107.47562,10.75283],[107.47452,10.75216],[107.47367,10.75197],[107.47333,10.75145],[107.47293,10.75137],[107.47232,10.74948],[107.47194,10.74916],[107.47229,10.74753],[107.47205,10.74707],[107.47233,10.74682],[107.47202,10.74557],[107.47224,10.74526],[107.4713,10.74284],[107.47109,10.74265],[107.4706,10.74274],[107.47074,10.74218],[107.47054,10.74187],[107.47019,10.74201],[107.47005,10.74154],[107.46977,10.74149],[107.46941,10.7421],[107.46907,10.74217],[107.46815,10.74186],[107.46794,10.74148],[107.46752,10.74159],[107.46714,10.74132],[107.46668,10.74135],[107.46602,10.74059],[107.46555,10.74075],[107.4641,10.74057],[107.46394,10.74081],[107.46354,10.74081],[107.46329,10.74122],[107.46263,10.74068],[107.46252,10.73873],[107.46214,10.73875],[107.46214,10.73707],[107.46189,10.73729],[107.46157,10.737],[107.46082,10.73716],[107.46061,10.73664],[107.45998,10.73634],[107.45924,10.73545],[107.45869,10.73427],[107.45694,10.73347],[107.45687,10.73301],[107.45644,10.73259],[107.45645,10.73216],[107.45584,10.73159],[107.45544,10.73142],[107.4553,10.73166],[107.45492,10.73165],[107.45413,10.73111],[107.45333,10.73169],[107.45219,10.73137],[107.45089,10.73152],[107.44952,10.73003],[107.44593,10.73015],[107.44504,10.72953],[107.44339,10.72937],[107.44796,10.68786],[107.45337,10.68758],[107.45374,10.68663],[107.45374,10.67828],[107.44206,10.67799],[107.40581,10.67873],[107.40589,10.66943],[107.39693,10.66953],[107.39499,10.67259],[107.39087,10.67463],[107.39011,10.67459],[107.38653,10.6755],[107.386,10.67291],[107.38296,10.67319],[107.38074,10.67363],[107.38077,10.67399],[107.37905,10.67437],[107.37874,10.6755],[107.37838,10.67598],[107.37744,10.67606],[107.3758,10.67692],[107.37451,10.67679],[107.3729,10.67713],[107.37215,10.67787],[107.37179,10.67766],[107.37102,10.67597],[107.36766,10.67423],[107.35593,10.67191],[107.35221,10.67853],[107.35073,10.68434],[107.35285,10.69706],[107.34939,10.70652],[107.35138,10.71055],[107.35635,10.71292],[107.35985,10.71976],[107.35934,10.72179],[107.35946,10.72229],[107.36122,10.72481],[107.36123,10.7261],[107.36085,10.7271],[107.36084,10.72786],[107.36133,10.72844],[107.3638,10.72989],[107.36358,10.73107],[107.36428,10.73123],[107.36538,10.73054],[107.36611,10.73054],[107.3683,10.73324],[107.36979,10.73262],[107.37016,10.73184],[107.37084,10.73126],[107.37159,10.73159],[107.37184,10.73242],[107.3709,10.73352],[107.37095,10.73432],[107.37155,10.73466],[107.3731,10.73474],[107.37359,10.73498],[107.37431,10.73568],[107.37487,10.73679],[107.37634,10.73763],[107.37801,10.74039],[107.37829,10.74215],[107.37888,10.7421],[107.37941,10.7411],[107.37984,10.74116],[107.38014,10.74279],[107.37944,10.74419],[107.38045,10.74648],[107.38044,10.74755],[107.38121,10.74807],[107.38238,10.74799],[107.38288,10.7477],[107.38317,10.74789],[107.38283,10.7488],[107.38306,10.75116],[107.38518,10.75207],[107.38578,10.75341],[107.38676,10.75385],[107.38748,10.7546],[107.38863,10.75486],[107.38885,10.75623],[107.38924,10.75667],[107.38991,10.75669],[107.39099,10.75539],[107.39155,10.75549],[107.39286,10.75715],[107.39317,10.75853],[107.3925,10.75982],[107.39394,10.76148],[107.39391,10.76275],[107.39493,10.7631],[107.39734,10.76308],[107.39761,10.76372],[107.39809,10.7641],[107.3983,10.76479],[107.39887,10.76525],[107.39901,10.76587],[107.39999,10.76596],[107.39986,10.76679],[107.40044,10.76748],[107.39998,10.7681],[107.40065,10.76838],[107.40079,10.76903],[107.40247,10.76898],[107.40273,10.76974],[107.40335,10.76934],[107.40397,10.76979],[107.40457,10.76961],[107.40412,10.77051],[107.40513,10.77077],[107.40575,10.77035],[107.40587,10.77131],[107.40667,10.77135],[107.40754,10.77228],[107.40755,10.7729],[107.4079,10.77297],[107.40789,10.77365],[107.4087,10.77375],[107.40821,10.7742],[107.40935,10.77402],[107.40969,10.77467],[107.41032,10.77425],[107.41055,10.77492],[107.41066,10.77441],[107.4112,10.77425],[107.41204,10.77494],[107.41179,10.77408],[107.41199,10.77397],[107.41217,10.77439],[107.41238,10.77439],[107.41258,10.77413],[107.41245,10.77359],[107.41296,10.7737],[107.41302,10.77316],[107.41381,10.7733],[107.4151,10.77262],[107.41531,10.77277],[107.41499,10.7731],[107.4154,10.7734],[107.41563,10.77275],[107.416,10.77277],[107.41607,10.77234],[107.41661,10.7726],[107.41699,10.77217],[107.41847,10.77243],[107.41888,10.77165],[107.41887,10.7711],[107.41909,10.77104],[107.41959,10.77187],[107.42018,10.77217],[107.42017,10.77342],[107.41921,10.77404],[107.41953,10.77441],[107.41944,10.77502],[107.42029,10.77599],[107.42096,10.77598],[107.42091,10.77637],[107.42159,10.77675],[107.42146,10.77717],[107.42056,10.7777],[107.42133,10.77763],[107.42157,10.77831],[107.4218,10.7778],[107.4223,10.77807],[107.42244,10.77922],[107.42285,10.7794],[107.42284,10.77996],[107.42357,10.77999],[107.42337,10.78118],[107.42405,10.78129],[107.42361,10.78168],[107.42364,10.78211],[107.42448,10.7829],[107.42518,10.78322],[107.42521,10.78376],[107.42559,10.78383],[107.42512,10.78443],[107.42624,10.78446],[107.42553,10.78542],[107.42573,10.78574],[107.42602,10.78574],[107.42597,10.78679],[107.42671,10.7866],[107.4269,10.78688],[107.42635,10.78709],[107.42624,10.78777],[107.42831,10.78738],[107.42824,10.78771],[107.42873,10.78763],[107.42917,10.78856],[107.42969,10.78902],[107.42995,10.78901],[107.43046,10.78826],[107.43071,10.78821],[107.43082,10.78935],[107.43124,10.78997],[107.43185,10.79011],[107.43198,10.79058],[107.43264,10.79021],[107.43274,10.79136],[107.43326,10.79172],[107.4338,10.79145],[107.43381,10.79184],[107.43421,10.79192],[107.43396,10.79263],[107.4344,10.79321],[107.43513,10.7927],[107.43573,10.79284],[107.43573,10.79359],[107.4352,10.79356],[107.43488,10.79409],[107.43628,10.79482],[107.43616,10.79608],[107.43743,10.79727],[107.43741,10.79802],[107.43765,10.79838],[107.43712,10.79867],[107.4381,10.79926],[107.43822,10.80017],[107.43895,10.79988],[107.4396,10.80003],[107.43977,10.80044],[107.44142,10.80125],[107.44169,10.80166],[107.44235,10.80142],[107.44232,10.80198],[107.4428,10.80208],[107.4433,10.80283],[107.44368,10.80302],[107.44362,10.80361],[107.44428,10.80385],[107.44442,10.80451],[107.44556,10.80491],[107.44556,10.80452]]]}},{"type":"Feature","properties":{"code":"26641","name":"Hoà Hội","fullName":"Xã Hoà Hội","c":[10.62998,107.42391]},"geometry":{"type":"Polygon","coordinates":[[[107.45657,10.67788],[107.45728,10.67726],[107.45827,10.6771],[107.45939,10.67633],[107.45981,10.67644],[107.46006,10.67724],[107.46106,10.67698],[107.46165,10.67727],[107.46228,10.67722],[107.46261,10.67689],[107.46313,10.67683],[107.46614,10.67391],[107.46904,10.67331],[107.46991,10.67246],[107.47031,10.67141],[107.47017,10.67028],[107.47047,10.67006],[107.4703,10.66852],[107.47063,10.66818],[107.4705,10.66753],[107.47104,10.66647],[107.47091,10.66623],[107.47165,10.66554],[107.47259,10.66529],[107.47281,10.66432],[107.47324,10.66441],[107.47421,10.66353],[107.47378,10.66261],[107.47392,10.66125],[107.47369,10.65996],[107.47317,10.65896],[107.47342,10.65831],[107.47242,10.65621],[107.47264,10.65527],[107.47299,10.65494],[107.47369,10.65481],[107.47351,10.65445],[107.47435,10.65327],[107.47616,10.65317],[107.47691,10.65354],[107.47785,10.65314],[107.47795,10.65263],[107.47866,10.65295],[107.47925,10.6536],[107.4802,10.65358],[107.48209,10.65122],[107.48268,10.65078],[107.48333,10.65068],[107.48353,10.65001],[107.48418,10.64953],[107.48556,10.64972],[107.48575,10.64929],[107.48563,10.64896],[107.48627,10.64906],[107.48694,10.6488],[107.48725,10.64816],[107.48773,10.64829],[107.48791,10.64785],[107.48841,10.6479],[107.48884,10.64744],[107.48927,10.64763],[107.48987,10.64711],[107.48986,10.64677],[107.49037,10.64684],[107.49034,10.64634],[107.49078,10.6465],[107.49059,10.64598],[107.49099,10.64574],[107.49063,10.64525],[107.49095,10.64497],[107.49086,10.64419],[107.49118,10.64373],[107.5003,10.60655],[107.5001,10.60619],[107.49854,10.60561],[107.49807,10.60508],[107.49688,10.60494],[107.49633,10.60538],[107.4948,10.60566],[107.49441,10.60678],[107.49367,10.60749],[107.49303,10.60752],[107.49241,10.60866],[107.49275,10.60994],[107.49413,10.61152],[107.49367,10.6124],[107.49305,10.61299],[107.49184,10.61118],[107.48949,10.6115],[107.48121,10.61116],[107.47912,10.61127],[107.47767,10.61117],[107.4761,10.61001],[107.47671,10.60807],[107.47704,10.60585],[107.47781,10.60434],[107.47753,10.60312],[107.47845,10.60162],[107.47914,10.60106],[107.47911,10.60076],[107.4779,10.5998],[107.47803,10.59915],[107.47734,10.5988],[107.47695,10.59808],[107.47635,10.59656],[107.47635,10.59567],[107.47543,10.59529],[107.47543,10.59472],[107.47577,10.5941],[107.47446,10.59325],[107.47449,10.59229],[107.4736,10.59139],[107.47369,10.59008],[107.47406,10.58963],[107.47276,10.58849],[107.47333,10.58675],[107.47357,10.58477],[107.47313,10.58491],[107.47314,10.5844],[107.47342,10.58406],[107.47299,10.58414],[107.47277,10.58358],[107.47312,10.58338],[107.47317,10.58305],[107.47262,10.58324],[107.47248,10.58236],[107.4706,10.58162],[107.47042,10.58107],[107.47001,10.58129],[107.46983,10.58118],[107.46988,10.58054],[107.46689,10.57915],[107.46574,10.57725],[107.46492,10.57696],[107.45726,10.57708],[107.44761,10.57657],[107.44416,10.57662],[107.44415,10.57738],[107.44441,10.57743],[107.44437,10.57841],[107.44033,10.57843],[107.43953,10.5787],[107.43858,10.58099],[107.43857,10.58354],[107.43721,10.58341],[107.43708,10.58374],[107.43667,10.58393],[107.43641,10.58362],[107.43571,10.58341],[107.43523,10.58365],[107.43481,10.58307],[107.43358,10.58234],[107.43369,10.58293],[107.43324,10.58339],[107.43361,10.58353],[107.43357,10.58381],[107.43318,10.58388],[107.43266,10.58358],[107.43195,10.58471],[107.43076,10.58432],[107.43109,10.585],[107.43023,10.5852],[107.42973,10.58577],[107.42933,10.58545],[107.42936,10.58658],[107.42826,10.58775],[107.42676,10.58788],[107.4253,10.58722],[107.42427,10.5889],[107.42261,10.58877],[107.42114,10.58906],[107.42033,10.58882],[107.41965,10.58758],[107.41897,10.58758],[107.41795,10.5881],[107.41683,10.58821],[107.4152,10.58944],[107.41339,10.5892],[107.41312,10.5895],[107.41264,10.58951],[107.41281,10.59157],[107.38393,10.59123],[107.38361,10.58667],[107.372,10.58655],[107.3721,10.58712],[107.36809,10.59043],[107.36743,10.59082],[107.3658,10.59081],[107.3646,10.5919],[107.36512,10.59256],[107.3675,10.59235],[107.36771,10.59271],[107.36623,10.59326],[107.36519,10.59422],[107.36428,10.59682],[107.36322,10.59829],[107.36233,10.59863],[107.36113,10.59828],[107.35902,10.59842],[107.35974,10.60035],[107.3597,10.60102],[107.35856,10.60084],[107.35686,10.60134],[107.35669,10.60159],[107.3568,10.60253],[107.35509,10.60512],[107.3535,10.60605],[107.35124,10.60647],[107.3518,10.60818],[107.35193,10.61007],[107.35259,10.61138],[107.35299,10.61358],[107.35347,10.61368],[107.35487,10.61314],[107.35606,10.61196],[107.35645,10.61194],[107.35757,10.61285],[107.35803,10.61446],[107.35744,10.61726],[107.35621,10.61942],[107.35308,10.62194],[107.35352,10.6233],[107.35394,10.62353],[107.35487,10.62342],[107.35556,10.62361],[107.35576,10.62433],[107.35657,10.62516],[107.35682,10.62862],[107.35594,10.62997],[107.35599,10.63085],[107.35734,10.63369],[107.35838,10.63511],[107.36074,10.63659],[107.36163,10.63811],[107.36201,10.63838],[107.36392,10.63837],[107.36575,10.64009],[107.3661,10.6416],[107.36562,10.64248],[107.36553,10.64373],[107.3651,10.64513],[107.36438,10.64622],[107.36662,10.64857],[107.3668,10.64963],[107.3685,10.65377],[107.36446,10.65653],[107.35593,10.67191],[107.36766,10.67423],[107.37102,10.67597],[107.37179,10.67766],[107.37215,10.67787],[107.3729,10.67713],[107.37451,10.67679],[107.3758,10.67692],[107.37744,10.67606],[107.37838,10.67598],[107.37874,10.6755],[107.37905,10.67437],[107.38077,10.67399],[107.38074,10.67363],[107.38296,10.67319],[107.386,10.67291],[107.38653,10.6755],[107.39011,10.67459],[107.39087,10.67463],[107.39499,10.67259],[107.39693,10.66953],[107.40589,10.66943],[107.40581,10.67873],[107.44206,10.67799],[107.45072,10.67811],[107.4556,10.67842],[107.45633,10.67821],[107.45657,10.67788]]]}},{"type":"Feature","properties":{"code":"26647","name":"Hoà Hiệp","fullName":"Xã Hoà Hiệp","c":[10.69931,107.49696]},"geometry":{"type":"Polygon","coordinates":[[[107.50487,10.77139],[107.5062,10.75778],[107.5072,10.75729],[107.50787,10.75629],[107.50674,10.75436],[107.50679,10.75282],[107.50634,10.75136],[107.50667,10.75032],[107.50597,10.74957],[107.50578,10.74769],[107.50615,10.74592],[107.50927,10.74472],[107.51009,10.74408],[107.51074,10.74399],[107.5121,10.74317],[107.51201,10.74234],[107.51245,10.74118],[107.51235,10.74025],[107.5141,10.73912],[107.51518,10.73883],[107.51565,10.73805],[107.51573,10.7351],[107.51605,10.73521],[107.51682,10.73472],[107.51698,10.73533],[107.51754,10.73506],[107.51823,10.73546],[107.51913,10.73517],[107.51932,10.73552],[107.51955,10.7355],[107.52069,10.73427],[107.52137,10.7342],[107.52161,10.73375],[107.52239,10.73353],[107.52243,10.73293],[107.52203,10.73249],[107.5229,10.73165],[107.5234,10.73172],[107.52435,10.7314],[107.52519,10.73149],[107.52566,10.73177],[107.52589,10.73161],[107.52642,10.73045],[107.52615,10.73],[107.52654,10.72922],[107.5264,10.72851],[107.52696,10.72802],[107.52711,10.7273],[107.52797,10.72644],[107.52787,10.72504],[107.52812,10.72392],[107.5291,10.72397],[107.52973,10.72308],[107.53112,10.7228],[107.53121,10.72238],[107.53218,10.72137],[107.53242,10.72143],[107.53269,10.72215],[107.53379,10.72171],[107.53423,10.72182],[107.53505,10.72135],[107.53525,10.72059],[107.53573,10.72014],[107.53553,10.71822],[107.53627,10.71755],[107.53617,10.71668],[107.53656,10.71614],[107.53712,10.71635],[107.53802,10.71592],[107.53802,10.71554],[107.53742,10.7153],[107.53735,10.71499],[107.53781,10.71486],[107.53866,10.71507],[107.53853,10.71451],[107.53872,10.71392],[107.53932,10.71367],[107.53975,10.71288],[107.53956,10.71224],[107.53971,10.71162],[107.53923,10.71089],[107.54059,10.71116],[107.54053,10.71002],[107.54003,10.71025],[107.53996,10.70983],[107.5405,10.70934],[107.54202,10.70938],[107.54254,10.70807],[107.54305,10.70806],[107.54291,10.70757],[107.54334,10.70679],[107.54425,10.70602],[107.54371,10.70515],[107.54416,10.70338],[107.54368,10.70246],[107.54376,10.70218],[107.54431,10.70191],[107.54465,10.70123],[107.54389,10.70089],[107.5438,10.70036],[107.54334,10.70005],[107.5434,10.69957],[107.54393,10.69963],[107.54405,10.6993],[107.54338,10.69842],[107.54359,10.69819],[107.54406,10.69832],[107.54422,10.69769],[107.5449,10.69788],[107.54463,10.6973],[107.54534,10.69651],[107.54507,10.69596],[107.54625,10.6959],[107.54657,10.69514],[107.54648,10.69466],[107.54554,10.69385],[107.54584,10.69322],[107.54484,10.69321],[107.54514,10.69231],[107.54423,10.69196],[107.5444,10.69134],[107.54354,10.69103],[107.54334,10.69038],[107.54291,10.69043],[107.5432,10.68933],[107.54383,10.68927],[107.54329,10.68857],[107.54358,10.68804],[107.54279,10.68817],[107.54197,10.68785],[107.54208,10.68749],[107.54268,10.68752],[107.54189,10.68704],[107.54186,10.68642],[107.54261,10.68543],[107.54197,10.685],[107.54204,10.68382],[107.54123,10.68366],[107.54057,10.6831],[107.54043,10.68244],[107.54087,10.68212],[107.54076,10.68156],[107.54002,10.68135],[107.53988,10.68088],[107.54042,10.67991],[107.53921,10.67923],[107.53892,10.67878],[107.53831,10.67974],[107.53823,10.67856],[107.53869,10.67769],[107.53958,10.67717],[107.53895,10.67676],[107.53893,10.67613],[107.53981,10.67554],[107.53942,10.67477],[107.53954,10.67447],[107.54054,10.67517],[107.54124,10.67463],[107.54094,10.6742],[107.54137,10.67348],[107.54315,10.67344],[107.54375,10.67245],[107.54457,10.67201],[107.54473,10.67116],[107.54398,10.67167],[107.54353,10.67142],[107.54424,10.67036],[107.5449,10.66995],[107.54408,10.66956],[107.54399,10.66825],[107.54437,10.66779],[107.5442,10.6669],[107.54514,10.66623],[107.54501,10.66562],[107.54522,10.66471],[107.54632,10.66472],[107.54628,10.66437],[107.54527,10.66416],[107.54546,10.66335],[107.54601,10.66293],[107.54661,10.66322],[107.54645,10.66371],[107.5469,10.66377],[107.54731,10.66255],[107.54764,10.66258],[107.54783,10.66305],[107.54812,10.66252],[107.54889,10.66217],[107.54887,10.66146],[107.54828,10.66094],[107.54826,10.66039],[107.54786,10.66009],[107.5483,10.65943],[107.54857,10.65947],[107.5487,10.66001],[107.54909,10.65968],[107.54907,10.65874],[107.54972,10.65802],[107.54904,10.65721],[107.54976,10.65667],[107.54984,10.65636],[107.53317,10.64466],[107.53258,10.64476],[107.53236,10.64441],[107.53141,10.64514],[107.53079,10.64492],[107.53027,10.64571],[107.53055,10.64598],[107.53035,10.64648],[107.52831,10.6476],[107.52732,10.64756],[107.52696,10.64808],[107.5253,10.64749],[107.52495,10.64776],[107.52498,10.64743],[107.52457,10.64746],[107.52438,10.64717],[107.52282,10.6474],[107.52295,10.64699],[107.52259,10.64713],[107.52225,10.64684],[107.52166,10.64718],[107.52135,10.64696],[107.52116,10.64722],[107.52091,10.64692],[107.52052,10.64728],[107.5193,10.64749],[107.51914,10.64788],[107.51846,10.64766],[107.51819,10.64813],[107.51731,10.64784],[107.51714,10.64811],[107.51702,10.64778],[107.51629,10.64768],[107.51601,10.647],[107.51558,10.64707],[107.51562,10.64765],[107.51453,10.64746],[107.51434,10.64716],[107.51383,10.64713],[107.51395,10.64687],[107.51371,10.64668],[107.51227,10.64646],[107.51106,10.64578],[107.50959,10.64683],[107.50933,10.64661],[107.50836,10.64702],[107.50823,10.64744],[107.50762,10.64762],[107.50695,10.64838],[107.50675,10.64899],[107.50549,10.64867],[107.50497,10.64891],[107.50331,10.64883],[107.50211,10.64927],[107.50143,10.64862],[107.49095,10.64472],[107.49063,10.64525],[107.49099,10.64574],[107.49059,10.64596],[107.49078,10.6465],[107.49031,10.64639],[107.49037,10.64684],[107.48991,10.64673],[107.48987,10.64711],[107.48927,10.64763],[107.4888,10.64746],[107.48841,10.6479],[107.48791,10.64785],[107.48773,10.64829],[107.48725,10.64816],[107.48694,10.6488],[107.48627,10.64906],[107.48563,10.64896],[107.48575,10.64929],[107.48556,10.64972],[107.48418,10.64953],[107.48353,10.65001],[107.48333,10.65068],[107.48268,10.65078],[107.48209,10.65122],[107.4802,10.65358],[107.47925,10.6536],[107.47866,10.65295],[107.47795,10.65263],[107.47785,10.65314],[107.47691,10.65354],[107.47616,10.65317],[107.47435,10.65327],[107.47351,10.65445],[107.47369,10.65481],[107.47299,10.65494],[107.47264,10.65527],[107.47242,10.65621],[107.47342,10.65831],[107.47317,10.65896],[107.47369,10.65996],[107.47392,10.66125],[107.47378,10.66261],[107.47421,10.66353],[107.47324,10.66441],[107.47281,10.66432],[107.47259,10.66529],[107.47165,10.66554],[107.47091,10.66623],[107.47104,10.66647],[107.4705,10.66753],[107.47063,10.66818],[107.4703,10.66852],[107.47047,10.67006],[107.47016,10.67034],[107.4703,10.6715],[107.46958,10.67291],[107.46865,10.67344],[107.46614,10.67391],[107.46313,10.67683],[107.46261,10.67689],[107.46228,10.67722],[107.46165,10.67727],[107.46106,10.67698],[107.46006,10.67724],[107.45981,10.67644],[107.45939,10.67633],[107.45827,10.6771],[107.45728,10.67726],[107.45597,10.67839],[107.45374,10.67828],[107.45374,10.68663],[107.45337,10.68758],[107.44796,10.68786],[107.44339,10.72937],[107.44504,10.72953],[107.44593,10.73015],[107.44952,10.73003],[107.45089,10.73152],[107.45219,10.73137],[107.45333,10.73169],[107.45413,10.73111],[107.45492,10.73165],[107.4553,10.73166],[107.45544,10.73142],[107.45584,10.73159],[107.45645,10.73216],[107.45644,10.73259],[107.45687,10.73301],[107.45694,10.73347],[107.45869,10.73427],[107.45924,10.73545],[107.45998,10.73634],[107.46061,10.73664],[107.46082,10.73716],[107.46157,10.737],[107.46189,10.73729],[107.46214,10.73707],[107.46214,10.73875],[107.46252,10.73873],[107.46263,10.74068],[107.46329,10.74122],[107.46354,10.74081],[107.46394,10.74081],[107.4641,10.74057],[107.46555,10.74075],[107.46602,10.74059],[107.46668,10.74135],[107.46714,10.74132],[107.46752,10.74159],[107.46794,10.74148],[107.46815,10.74186],[107.46907,10.74217],[107.46941,10.7421],[107.46977,10.74149],[107.47005,10.74154],[107.47019,10.74201],[107.47054,10.74187],[107.47074,10.74218],[107.4706,10.74274],[107.47109,10.74265],[107.4713,10.74284],[107.47224,10.74526],[107.47202,10.74557],[107.47233,10.74682],[107.47205,10.74707],[107.47229,10.74753],[107.47194,10.74916],[107.47232,10.74948],[107.47293,10.75137],[107.47333,10.75145],[107.47367,10.75197],[107.47452,10.75216],[107.47562,10.75283],[107.4761,10.75352],[107.47671,10.75514],[107.47664,10.75582],[107.47629,10.75627],[107.48592,10.75802],[107.49669,10.76078],[107.50487,10.77139]]]}},{"type":"Feature","properties":{"code":"26656","name":"Bình Châu","fullName":"Xã Bình Châu","c":[10.59132,107.53232]},"geometry":{"type":"Polygon","coordinates":[[[107.55263,10.64879],[107.55332,10.64879],[107.55363,10.64769],[107.55418,10.64773],[107.55429,10.64716],[107.55375,10.64663],[107.55431,10.64635],[107.55509,10.64646],[107.55547,10.6462],[107.55529,10.645],[107.55624,10.64513],[107.55609,10.64427],[107.55527,10.64415],[107.55558,10.64328],[107.55552,10.64176],[107.55658,10.64159],[107.55661,10.6412],[107.55703,10.64097],[107.55694,10.63912],[107.55734,10.63903],[107.55744,10.63858],[107.55803,10.63844],[107.55804,10.63772],[107.55834,10.6377],[107.55865,10.63811],[107.5595,10.63757],[107.56013,10.63624],[107.56027,10.63529],[107.56103,10.63487],[107.56146,10.63398],[107.56143,10.63332],[107.5621,10.63365],[107.56248,10.63353],[107.56275,10.63256],[107.56222,10.63251],[107.56216,10.63208],[107.56274,10.63144],[107.56318,10.63013],[107.56283,10.62953],[107.56286,10.62884],[107.56242,10.62843],[107.56225,10.62786],[107.56292,10.62733],[107.56303,10.62692],[107.56386,10.62701],[107.56392,10.62641],[107.56345,10.6262],[107.56332,10.62576],[107.56453,10.62496],[107.56455,10.62439],[107.56515,10.62366],[107.56524,10.62298],[107.56644,10.62308],[107.56626,10.6217],[107.56714,10.62112],[107.56752,10.61941],[107.56823,10.61902],[107.56801,10.61858],[107.56809,10.61733],[107.56747,10.6166],[107.5676,10.61585],[107.56706,10.61607],[107.56344,10.61522],[107.56508,10.61381],[107.56439,10.60831],[107.56555,10.60646],[107.56593,10.60538],[107.56774,10.60422],[107.56807,10.60369],[107.568,10.60295],[107.56885,10.60292],[107.5695,10.60244],[107.57026,10.60225],[107.57193,10.6002],[107.57098,10.59654],[107.57036,10.59277],[107.56772,10.58556],[107.56843,10.58511],[107.56813,10.58453],[107.56837,10.5835],[107.56827,10.58231],[107.56864,10.5815],[107.5692,10.58146],[107.56964,10.57968],[107.56914,10.57868],[107.56979,10.57272],[107.56958,10.5721],[107.57002,10.57057],[107.57029,10.56808],[107.56688,10.56567],[107.56524,10.56486],[107.56529,10.56517],[107.56618,10.56568],[107.56583,10.56599],[107.56471,10.56502],[107.56413,10.5652],[107.56327,10.56437],[107.56321,10.56406],[107.56338,10.56404],[107.56431,10.56488],[107.5648,10.5648],[107.56466,10.56438],[107.56054,10.561],[107.55817,10.55789],[107.55532,10.5551],[107.55272,10.55129],[107.54948,10.54551],[107.54824,10.54256],[107.54801,10.54257],[107.54776,10.5431],[107.54762,10.54446],[107.54433,10.54133],[107.54309,10.54071],[107.54188,10.53967],[107.53579,10.53075],[107.53468,10.53011],[107.53111,10.52683],[107.52825,10.52342],[107.52354,10.51619],[107.52248,10.51395],[107.5189,10.50809],[107.51541,10.50318],[107.51448,10.50279],[107.51251,10.50092],[107.51157,10.50139],[107.50934,10.50051],[107.50814,10.50051],[107.508,10.5008],[107.50772,10.50081],[107.5077,10.50259],[107.50992,10.54293],[107.50941,10.54804],[107.50842,10.55091],[107.50858,10.55274],[107.50879,10.5534],[107.5097,10.55455],[107.51202,10.55594],[107.51557,10.55726],[107.51727,10.55829],[107.51856,10.56003],[107.51702,10.56335],[107.51668,10.56322],[107.51593,10.5643],[107.5155,10.56384],[107.5152,10.564],[107.51529,10.56432],[107.51463,10.56435],[107.51432,10.56525],[107.51372,10.56502],[107.5132,10.56513],[107.51343,10.56527],[107.51354,10.56613],[107.51341,10.56624],[107.51298,10.56583],[107.51306,10.56637],[107.51253,10.56711],[107.51287,10.56703],[107.51292,10.56739],[107.51246,10.56751],[107.51221,10.56805],[107.51241,10.56828],[107.5126,10.56794],[107.51272,10.56863],[107.5124,10.56875],[107.51242,10.56911],[107.51174,10.56926],[107.51178,10.5707],[107.51213,10.57089],[107.5116,10.57095],[107.5114,10.57131],[107.51122,10.57307],[107.51166,10.57356],[107.51151,10.57461],[107.51171,10.57621],[107.51157,10.57696],[107.51121,10.57717],[107.51128,10.57762],[107.51089,10.57756],[107.51088,10.57846],[107.51185,10.58082],[107.5115,10.58134],[107.51189,10.58176],[107.51134,10.58193],[107.51159,10.58247],[107.5111,10.58307],[107.51096,10.58251],[107.51058,10.58282],[107.5108,10.58319],[107.5106,10.58348],[107.51091,10.58363],[107.51061,10.58464],[107.51097,10.58471],[107.51066,10.585],[107.51096,10.58558],[107.51051,10.58603],[107.51042,10.58662],[107.51023,10.58659],[107.50988,10.58713],[107.50938,10.58721],[107.50957,10.58785],[107.50897,10.58807],[107.50879,10.58869],[107.50907,10.58871],[107.50931,10.58937],[107.50872,10.58973],[107.50793,10.58926],[107.50702,10.58976],[107.50704,10.5902],[107.50619,10.59032],[107.506,10.59112],[107.50547,10.59157],[107.50474,10.59287],[107.5047,10.5935],[107.50428,10.59349],[107.50448,10.59403],[107.50285,10.59537],[107.50288,10.59601],[107.50382,10.59686],[107.50372,10.59752],[107.50407,10.59847],[107.5048,10.59863],[107.50489,10.59905],[107.50424,10.59971],[107.50451,10.59985],[107.50459,10.60045],[107.50417,10.60055],[107.50426,10.60085],[107.50399,10.60131],[107.50416,10.60154],[107.504,10.60184],[107.50368,10.6017],[107.50327,10.6025],[107.50339,10.60305],[107.50286,10.6033],[107.5025,10.60444],[107.50216,10.60481],[107.50183,10.60461],[107.5014,10.60583],[107.50016,10.60671],[107.50006,10.60794],[107.4914,10.64283],[107.49086,10.64419],[107.49096,10.64472],[107.50143,10.64862],[107.50211,10.64927],[107.50331,10.64883],[107.50497,10.64891],[107.50549,10.64867],[107.50675,10.64899],[107.50695,10.64838],[107.50762,10.64762],[107.50823,10.64744],[107.50836,10.64702],[107.50933,10.64661],[107.50959,10.64683],[107.51106,10.64578],[107.51227,10.64646],[107.51371,10.64668],[107.51395,10.64687],[107.51383,10.64713],[107.51434,10.64716],[107.51453,10.64746],[107.51562,10.64765],[107.51558,10.64707],[107.51601,10.647],[107.51629,10.64768],[107.51702,10.64778],[107.51714,10.64811],[107.51731,10.64784],[107.51819,10.64813],[107.51846,10.64766],[107.51914,10.64788],[107.5193,10.64749],[107.52052,10.64728],[107.52091,10.64692],[107.52116,10.64722],[107.52135,10.64696],[107.52166,10.64718],[107.52225,10.64684],[107.52259,10.64713],[107.52295,10.64699],[107.52282,10.6474],[107.52438,10.64717],[107.52457,10.64746],[107.52498,10.64743],[107.52495,10.64776],[107.5253,10.64749],[107.52696,10.64808],[107.52732,10.64756],[107.52831,10.6476],[107.53035,10.64648],[107.53055,10.64598],[107.53027,10.64571],[107.53079,10.64492],[107.53141,10.64514],[107.53236,10.64441],[107.53258,10.64476],[107.53317,10.64466],[107.54984,10.65636],[107.55025,10.65562],[107.5502,10.65476],[107.55134,10.6537],[107.55131,10.6533],[107.5508,10.65285],[107.55088,10.65213],[107.55059,10.65141],[107.55114,10.65076],[107.55125,10.65001],[107.55191,10.64983],[107.55207,10.64901],[107.55263,10.64879]]]}},{"type":"Feature","properties":{"code":"26659","name":"Long Điền","fullName":"Xã Long Điền","c":[10.46758,107.22372]},"geometry":{"type":"Polygon","coordinates":[[[107.25734,10.46207],[107.25666,10.45782],[107.25578,10.45611],[107.25526,10.45348],[107.25439,10.45274],[107.25467,10.45214],[107.25455,10.45164],[107.25178,10.44737],[107.25009,10.44527],[107.25096,10.44479],[107.25129,10.44428],[107.25217,10.44455],[107.25297,10.44421],[107.25335,10.44368],[107.25466,10.44406],[107.25463,10.44288],[107.25419,10.44161],[107.25293,10.43998],[107.25102,10.43826],[107.2519,10.43703],[107.2516,10.43566],[107.25203,10.4347],[107.25239,10.4344],[107.25355,10.43434],[107.25431,10.43467],[107.2552,10.43467],[107.25511,10.43413],[107.25444,10.43322],[107.25531,10.43212],[107.25616,10.43017],[107.25447,10.42865],[107.25408,10.42835],[107.25338,10.42867],[107.25325,10.42907],[107.25274,10.42935],[107.25003,10.42671],[107.24884,10.42603],[107.24448,10.42555],[107.24549,10.43512],[107.24484,10.43704],[107.24406,10.43738],[107.24356,10.43729],[107.24316,10.43789],[107.24168,10.43677],[107.24094,10.43665],[107.23862,10.43789],[107.23646,10.43859],[107.23617,10.43846],[107.23602,10.43761],[107.23017,10.4387],[107.22806,10.43509],[107.22105,10.43563],[107.21895,10.43515],[107.22022,10.43163],[107.22068,10.42956],[107.21811,10.42874],[107.21835,10.42713],[107.21739,10.4271],[107.21689,10.42658],[107.21668,10.42563],[107.21577,10.42533],[107.21473,10.42421],[107.21372,10.42422],[107.21176,10.42322],[107.20799,10.42649],[107.20696,10.42829],[107.2069,10.42975],[107.20737,10.43056],[107.2104,10.43317],[107.21092,10.43419],[107.21086,10.43637],[107.20986,10.43805],[107.20817,10.43907],[107.19827,10.44265],[107.19782,10.44325],[107.19701,10.44586],[107.19654,10.44668],[107.19124,10.44932],[107.18859,10.4503],[107.18729,10.45114],[107.18655,10.45246],[107.18657,10.45481],[107.186,10.45634],[107.1855,10.45701],[107.18381,10.45753],[107.18308,10.45736],[107.18111,10.45501],[107.18072,10.45482],[107.18045,10.45497],[107.17966,10.45605],[107.1796,10.45674],[107.18012,10.45896],[107.17962,10.46038],[107.1791,10.46096],[107.17787,10.46161],[107.17491,10.46285],[107.177,10.46448],[107.17745,10.46524],[107.17773,10.46719],[107.17694,10.47045],[107.17696,10.47102],[107.17766,10.47178],[107.1793,10.47222],[107.18376,10.47234],[107.18713,10.46997],[107.18936,10.46896],[107.1905,10.46882],[107.19097,10.47042],[107.19031,10.47242],[107.19032,10.47358],[107.18989,10.47494],[107.1901,10.47737],[107.19074,10.47838],[107.19063,10.47891],[107.19196,10.4792],[107.19286,10.47913],[107.19307,10.47937],[107.19555,10.48005],[107.19657,10.48121],[107.1974,10.4815],[107.2005,10.48453],[107.19664,10.48607],[107.19799,10.48708],[107.19832,10.48851],[107.19925,10.4888],[107.19983,10.49017],[107.20121,10.49047],[107.20224,10.49284],[107.20342,10.49317],[107.20359,10.49387],[107.20445,10.49475],[107.20484,10.49698],[107.21366,10.49501],[107.21429,10.49469],[107.21872,10.4979],[107.21936,10.49882],[107.21955,10.49966],[107.22195,10.49797],[107.22259,10.50157],[107.2241,10.5015],[107.22466,10.50366],[107.22698,10.50339],[107.22713,10.50403],[107.22775,10.50395],[107.2279,10.50559],[107.23002,10.50578],[107.23016,10.50677],[107.23114,10.50691],[107.23317,10.50639],[107.23354,10.50646],[107.23365,10.50683],[107.23395,10.50691],[107.2361,10.50677],[107.23626,10.50687],[107.23596,10.5076],[107.23605,10.50803],[107.23713,10.50949],[107.23837,10.50917],[107.23958,10.50985],[107.24004,10.50987],[107.2405,10.50967],[107.24041,10.5091],[107.24085,10.50886],[107.24189,10.50937],[107.24175,10.51019],[107.2421,10.51075],[107.24364,10.51156],[107.24394,10.51242],[107.24392,10.51367],[107.24502,10.51349],[107.24545,10.51369],[107.24654,10.51332],[107.24661,10.51306],[107.24694,10.51364],[107.24702,10.51476],[107.24767,10.51483],[107.24961,10.51434],[107.2507,10.51332],[107.25055,10.51191],[107.25108,10.50949],[107.2513,10.50904],[107.25211,10.50871],[107.25244,10.50789],[107.25227,10.50745],[107.25301,10.50698],[107.25301,10.50604],[107.25325,10.50573],[107.25275,10.50478],[107.25219,10.50257],[107.25117,10.50196],[107.25068,10.50104],[107.25091,10.49898],[107.25174,10.49833],[107.25118,10.49568],[107.25242,10.49375],[107.25311,10.49334],[107.25334,10.49244],[107.2533,10.49113],[107.25419,10.48894],[107.25341,10.48705],[107.25371,10.48122],[107.25252,10.48146],[107.25291,10.47877],[107.2525,10.47786],[107.25253,10.47675],[107.25178,10.47553],[107.25114,10.47514],[107.25099,10.47097],[107.24974,10.46919],[107.25758,10.46546],[107.25734,10.46448],[107.2577,10.46348],[107.25734,10.46207]]]}},{"type":"Feature","properties":{"code":"26662","name":"Long Hải","fullName":"Xã Long Hải","c":[10.41073,107.22252]},"geometry":{"type":"Polygon","coordinates":[[[107.24448,10.42555],[107.24445,10.42114],[107.24663,10.41281],[107.25079,10.39392],[107.25448,10.37948],[107.25307,10.37979],[107.25197,10.38104],[107.25115,10.381],[107.24995,10.38054],[107.24801,10.38101],[107.24613,10.3806],[107.24351,10.37835],[107.24258,10.378],[107.24143,10.37792],[107.24082,10.37842],[107.24067,10.37891],[107.23986,10.37901],[107.23837,10.38171],[107.2376,10.38244],[107.23664,10.38275],[107.23496,10.38543],[107.2339,10.38627],[107.23091,10.38979],[107.22522,10.39475],[107.22273,10.39753],[107.22288,10.39793],[107.22254,10.39852],[107.22006,10.40045],[107.21861,10.40211],[107.216,10.40316],[107.21606,10.40358],[107.2166,10.40404],[107.21571,10.40479],[107.21629,10.40418],[107.21595,10.4038],[107.21506,10.4036],[107.21258,10.4042],[107.2106,10.40503],[107.20977,10.40575],[107.20627,10.40637],[107.20534,10.40633],[107.20399,10.4059],[107.19974,10.40565],[107.19693,10.40478],[107.19634,10.40486],[107.1936,10.40422],[107.18201,10.40067],[107.17876,10.40006],[107.17761,10.40026],[107.17707,10.40067],[107.17696,10.40125],[107.17133,10.40154],[107.17199,10.40344],[107.17283,10.40455],[107.17862,10.40849],[107.18129,10.41163],[107.18334,10.41492],[107.18437,10.41774],[107.18545,10.42303],[107.18661,10.42601],[107.18729,10.42754],[107.18861,10.42887],[107.19037,10.42864],[107.19148,10.42813],[107.19219,10.427],[107.19291,10.42291],[107.19348,10.42116],[107.19507,10.4205],[107.19594,10.4205],[107.19718,10.4207],[107.20056,10.42195],[107.20136,10.42197],[107.20228,10.42124],[107.2033,10.41911],[107.20383,10.41858],[107.20651,10.41849],[107.21053,10.41961],[107.21181,10.42077],[107.21204,10.42235],[107.21176,10.42322],[107.21372,10.42422],[107.21473,10.42421],[107.21577,10.42533],[107.21668,10.42563],[107.21689,10.42658],[107.21739,10.4271],[107.21835,10.42713],[107.21811,10.42874],[107.22068,10.42956],[107.22022,10.43163],[107.21895,10.43515],[107.22105,10.43563],[107.22806,10.43509],[107.23017,10.4387],[107.23602,10.43761],[107.23617,10.43846],[107.23646,10.43859],[107.23862,10.43789],[107.24094,10.43665],[107.24168,10.43677],[107.24316,10.43789],[107.24356,10.43729],[107.24406,10.43738],[107.24484,10.43704],[107.24549,10.43512],[107.24448,10.42555]]]}},{"type":"Feature","properties":{"code":"26680","name":"Đất Đỏ","fullName":"Xã Đất Đỏ","c":[10.52028,107.30353]},"geometry":{"type":"Polygon","coordinates":[[[107.27468,10.5772],[107.27541,10.57711],[107.27562,10.57658],[107.27608,10.57685],[107.27638,10.57674],[107.27719,10.57464],[107.27759,10.57488],[107.2778,10.57444],[107.27942,10.57462],[107.2796,10.57349],[107.28119,10.57203],[107.28177,10.57198],[107.28156,10.57138],[107.28205,10.57079],[107.28332,10.57105],[107.28411,10.57065],[107.28483,10.57127],[107.28509,10.57242],[107.28634,10.57235],[107.28728,10.57143],[107.28714,10.57071],[107.28735,10.5702],[107.28834,10.56857],[107.28874,10.56844],[107.2885,10.56768],[107.28883,10.56644],[107.29294,10.56675],[107.29529,10.56571],[107.29548,10.56534],[107.29507,10.5648],[107.2959,10.56391],[107.29613,10.56307],[107.29717,10.56277],[107.29754,10.56165],[107.29873,10.56133],[107.29926,10.5604],[107.30002,10.55979],[107.30295,10.55941],[107.30502,10.55968],[107.30546,10.56003],[107.30543,10.56088],[107.30618,10.56215],[107.30668,10.56241],[107.30725,10.56177],[107.30841,10.56148],[107.31198,10.55967],[107.31243,10.55825],[107.3145,10.55725],[107.3155,10.55626],[107.31577,10.55623],[107.31583,10.55672],[107.31673,10.55701],[107.31888,10.5569],[107.31944,10.55739],[107.32084,10.55722],[107.32254,10.55759],[107.323,10.55836],[107.3227,10.5587],[107.32196,10.55879],[107.32225,10.55946],[107.32216,10.55981],[107.32288,10.55958],[107.32289,10.56033],[107.32359,10.56022],[107.32389,10.56074],[107.32489,10.56025],[107.32533,10.56038],[107.32562,10.56158],[107.32462,10.56205],[107.32498,10.56281],[107.32607,10.56254],[107.32617,10.56309],[107.32674,10.56307],[107.32811,10.56166],[107.32959,10.56188],[107.33029,10.56081],[107.33323,10.56154],[107.33372,10.56187],[107.33367,10.56299],[107.33464,10.56363],[107.33503,10.56431],[107.33633,10.56497],[107.3365,10.56529],[107.33738,10.56541],[107.33787,10.56588],[107.33794,10.56677],[107.3386,10.5676],[107.34019,10.56738],[107.34063,10.56705],[107.34097,10.56755],[107.34121,10.56726],[107.34148,10.56732],[107.34156,10.56785],[107.34201,10.56759],[107.34281,10.56814],[107.34313,10.56777],[107.3435,10.56803],[107.34365,10.56769],[107.34422,10.56822],[107.34474,10.56789],[107.34516,10.56803],[107.34608,10.56751],[107.34678,10.56755],[107.34741,10.56687],[107.34868,10.56621],[107.34883,10.56557],[107.34852,10.56487],[107.34786,10.56425],[107.34702,10.56399],[107.34676,10.5632],[107.34517,10.56331],[107.34372,10.56406],[107.34291,10.56391],[107.34229,10.56432],[107.34171,10.56359],[107.34093,10.56185],[107.34174,10.55992],[107.34261,10.55901],[107.34621,10.55823],[107.34547,10.5573],[107.34551,10.55682],[107.34778,10.55551],[107.34771,10.55366],[107.34793,10.55275],[107.34955,10.55228],[107.34867,10.55058],[107.34877,10.5496],[107.3494,10.54963],[107.35128,10.55064],[107.3524,10.55042],[107.35264,10.55012],[107.35276,10.54921],[107.35303,10.54909],[107.35675,10.55018],[107.35718,10.55047],[107.35813,10.55199],[107.35859,10.55349],[107.35939,10.55375],[107.35976,10.55342],[107.35994,10.55279],[107.35917,10.55203],[107.35909,10.55165],[107.35997,10.55027],[107.35978,10.54903],[107.36042,10.54833],[107.36029,10.54644],[107.36057,10.54417],[107.36136,10.54363],[107.36306,10.54364],[107.36407,10.54401],[107.36505,10.54475],[107.36615,10.5431],[107.36647,10.5435],[107.36637,10.54419],[107.36715,10.5441],[107.36761,10.54299],[107.3666,10.54286],[107.3664,10.54263],[107.36624,10.54083],[107.36648,10.53938],[107.367,10.53868],[107.3682,10.53778],[107.3689,10.53685],[107.36911,10.53617],[107.36943,10.53611],[107.36996,10.53658],[107.37097,10.53593],[107.37096,10.53538],[107.37041,10.53427],[107.37021,10.53257],[107.371,10.5313],[107.37154,10.52944],[107.37145,10.52705],[107.37033,10.52546],[107.36987,10.52355],[107.37017,10.52311],[107.3709,10.52271],[107.37072,10.5219],[107.37108,10.52038],[107.37186,10.51929],[107.37223,10.51704],[107.37188,10.51603],[107.37316,10.51509],[107.3735,10.51455],[107.37333,10.51369],[107.37375,10.51299],[107.37342,10.51197],[107.37462,10.51136],[107.37535,10.51],[107.37534,10.50875],[107.37593,10.50768],[107.37466,10.50696],[107.37301,10.50548],[107.37354,10.50412],[107.37405,10.50103],[107.37443,10.501],[107.37527,10.50202],[107.37586,10.5019],[107.37599,10.50117],[107.37511,10.50029],[107.37426,10.50024],[107.3733,10.49983],[107.37279,10.49914],[107.37306,10.49882],[107.37381,10.49872],[107.37496,10.49908],[107.3752,10.49885],[107.37536,10.49783],[107.37568,10.49774],[107.37664,10.49827],[107.37695,10.49806],[107.37691,10.49767],[107.37562,10.49684],[107.3744,10.49667],[107.37432,10.49621],[107.37496,10.49561],[107.37462,10.4953],[107.3718,10.49533],[107.37159,10.49575],[107.3722,10.49618],[107.37219,10.49641],[107.37092,10.49675],[107.36994,10.49761],[107.36936,10.49848],[107.36743,10.49729],[107.36531,10.49706],[107.36418,10.49513],[107.36339,10.4947],[107.36327,10.49508],[107.36015,10.49464],[107.35527,10.49459],[107.34963,10.49171],[107.34878,10.49045],[107.34773,10.49018],[107.3457,10.48821],[107.34464,10.48753],[107.34179,10.48637],[107.34032,10.48622],[107.33979,10.48588],[107.33882,10.48573],[107.33608,10.48344],[107.33037,10.48068],[107.32806,10.48173],[107.3272,10.48178],[107.3265,10.48233],[107.32522,10.48234],[107.32265,10.48309],[107.31941,10.48592],[107.31881,10.48606],[107.31804,10.4857],[107.31605,10.48647],[107.31458,10.48632],[107.31255,10.48745],[107.31162,10.48596],[107.31161,10.48498],[107.31132,10.48423],[107.30996,10.48344],[107.30833,10.48319],[107.30749,10.48131],[107.30485,10.48156],[107.30326,10.48039],[107.30259,10.48097],[107.30252,10.48176],[107.3017,10.48177],[107.30172,10.48293],[107.30135,10.48368],[107.30139,10.48486],[107.30089,10.48644],[107.29976,10.48683],[107.29896,10.48793],[107.29729,10.4883],[107.29578,10.48799],[107.29546,10.48223],[107.29565,10.47854],[107.29539,10.47699],[107.29573,10.47587],[107.29546,10.47421],[107.29397,10.47376],[107.29199,10.47355],[107.28828,10.47218],[107.28835,10.47324],[107.28762,10.47321],[107.28585,10.47374],[107.28545,10.47316],[107.28391,10.47332],[107.28319,10.4723],[107.28035,10.47431],[107.28076,10.47354],[107.28035,10.47197],[107.28033,10.47074],[107.27934,10.47079],[107.27928,10.47031],[107.27881,10.47047],[107.2784,10.46941],[107.278,10.4691],[107.27823,10.46865],[107.27698,10.46814],[107.27703,10.46788],[107.27666,10.46764],[107.2761,10.46663],[107.27436,10.46635],[107.27415,10.46513],[107.2732,10.46478],[107.27304,10.46491],[107.27195,10.46437],[107.27149,10.46462],[107.27139,10.46414],[107.27109,10.46421],[107.27102,10.46347],[107.2703,10.46358],[107.27015,10.46294],[107.2697,10.463],[107.26946,10.46237],[107.26927,10.46241],[107.26902,10.46201],[107.26802,10.46258],[107.26722,10.46013],[107.26687,10.46136],[107.26564,10.45981],[107.26592,10.4596],[107.26461,10.45854],[107.26425,10.45916],[107.26363,10.45956],[107.26083,10.46008],[107.26005,10.46065],[107.25961,10.4602],[107.25734,10.46207],[107.2577,10.46348],[107.25734,10.46448],[107.25758,10.46546],[107.24974,10.46919],[107.25099,10.47097],[107.25114,10.47514],[107.25178,10.47553],[107.25253,10.47675],[107.2525,10.47786],[107.25291,10.47877],[107.25252,10.48146],[107.25371,10.48122],[107.25341,10.48705],[107.25419,10.48894],[107.2533,10.49113],[107.25334,10.49244],[107.25311,10.49334],[107.25242,10.49375],[107.25118,10.49568],[107.25174,10.49833],[107.25091,10.49898],[107.25073,10.50135],[107.25117,10.50196],[107.25219,10.50257],[107.25275,10.50478],[107.25325,10.50576],[107.25301,10.50604],[107.25301,10.50698],[107.25226,10.50747],[107.25244,10.50789],[107.25213,10.50868],[107.2513,10.50904],[107.25108,10.50949],[107.25055,10.51191],[107.2507,10.51332],[107.25027,10.51389],[107.24961,10.51434],[107.24901,10.51443],[107.24903,10.51463],[107.24702,10.51476],[107.24694,10.51364],[107.24661,10.51306],[107.24654,10.51332],[107.24545,10.51369],[107.24502,10.51349],[107.24392,10.51367],[107.24394,10.51242],[107.24367,10.51162],[107.24202,10.51066],[107.24175,10.51019],[107.24189,10.50937],[107.24073,10.50881],[107.24041,10.5091],[107.2405,10.50967],[107.23998,10.50991],[107.24023,10.5102],[107.24027,10.5112],[107.24121,10.51209],[107.24152,10.51286],[107.24069,10.51431],[107.24115,10.51457],[107.24093,10.51522],[107.24135,10.51596],[107.24204,10.51639],[107.24227,10.51722],[107.24199,10.5176],[107.24218,10.51781],[107.24201,10.51953],[107.243,10.52027],[107.24309,10.52154],[107.24344,10.52182],[107.24285,10.52236],[107.24371,10.52289],[107.24399,10.52345],[107.2438,10.52379],[107.24349,10.52335],[107.24322,10.52356],[107.24368,10.5244],[107.24304,10.52479],[107.24335,10.5252],[107.24345,10.52603],[107.24374,10.52622],[107.24471,10.52588],[107.24468,10.52688],[107.24626,10.52701],[107.24709,10.52888],[107.24695,10.53034],[107.24723,10.53051],[107.24732,10.53099],[107.24691,10.53284],[107.2461,10.53377],[107.2455,10.53577],[107.24552,10.53638],[107.24598,10.53708],[107.24533,10.53802],[107.24654,10.53783],[107.24656,10.53898],[107.24575,10.53933],[107.24639,10.54005],[107.24636,10.54053],[107.24664,10.54064],[107.2464,10.54117],[107.24675,10.54125],[107.24715,10.5418],[107.24682,10.54196],[107.24692,10.54284],[107.24767,10.54317],[107.24711,10.5445],[107.24784,10.54503],[107.24797,10.54562],[107.24828,10.54559],[107.24808,10.54513],[107.24825,10.54501],[107.24914,10.54534],[107.24876,10.54561],[107.24861,10.54703],[107.24814,10.54721],[107.24846,10.54781],[107.24805,10.54844],[107.24775,10.54821],[107.24744,10.54855],[107.24716,10.54848],[107.24714,10.54881],[107.24763,10.54912],[107.24858,10.54905],[107.24878,10.54941],[107.24913,10.54945],[107.24918,10.54987],[107.25301,10.54928],[107.25383,10.55136],[107.2538,10.55157],[107.25357,10.55143],[107.25303,10.5517],[107.25334,10.55241],[107.2533,10.55326],[107.25408,10.55386],[107.25503,10.55544],[107.25542,10.55798],[107.25667,10.5603],[107.25726,10.56036],[107.2578,10.5608],[107.25865,10.56015],[107.25972,10.56032],[107.25876,10.56082],[107.25933,10.563],[107.2609,10.56421],[107.26135,10.56488],[107.26227,10.56494],[107.26163,10.56528],[107.26209,10.56595],[107.26038,10.5669],[107.26099,10.56753],[107.26215,10.56702],[107.2633,10.56711],[107.26349,10.5663],[107.26416,10.56668],[107.2652,10.56744],[107.26563,10.56863],[107.26683,10.56976],[107.26696,10.5705],[107.26734,10.57099],[107.26735,10.57204],[107.26761,10.57253],[107.26803,10.57266],[107.26902,10.57061],[107.2714,10.56908],[107.27241,10.56974],[107.27366,10.56951],[107.27345,10.57344],[107.27408,10.57731],[107.27468,10.5772]]]}},{"type":"Feature","properties":{"code":"26686","name":"Phước Hải","fullName":"Xã Phước Hải","c":[10.44879,107.29834]},"geometry":{"type":"Polygon","coordinates":[[[107.37562,10.49684],[107.37646,10.4955],[107.37635,10.4945],[107.37687,10.49293],[107.37659,10.49212],[107.37313,10.4906],[107.37221,10.49063],[107.37073,10.49134],[107.3702,10.49107],[107.37054,10.49045],[107.3723,10.48951],[107.37281,10.48891],[107.3726,10.48823],[107.37078,10.48773],[107.37054,10.48692],[107.37066,10.48529],[107.37101,10.4849],[107.3716,10.48469],[107.37251,10.48511],[107.37309,10.4848],[107.37324,10.48329],[107.37286,10.48217],[107.37236,10.48174],[107.37185,10.48166],[107.36994,10.4825],[107.36834,10.48189],[107.36798,10.48109],[107.36801,10.47891],[107.3672,10.47786],[107.36623,10.47805],[107.36506,10.47912],[107.36406,10.47964],[107.36337,10.47951],[107.36281,10.47874],[107.36271,10.47785],[107.36299,10.47623],[107.364,10.4747],[107.3653,10.47451],[107.36668,10.47552],[107.36732,10.47572],[107.36826,10.47548],[107.36882,10.47465],[107.36868,10.47379],[107.36786,10.47283],[107.3663,10.46996],[107.36394,10.46856],[107.35246,10.46342],[107.34817,10.46015],[107.34401,10.45759],[107.341,10.4564],[107.33691,10.45568],[107.33324,10.45267],[107.33208,10.45259],[107.33041,10.452],[107.32799,10.45064],[107.32801,10.45017],[107.32701,10.44976],[107.32662,10.44898],[107.32519,10.44884],[107.32041,10.44661],[107.31897,10.44545],[107.31832,10.44521],[107.31665,10.44361],[107.31637,10.44306],[107.31583,10.44309],[107.31196,10.43953],[107.31094,10.43813],[107.31051,10.4379],[107.31022,10.43826],[107.30783,10.43561],[107.30402,10.43218],[107.30074,10.42942],[107.29989,10.42899],[107.29931,10.4282],[107.2977,10.42697],[107.29719,10.42686],[107.29212,10.42143],[107.29113,10.4208],[107.28719,10.41663],[107.28635,10.41529],[107.28567,10.41496],[107.28484,10.41369],[107.28356,10.41246],[107.28328,10.41179],[107.28014,10.4082],[107.27756,10.4043],[107.2768,10.40404],[107.27538,10.40256],[107.27276,10.39863],[107.27085,10.3968],[107.26918,10.39576],[107.26735,10.39541],[107.26672,10.39495],[107.26624,10.39378],[107.26367,10.39048],[107.26345,10.38962],[107.26274,10.3891],[107.2592,10.3827],[107.25795,10.38186],[107.25645,10.38022],[107.25456,10.37951],[107.25079,10.39392],[107.24663,10.41281],[107.24445,10.42114],[107.24448,10.4255],[107.24862,10.42593],[107.25003,10.42671],[107.25274,10.42935],[107.25325,10.42907],[107.25338,10.42867],[107.25411,10.42835],[107.25616,10.43017],[107.25531,10.43212],[107.25444,10.43322],[107.25511,10.43413],[107.2552,10.43467],[107.25431,10.43467],[107.25355,10.43434],[107.25239,10.4344],[107.25203,10.4347],[107.2516,10.43566],[107.2519,10.43703],[107.25102,10.43826],[107.25293,10.43998],[107.25419,10.44161],[107.25463,10.44288],[107.25466,10.44406],[107.25335,10.44368],[107.25297,10.44421],[107.25217,10.44455],[107.25129,10.44428],[107.25096,10.44479],[107.25009,10.44527],[107.25178,10.44737],[107.25455,10.45164],[107.25467,10.45214],[107.25439,10.45274],[107.25526,10.45348],[107.25578,10.45611],[107.25666,10.45782],[107.25734,10.46207],[107.25961,10.4602],[107.26005,10.46065],[107.26083,10.46008],[107.26363,10.45956],[107.26425,10.45916],[107.26458,10.45855],[107.26487,10.45857],[107.26592,10.4596],[107.26564,10.45981],[107.26687,10.46136],[107.26722,10.46013],[107.26802,10.46258],[107.26902,10.46201],[107.26927,10.46241],[107.26946,10.46237],[107.2697,10.463],[107.27015,10.46294],[107.2703,10.46358],[107.27102,10.46347],[107.27109,10.46421],[107.27139,10.46414],[107.27149,10.46462],[107.27195,10.46437],[107.27304,10.46491],[107.2732,10.46478],[107.27415,10.46513],[107.27436,10.46635],[107.2761,10.46663],[107.27666,10.46764],[107.27703,10.46788],[107.27698,10.46814],[107.27823,10.46865],[107.278,10.4691],[107.2784,10.46941],[107.27881,10.47047],[107.27928,10.47031],[107.27934,10.47079],[107.28033,10.47074],[107.28035,10.47197],[107.28076,10.47354],[107.28035,10.47431],[107.28319,10.4723],[107.28391,10.47332],[107.28545,10.47316],[107.28585,10.47374],[107.28762,10.47321],[107.28835,10.47324],[107.28828,10.47218],[107.29199,10.47355],[107.29397,10.47376],[107.29546,10.47421],[107.29573,10.47587],[107.29539,10.47699],[107.29565,10.47854],[107.29546,10.48223],[107.29578,10.48799],[107.29729,10.4883],[107.29896,10.48793],[107.29976,10.48683],[107.30089,10.48644],[107.30139,10.48486],[107.30135,10.48368],[107.30172,10.48293],[107.3017,10.48177],[107.30252,10.48176],[107.30259,10.48097],[107.30326,10.48039],[107.30485,10.48156],[107.30749,10.48131],[107.30833,10.48319],[107.30996,10.48344],[107.31132,10.48423],[107.31161,10.48498],[107.31162,10.48596],[107.31255,10.48745],[107.31458,10.48632],[107.31605,10.48647],[107.31804,10.4857],[107.31881,10.48606],[107.31941,10.48592],[107.32265,10.48309],[107.32522,10.48234],[107.3265,10.48233],[107.3272,10.48178],[107.32806,10.48173],[107.33037,10.48068],[107.33608,10.48344],[107.33882,10.48573],[107.33979,10.48588],[107.34032,10.48622],[107.34179,10.48637],[107.34464,10.48753],[107.3457,10.48821],[107.34773,10.49018],[107.34878,10.49045],[107.34963,10.49171],[107.35527,10.49459],[107.36015,10.49464],[107.36327,10.49508],[107.36339,10.4947],[107.36418,10.49513],[107.36531,10.49706],[107.36743,10.49729],[107.36936,10.49848],[107.36994,10.49761],[107.37092,10.49675],[107.37219,10.49641],[107.3722,10.49618],[107.37159,10.49575],[107.37189,10.49528],[107.37482,10.49536],[107.37495,10.49564],[107.37433,10.49618],[107.37429,10.49653],[107.37467,10.49681],[107.37562,10.49684]]]}},{"type":"Feature","properties":{"code":"26704","name":"Phú Mỹ","fullName":"Phường Phú Mỹ","c":[10.61113,107.04553]},"geometry":{"type":"Polygon","coordinates":[[[107.05814,10.65686],[107.06202,10.65743],[107.06428,10.65701],[107.06486,10.65643],[107.06561,10.65445],[107.06677,10.65349],[107.07474,10.65378],[107.07775,10.65336],[107.0816,10.65361],[107.08798,10.65315],[107.09098,10.6532],[107.08966,10.65239],[107.08855,10.65086],[107.08662,10.64945],[107.08508,10.64882],[107.08292,10.64903],[107.08237,10.64942],[107.07829,10.64901],[107.07623,10.64703],[107.07516,10.64638],[107.07458,10.64487],[107.07471,10.64443],[107.07351,10.64352],[107.0772,10.63447],[107.07953,10.63131],[107.08076,10.63099],[107.08149,10.63116],[107.08151,10.63043],[107.08266,10.62782],[107.08075,10.62738],[107.08071,10.62668],[107.08002,10.62599],[107.07921,10.62603],[107.07825,10.62533],[107.07878,10.62438],[107.07769,10.62376],[107.0781,10.62365],[107.07923,10.62163],[107.08018,10.62081],[107.08107,10.62073],[107.0819,10.6181],[107.08128,10.61734],[107.08435,10.61614],[107.08364,10.61412],[107.08381,10.61301],[107.08272,10.61292],[107.08271,10.61227],[107.08296,10.61231],[107.08271,10.61069],[107.08188,10.60887],[107.07801,10.60961],[107.07738,10.6073],[107.0772,10.6059],[107.07741,10.60584],[107.0769,10.60517],[107.07783,10.60454],[107.07976,10.60471],[107.08055,10.60417],[107.08129,10.60426],[107.08216,10.60401],[107.08266,10.60332],[107.08392,10.60294],[107.08392,10.60264],[107.08551,10.60141],[107.08697,10.6017],[107.0893,10.59627],[107.09274,10.59025],[107.08976,10.58185],[107.08835,10.58224],[107.08303,10.58222],[107.08171,10.58251],[107.0807,10.58232],[107.08013,10.58191],[107.07955,10.58224],[107.07844,10.58229],[107.07741,10.58193],[107.07656,10.5813],[107.07609,10.58036],[107.06654,10.57769],[107.06651,10.57739],[107.06153,10.57573],[107.06109,10.57755],[107.05309,10.57765],[107.05088,10.57643],[107.05072,10.57664],[107.05011,10.57624],[107.05023,10.57604],[107.04811,10.57483],[107.0473,10.5767],[107.04725,10.5778],[107.04054,10.57802],[107.04332,10.57278],[107.0404,10.57135],[107.03625,10.57295],[107.03528,10.57245],[107.03442,10.57149],[107.03371,10.56868],[107.03205,10.568],[107.03231,10.56649],[107.03218,10.566],[107.03047,10.56567],[107.02986,10.56506],[107.02997,10.56474],[107.03141,10.56391],[107.03189,10.56332],[107.03187,10.56008],[107.03232,10.55904],[107.03299,10.55836],[107.03531,10.55712],[107.03589,10.55575],[107.03575,10.55527],[107.035,10.55453],[107.03181,10.55323],[107.03099,10.55247],[107.03089,10.55108],[107.03192,10.54844],[107.03185,10.54753],[107.03142,10.54679],[107.03074,10.54648],[107.02832,10.54673],[107.02674,10.54653],[107.02495,10.54553],[107.02396,10.54617],[107.01736,10.54743],[107.01484,10.54815],[107.01282,10.54949],[107.01161,10.55134],[107.01089,10.55504],[107.01097,10.55763],[107.01468,10.56516],[107.01664,10.56756],[107.01768,10.56936],[107.01872,10.57049],[107.0191,10.57137],[107.0197,10.57179],[107.02098,10.57338],[107.02398,10.57795],[107.0259,10.58153],[107.02658,10.58309],[107.02682,10.58463],[107.02688,10.5882],[107.02472,10.59162],[107.02388,10.59213],[107.02318,10.59413],[107.02245,10.59478],[107.02111,10.59793],[107.02059,10.59887],[107.0203,10.599],[107.01977,10.60166],[107.01976,10.603],[107.01791,10.60603],[107.0135,10.60937],[107.00442,10.61548],[106.9993,10.62016],[106.9975,10.62294],[106.99665,10.6248],[106.99626,10.62728],[106.99674,10.6303],[106.99744,10.63202],[106.99965,10.63462],[107.00342,10.63704],[107.00537,10.63769],[107.0069,10.63764],[107.00823,10.63711],[107.01324,10.63219],[107.01453,10.63185],[107.01597,10.63218],[107.01677,10.63285],[107.01695,10.63341],[107.01504,10.63679],[107.01357,10.64073],[107.0134,10.64366],[107.01717,10.64495],[107.01907,10.64536],[107.01929,10.64603],[107.01918,10.64688],[107.01991,10.64733],[107.02067,10.64741],[107.02124,10.64673],[107.02412,10.64799],[107.03864,10.65492],[107.03827,10.65573],[107.04458,10.65743],[107.05178,10.65808],[107.05475,10.65812],[107.05814,10.65686]]]}},{"type":"Feature","properties":{"code":"26710","name":"Tân Hải","fullName":"Phường Tân Hải","c":[10.51179,107.10328]},"geometry":{"type":"Polygon","coordinates":[[[107.13611,10.55355],[107.14149,10.54822],[107.14648,10.54267],[107.14807,10.5357],[107.14085,10.52653],[107.14015,10.52465],[107.13802,10.52089],[107.13637,10.51611],[107.13632,10.51539],[107.13521,10.51414],[107.13431,10.51361],[107.13414,10.51267],[107.13319,10.51126],[107.13329,10.51044],[107.13156,10.51011],[107.13095,10.50888],[107.13053,10.50853],[107.13033,10.50902],[107.12849,10.50904],[107.12803,10.50893],[107.12782,10.50842],[107.12732,10.50804],[107.12506,10.50866],[107.12442,10.50852],[107.12442,10.49983],[107.12387,10.49983],[107.12357,10.49719],[107.12408,10.49714],[107.12371,10.49568],[107.12436,10.49456],[107.12669,10.49308],[107.12674,10.49061],[107.12545,10.49011],[107.12435,10.49019],[107.12394,10.48942],[107.12253,10.48841],[107.12205,10.48771],[107.12153,10.48614],[107.12155,10.4853],[107.123,10.48464],[107.12311,10.48387],[107.12271,10.48312],[107.12083,10.48146],[107.12072,10.48082],[107.12255,10.47895],[107.12265,10.47858],[107.12256,10.47787],[107.12091,10.47554],[107.12017,10.4752],[107.11897,10.47523],[107.11836,10.47549],[107.11649,10.47743],[107.11493,10.47777],[107.11311,10.47716],[107.10903,10.47728],[107.1081,10.4771],[107.10697,10.47654],[107.10509,10.47485],[107.1034,10.47473],[107.1015,10.47505],[107.09997,10.47579],[107.09575,10.47897],[107.09255,10.48027],[107.08918,10.48243],[107.08781,10.48113],[107.08648,10.48044],[107.08497,10.48011],[107.0805,10.48009],[107.07668,10.47792],[107.07583,10.47783],[107.07505,10.47798],[107.07369,10.47921],[107.07182,10.48219],[107.07064,10.48356],[107.06966,10.48417],[107.06883,10.48428],[107.06775,10.48411],[107.06713,10.48368],[107.06597,10.48185],[107.06502,10.48084],[107.06267,10.47873],[107.06049,10.47737],[107.05613,10.47745],[107.05238,10.47832],[107.0502,10.47835],[107.04952,10.47811],[107.04811,10.47695],[107.04598,10.47416],[107.04487,10.47207],[107.04475,10.47494],[107.04502,10.4769],[107.0462,10.481],[107.04725,10.48351],[107.04872,10.48551],[107.05163,10.48756],[107.05805,10.49417],[107.05917,10.4964],[107.05901,10.49925],[107.06111,10.50064],[107.06242,10.50256],[107.06241,10.50357],[107.062,10.50527],[107.06222,10.50595],[107.06294,10.50627],[107.06519,10.50501],[107.066,10.50498],[107.06647,10.50525],[107.06711,10.5062],[107.06793,10.50888],[107.06855,10.50975],[107.0689,10.5099],[107.07072,10.50923],[107.07126,10.50924],[107.0727,10.51027],[107.07451,10.5104],[107.07482,10.51082],[107.0749,10.51273],[107.07546,10.51317],[107.07595,10.51291],[107.07662,10.5104],[107.07722,10.51013],[107.07783,10.51049],[107.07813,10.51379],[107.07919,10.51454],[107.07982,10.51459],[107.08024,10.51508],[107.08074,10.51689],[107.08038,10.51808],[107.07874,10.51981],[107.0785,10.52151],[107.07878,10.52241],[107.07853,10.52324],[107.07907,10.52393],[107.07831,10.52449],[107.07811,10.52505],[107.07844,10.52548],[107.07846,10.52498],[107.0787,10.52483],[107.07874,10.5254],[107.07911,10.52518],[107.07925,10.52538],[107.0786,10.52613],[107.07917,10.52606],[107.07982,10.52661],[107.0817,10.5268],[107.08378,10.52743],[107.08434,10.52739],[107.08478,10.5265],[107.08544,10.52602],[107.0872,10.52725],[107.08733,10.52772],[107.0879,10.52827],[107.08945,10.52634],[107.09155,10.52757],[107.09278,10.52857],[107.09466,10.52872],[107.09528,10.52898],[107.0954,10.52956],[107.09521,10.53011],[107.09594,10.5314],[107.09757,10.53098],[107.09726,10.53223],[107.09821,10.53471],[107.09869,10.53524],[107.10192,10.53357],[107.1022,10.53363],[107.10347,10.53563],[107.10062,10.53742],[107.1001,10.5385],[107.09922,10.53913],[107.09895,10.54021],[107.0993,10.54022],[107.09964,10.54061],[107.10094,10.54059],[107.10154,10.54164],[107.10192,10.54175],[107.10185,10.5422],[107.10268,10.54489],[107.10403,10.546],[107.10388,10.54669],[107.10534,10.54836],[107.1056,10.54927],[107.10616,10.54996],[107.10782,10.55117],[107.10941,10.55091],[107.11033,10.55147],[107.11261,10.55358],[107.11336,10.55496],[107.11386,10.55657],[107.11808,10.55637],[107.11871,10.55526],[107.12024,10.55437],[107.12066,10.55371],[107.12139,10.55317],[107.12555,10.55449],[107.12744,10.55471],[107.13274,10.55689],[107.13611,10.55355]]]}},{"type":"Feature","properties":{"code":"26713","name":"Tân Phước","fullName":"Phường Tân Phước","c":[10.53295,107.05586]},"geometry":{"type":"MultiPolygon","coordinates":[[[[107.02566,10.46267],[107.02536,10.46292],[107.02556,10.46329],[107.02612,10.46356],[107.02566,10.46267]]],[[[107.02546,10.46356],[107.02535,10.46368],[107.02599,10.46424],[107.02593,10.46376],[107.02546,10.46356]]],[[[107.01995,10.47749],[107.01964,10.47756],[107.01971,10.47817],[107.01995,10.47836],[107.02026,10.47818],[107.02031,10.47783],[107.01995,10.47749]]],[[[107.01922,10.47907],[107.01895,10.47906],[107.01897,10.47932],[107.01963,10.47964],[107.01922,10.47907]]],[[[107.01528,10.49023],[107.01541,10.48801],[107.01739,10.48384],[107.01707,10.48311],[107.01619,10.48299],[107.01535,10.48353],[107.01463,10.48365],[107.01451,10.4841],[107.01398,10.48426],[107.01289,10.48546],[107.01135,10.48566],[107.01047,10.48543],[107.01069,10.48645],[107.00993,10.48665],[107.00941,10.48742],[107.00833,10.48807],[107.00692,10.4884],[107.00554,10.48923],[107.00628,10.49001],[107.00921,10.4907],[107.0107,10.49172],[107.01208,10.48996],[107.01108,10.49154],[107.01103,10.49209],[107.0115,10.49229],[107.01154,10.49173],[107.01182,10.49183],[107.01202,10.49152],[107.01166,10.49123],[107.0125,10.49011],[107.01181,10.49223],[107.01321,10.49289],[107.01448,10.49257],[107.01515,10.49213],[107.01528,10.49023]]],[[[107.099,10.58194],[107.09861,10.57986],[107.10147,10.58003],[107.10276,10.57954],[107.10344,10.5769],[107.10462,10.57561],[107.10465,10.57235],[107.10884,10.56545],[107.10827,10.56377],[107.10862,10.56309],[107.11174,10.5599],[107.11408,10.55844],[107.11443,10.55756],[107.11435,10.55709],[107.11373,10.55642],[107.11336,10.55496],[107.1125,10.55343],[107.10955,10.55095],[107.10862,10.55093],[107.10792,10.5512],[107.1063,10.55012],[107.10563,10.54933],[107.10534,10.54836],[107.10388,10.54669],[107.10403,10.546],[107.10268,10.54489],[107.10185,10.5422],[107.10192,10.54175],[107.10154,10.54164],[107.10094,10.54059],[107.09964,10.54061],[107.0993,10.54022],[107.09895,10.54021],[107.09922,10.53913],[107.1001,10.5385],[107.10062,10.53742],[107.10347,10.53563],[107.1022,10.53363],[107.10192,10.53357],[107.09869,10.53524],[107.09821,10.53471],[107.09726,10.53223],[107.09757,10.53098],[107.09594,10.5314],[107.09521,10.53011],[107.0954,10.52956],[107.09528,10.52898],[107.09466,10.52872],[107.09278,10.52857],[107.09155,10.52757],[107.08945,10.52634],[107.0879,10.52827],[107.08733,10.52772],[107.0872,10.52725],[107.08544,10.52602],[107.08478,10.5265],[107.08434,10.52739],[107.08378,10.52743],[107.0817,10.5268],[107.07982,10.52661],[107.07917,10.52606],[107.0786,10.52613],[107.07925,10.52538],[107.07911,10.52518],[107.07874,10.5254],[107.0787,10.52483],[107.07846,10.52498],[107.07844,10.52548],[107.07811,10.52505],[107.07831,10.52449],[107.07907,10.52393],[107.07853,10.52324],[107.07878,10.52241],[107.0785,10.52151],[107.07874,10.51981],[107.08038,10.51808],[107.08074,10.51689],[107.08024,10.51508],[107.07982,10.51459],[107.07919,10.51454],[107.07813,10.51379],[107.07783,10.51049],[107.07722,10.51013],[107.07662,10.5104],[107.07595,10.51291],[107.07546,10.51317],[107.0749,10.51273],[107.07482,10.51082],[107.07451,10.5104],[107.0727,10.51027],[107.07126,10.50924],[107.07072,10.50923],[107.0689,10.5099],[107.06855,10.50975],[107.06793,10.50888],[107.06711,10.5062],[107.06647,10.50525],[107.066,10.50498],[107.06519,10.50501],[107.06294,10.50627],[107.06222,10.50595],[107.062,10.50527],[107.06241,10.50357],[107.06242,10.50256],[107.06111,10.50064],[107.05901,10.49925],[107.05917,10.4964],[107.05805,10.49417],[107.05163,10.48756],[107.04872,10.48551],[107.04725,10.48351],[107.0462,10.481],[107.04502,10.4769],[107.04475,10.47494],[107.04487,10.47207],[107.03962,10.46916],[107.02598,10.47535],[107.02623,10.47377],[107.02604,10.47134],[107.02547,10.47059],[107.02528,10.46978],[107.02642,10.46848],[107.02606,10.46826],[107.02623,10.46773],[107.02574,10.46658],[107.02596,10.46613],[107.02534,10.46588],[107.02507,10.4663],[107.02475,10.4662],[107.02485,10.46747],[107.02401,10.46745],[107.02501,10.46837],[107.02542,10.46844],[107.0252,10.46939],[107.02329,10.47141],[107.02084,10.47256],[107.02069,10.47335],[107.01944,10.47432],[107.0198,10.47507],[107.01943,10.47598],[107.02006,10.47681],[107.01978,10.47725],[107.02048,10.47728],[107.02043,10.47771],[107.02069,10.47784],[107.02017,10.47857],[107.02022,10.47997],[107.02076,10.48017],[107.02138,10.48087],[107.02144,10.48184],[107.02191,10.48223],[107.02185,10.4827],[107.02213,10.48288],[107.02146,10.48365],[107.02123,10.48436],[107.02054,10.48505],[107.0203,10.4859],[107.01988,10.4861],[107.01933,10.48593],[107.01885,10.48655],[107.01799,10.48874],[107.01812,10.48969],[107.01772,10.48961],[107.01795,10.49095],[107.0177,10.49121],[107.01761,10.49324],[107.01481,10.49475],[107.01093,10.49427],[107.01063,10.49397],[107.00774,10.49326],[107.00756,10.49386],[107.00624,10.49506],[107.00323,10.49588],[107.00219,10.49712],[107.0017,10.49898],[106.99849,10.49898],[106.99748,10.50015],[106.99719,10.50216],[106.99767,10.50435],[106.99924,10.50638],[107.00017,10.50711],[107.00344,10.50856],[107.00726,10.51132],[107.0108,10.5161],[107.01232,10.51942],[107.0124,10.52034],[107.01293,10.52155],[107.01494,10.52437],[107.01789,10.52807],[107.02047,10.52992],[107.02402,10.53326],[107.02418,10.53375],[107.02451,10.53381],[107.02531,10.53475],[107.02707,10.53754],[107.02764,10.53941],[107.02745,10.54177],[107.02639,10.54471],[107.02495,10.54553],[107.02674,10.54653],[107.02832,10.54673],[107.03074,10.54648],[107.03142,10.54679],[107.03185,10.54753],[107.03192,10.54844],[107.03089,10.55108],[107.03099,10.55247],[107.03181,10.55323],[107.035,10.55453],[107.03575,10.55527],[107.03589,10.55575],[107.03531,10.55712],[107.03299,10.55836],[107.03204,10.55948],[107.03185,10.56071],[107.03194,10.5632],[107.03151,10.56383],[107.02992,10.56479],[107.03,10.56535],[107.03047,10.56567],[107.03218,10.566],[107.03231,10.56649],[107.03205,10.568],[107.03371,10.56868],[107.03442,10.57149],[107.03528,10.57245],[107.03625,10.57295],[107.0404,10.57135],[107.04332,10.57278],[107.04054,10.57802],[107.04725,10.5778],[107.0473,10.5767],[107.04811,10.57483],[107.05023,10.57604],[107.05011,10.57624],[107.05072,10.57664],[107.05088,10.57643],[107.05309,10.57765],[107.06109,10.57755],[107.06153,10.57573],[107.06651,10.57739],[107.06654,10.57769],[107.07609,10.58036],[107.07656,10.5813],[107.07741,10.58193],[107.07844,10.58229],[107.07955,10.58224],[107.08013,10.58191],[107.0807,10.58232],[107.08171,10.58251],[107.08303,10.58222],[107.08835,10.58224],[107.08976,10.58185],[107.09274,10.59025],[107.09469,10.58901],[107.09466,10.58814],[107.09546,10.58617],[107.09793,10.58512],[107.10006,10.58456],[107.099,10.58194]]]]}},{"type":"Feature","properties":{"code":"26725","name":"Tân Thành","fullName":"Phường Tân Thành","c":[10.65579,107.13319]},"geometry":{"type":"Polygon","coordinates":[[[107.16372,10.71036],[107.16357,10.70954],[107.16547,10.70807],[107.16603,10.70731],[107.16649,10.70713],[107.16633,10.7066],[107.16601,10.70658],[107.16624,10.70548],[107.16565,10.70474],[107.16589,10.70338],[107.16534,10.70299],[107.16571,10.70247],[107.16534,10.70201],[107.16506,10.70025],[107.16474,10.70014],[107.16534,10.69923],[107.16529,10.69873],[107.1655,10.69843],[107.1652,10.6976],[107.16531,10.69706],[107.16566,10.69682],[107.16557,10.69616],[107.166,10.69443],[107.16601,10.69388],[107.16566,10.69313],[107.16597,10.69273],[107.16586,10.69175],[107.16629,10.69142],[107.16639,10.69097],[107.1667,10.6909],[107.16632,10.68998],[107.16626,10.68883],[107.16658,10.68748],[107.16582,10.68661],[107.16575,10.68581],[107.16535,10.68547],[107.16531,10.68418],[107.16459,10.68393],[107.16269,10.6821],[107.16051,10.68122],[107.15978,10.68049],[107.16,10.67941],[107.1595,10.67755],[107.16032,10.67656],[107.16032,10.6759],[107.16069,10.67566],[107.16053,10.67503],[107.16154,10.67403],[107.16313,10.67316],[107.16425,10.67031],[107.16455,10.66995],[107.16526,10.66973],[107.16554,10.66841],[107.16633,10.66774],[107.16674,10.66634],[107.16635,10.66564],[107.16619,10.66365],[107.16557,10.66347],[107.16529,10.66309],[107.16551,10.66248],[107.16537,10.66206],[107.16608,10.66121],[107.16503,10.66051],[107.16577,10.65944],[107.16543,10.65914],[107.16495,10.65955],[107.16504,10.65841],[107.16552,10.65763],[107.16544,10.65728],[107.16508,10.65712],[107.16598,10.65659],[107.16639,10.65505],[107.16681,10.65492],[107.16742,10.65525],[107.16743,10.65461],[107.16706,10.65405],[107.16746,10.65373],[107.16753,10.65331],[107.16677,10.65256],[107.16763,10.65254],[107.16681,10.65185],[107.16695,10.65157],[107.16676,10.65129],[107.16741,10.65144],[107.16731,10.65114],[107.16689,10.65109],[107.16723,10.65051],[107.16651,10.64992],[107.1662,10.6501],[107.16615,10.6495],[107.16698,10.64826],[107.16713,10.64765],[107.16727,10.64833],[107.1681,10.64796],[107.16792,10.64777],[107.16748,10.64784],[107.16766,10.64715],[107.16662,10.64675],[107.16644,10.64552],[107.165,10.6435],[107.16502,10.64241],[107.1642,10.64132],[107.16495,10.6409],[107.16522,10.63916],[107.16432,10.63498],[107.16501,10.63361],[107.16603,10.6327],[107.16646,10.63033],[107.16659,10.62703],[107.16714,10.62648],[107.16802,10.62638],[107.16899,10.62428],[107.16675,10.61947],[107.16626,10.61979],[107.16584,10.6196],[107.16552,10.61995],[107.1651,10.61995],[107.16478,10.61962],[107.16473,10.61875],[107.16403,10.6189],[107.16284,10.62024],[107.1617,10.61998],[107.16002,10.61998],[107.15846,10.61811],[107.15843,10.61652],[107.15794,10.61583],[107.15783,10.6152],[107.15675,10.61523],[107.15612,10.6163],[107.1542,10.61798],[107.15364,10.61888],[107.14961,10.61728],[107.14487,10.61477],[107.14423,10.61683],[107.14258,10.61626],[107.14143,10.61619],[107.14082,10.61665],[107.14041,10.61744],[107.13926,10.61642],[107.13836,10.6163],[107.13846,10.6167],[107.13813,10.61679],[107.13843,10.61729],[107.13815,10.61802],[107.13866,10.61819],[107.13884,10.61869],[107.13968,10.61895],[107.13935,10.61959],[107.14043,10.62021],[107.14181,10.62023],[107.14175,10.62064],[107.14249,10.62093],[107.1426,10.6216],[107.13881,10.62146],[107.13386,10.62018],[107.13131,10.61989],[107.13106,10.62097],[107.13058,10.62169],[107.12886,10.62271],[107.12729,10.62258],[107.12613,10.62153],[107.12573,10.62037],[107.12319,10.62017],[107.12275,10.62053],[107.12149,10.62068],[107.12138,10.61833],[107.11141,10.61972],[107.11168,10.62199],[107.11303,10.62649],[107.1126,10.62751],[107.1119,10.62759],[107.11084,10.62666],[107.1101,10.62708],[107.10596,10.62664],[107.10435,10.62699],[107.10077,10.6263],[107.09864,10.62726],[107.09763,10.62815],[107.09479,10.62927],[107.09407,10.62933],[107.09198,10.62835],[107.09004,10.62834],[107.08726,10.62869],[107.08579,10.62813],[107.08357,10.62814],[107.08296,10.62805],[107.08267,10.62775],[107.08151,10.63043],[107.08149,10.63116],[107.08076,10.63099],[107.07953,10.63131],[107.0772,10.63447],[107.07351,10.64352],[107.07471,10.64443],[107.07458,10.64487],[107.07532,10.64654],[107.07623,10.64703],[107.07773,10.64864],[107.07865,10.6491],[107.08237,10.64942],[107.08292,10.64903],[107.08493,10.64879],[107.08662,10.64945],[107.08855,10.65086],[107.08966,10.65239],[107.09098,10.6532],[107.09385,10.65304],[107.09652,10.65196],[107.09912,10.65715],[107.10074,10.65891],[107.10117,10.66091],[107.10114,10.66232],[107.10186,10.66327],[107.10228,10.66324],[107.1034,10.66392],[107.10502,10.6639],[107.10543,10.6645],[107.10594,10.66438],[107.10644,10.66488],[107.10711,10.66506],[107.10726,10.66568],[107.10771,10.66599],[107.10768,10.66627],[107.10804,10.66637],[107.10815,10.66676],[107.10984,10.66809],[107.11003,10.66868],[107.11091,10.66925],[107.111,10.66967],[107.11307,10.66982],[107.11436,10.67044],[107.11533,10.6703],[107.11536,10.67067],[107.11596,10.67101],[107.11658,10.67036],[107.11801,10.67175],[107.11795,10.6723],[107.11925,10.67221],[107.11955,10.6732],[107.1199,10.67313],[107.12016,10.67339],[107.12034,10.67317],[107.12133,10.67316],[107.12162,10.67406],[107.1213,10.67423],[107.12237,10.67558],[107.12291,10.67734],[107.12268,10.67771],[107.12299,10.67868],[107.12265,10.67934],[107.12307,10.6796],[107.12347,10.67939],[107.12342,10.67985],[107.12382,10.67993],[107.1237,10.68013],[107.12414,10.6805],[107.12409,10.68089],[107.12456,10.68091],[107.12433,10.68132],[107.12487,10.68132],[107.1252,10.68159],[107.1252,10.68183],[107.12498,10.68182],[107.12507,10.68245],[107.12614,10.68228],[107.1282,10.68286],[107.12965,10.68379],[107.13111,10.68347],[107.13178,10.68393],[107.13246,10.68398],[107.13384,10.68512],[107.13373,10.68969],[107.13441,10.69324],[107.1342,10.69493],[107.1368,10.70041],[107.13701,10.70354],[107.13771,10.70559],[107.13774,10.70674],[107.13841,10.70805],[107.13975,10.70959],[107.15159,10.70994],[107.15315,10.71034],[107.15983,10.71042],[107.16276,10.71453],[107.16427,10.7158],[107.16558,10.71647],[107.16536,10.71375],[107.16496,10.71276],[107.16399,10.71138],[107.16372,10.71036]]]}},{"type":"Feature","properties":{"code":"26728","name":"Châu Pha","fullName":"Xã Châu Pha","c":[10.58637,107.13152]},"geometry":{"type":"Polygon","coordinates":[[[107.09427,10.62931],[107.09763,10.62815],[107.09864,10.62726],[107.10077,10.6263],[107.10435,10.62699],[107.10596,10.62664],[107.1101,10.62708],[107.11084,10.62666],[107.1119,10.62759],[107.1126,10.62751],[107.11303,10.62649],[107.11168,10.62199],[107.11141,10.61972],[107.11201,10.61963],[107.12138,10.61833],[107.12149,10.62068],[107.12275,10.62053],[107.12319,10.62017],[107.12573,10.62037],[107.12592,10.62119],[107.12704,10.62245],[107.12862,10.62276],[107.13058,10.62168],[107.13106,10.62097],[107.13131,10.61989],[107.13386,10.62018],[107.13881,10.62146],[107.1426,10.6216],[107.14249,10.62093],[107.14175,10.62064],[107.14181,10.62023],[107.14043,10.62021],[107.13935,10.61959],[107.13968,10.61895],[107.13884,10.61869],[107.13866,10.61819],[107.13815,10.61802],[107.13843,10.61729],[107.13813,10.61679],[107.13846,10.6167],[107.13836,10.6163],[107.13926,10.61642],[107.14041,10.61744],[107.14082,10.61665],[107.14143,10.61619],[107.14258,10.61626],[107.14423,10.61683],[107.14487,10.61477],[107.14961,10.61728],[107.15364,10.61888],[107.1542,10.61798],[107.15612,10.6163],[107.15675,10.61523],[107.15783,10.6152],[107.15794,10.61583],[107.15843,10.61652],[107.15846,10.61811],[107.16002,10.61998],[107.1617,10.61998],[107.16284,10.62024],[107.16403,10.6189],[107.16473,10.61875],[107.16516,10.61752],[107.16506,10.61718],[107.16412,10.61749],[107.16378,10.61648],[107.16325,10.61613],[107.16231,10.61601],[107.16199,10.61469],[107.16138,10.61387],[107.1603,10.61331],[107.16007,10.61288],[107.16004,10.61251],[107.16041,10.61211],[107.16032,10.61166],[107.15997,10.61154],[107.16021,10.61074],[107.16142,10.61005],[107.16233,10.61011],[107.16251,10.60983],[107.16215,10.60906],[107.16243,10.60804],[107.16191,10.60805],[107.16171,10.60782],[107.16239,10.60727],[107.16109,10.60711],[107.16039,10.60638],[107.16062,10.60601],[107.16113,10.60591],[107.16162,10.60658],[107.16192,10.60662],[107.16237,10.60563],[107.16263,10.60557],[107.16284,10.60595],[107.16325,10.60589],[107.16343,10.6056],[107.16327,10.60479],[107.16381,10.60429],[107.16411,10.60249],[107.16463,10.60181],[107.16458,10.6015],[107.16417,10.60126],[107.16539,10.60094],[107.16639,10.60007],[107.1664,10.5992],[107.16671,10.5989],[107.1673,10.59872],[107.16787,10.59925],[107.16806,10.59911],[107.16817,10.5983],[107.16685,10.59499],[107.16736,10.59416],[107.1671,10.59344],[107.16753,10.59238],[107.16711,10.59233],[107.16654,10.59177],[107.16736,10.59047],[107.16766,10.58933],[107.16717,10.58886],[107.16681,10.58897],[107.16693,10.58962],[107.16628,10.59036],[107.16626,10.58769],[107.16588,10.58717],[107.16609,10.58691],[107.16661,10.58687],[107.1667,10.5864],[107.16735,10.58609],[107.16731,10.58472],[107.16658,10.58476],[107.16651,10.58419],[107.16789,10.5844],[107.16756,10.58384],[107.16774,10.58354],[107.16832,10.58393],[107.16841,10.58461],[107.16874,10.58455],[107.16904,10.58412],[107.16891,10.58338],[107.16929,10.58279],[107.16893,10.58184],[107.16916,10.5816],[107.16961,10.58163],[107.16975,10.58123],[107.16925,10.58092],[107.1692,10.58046],[107.16854,10.5805],[107.16788,10.57973],[107.16827,10.57942],[107.16917,10.57961],[107.16979,10.57808],[107.17045,10.57761],[107.17078,10.57653],[107.17131,10.57633],[107.17126,10.57549],[107.17076,10.57579],[107.17021,10.57555],[107.17017,10.57505],[107.17067,10.57443],[107.16957,10.57476],[107.16943,10.57456],[107.17023,10.57368],[107.17021,10.57286],[107.17096,10.57255],[107.1712,10.57221],[107.17093,10.57103],[107.17154,10.57107],[107.17224,10.57195],[107.1727,10.57184],[107.17208,10.57061],[107.17097,10.57013],[107.17089,10.5697],[107.17238,10.56895],[107.17212,10.56822],[107.17227,10.56791],[107.17312,10.56826],[107.17317,10.56741],[107.1736,10.56674],[107.17353,10.56589],[107.17428,10.5648],[107.17401,10.5645],[107.17291,10.56508],[107.17259,10.56486],[107.1727,10.56354],[107.17329,10.56356],[107.17357,10.56331],[107.17321,10.56273],[107.17367,10.56194],[107.1732,10.56186],[107.17348,10.56126],[107.17313,10.56042],[107.17266,10.56037],[107.17293,10.5611],[107.17269,10.56145],[107.17191,10.56038],[107.17196,10.55982],[107.17161,10.55956],[107.17161,10.55988],[107.17132,10.55995],[107.17103,10.55936],[107.17059,10.55966],[107.16966,10.55911],[107.16933,10.55948],[107.16836,10.55941],[107.16847,10.55835],[107.16949,10.55601],[107.16973,10.5549],[107.17154,10.54127],[107.17099,10.5385],[107.17114,10.53493],[107.17006,10.53477],[107.16906,10.53516],[107.16887,10.53489],[107.16775,10.53538],[107.1679,10.53576],[107.16568,10.53656],[107.15737,10.5322],[107.15205,10.53586],[107.15113,10.53606],[107.14807,10.5357],[107.14648,10.54267],[107.14149,10.54822],[107.13274,10.55689],[107.12744,10.55471],[107.12555,10.55449],[107.12139,10.55317],[107.12066,10.55371],[107.12024,10.55437],[107.11871,10.55526],[107.11808,10.55637],[107.11386,10.55657],[107.11441,10.5572],[107.1144,10.55804],[107.11174,10.5599],[107.10862,10.56309],[107.10827,10.56377],[107.10884,10.56545],[107.10465,10.57235],[107.10462,10.57561],[107.10344,10.5769],[107.10276,10.57954],[107.10147,10.58003],[107.09856,10.5799],[107.099,10.58194],[107.10006,10.58456],[107.09793,10.58512],[107.09546,10.58617],[107.09466,10.58814],[107.09469,10.58901],[107.09274,10.59025],[107.0893,10.59627],[107.08697,10.6017],[107.08551,10.60141],[107.08392,10.60264],[107.08392,10.60294],[107.08266,10.60332],[107.08216,10.60401],[107.08129,10.60426],[107.08055,10.60417],[107.07976,10.60471],[107.07783,10.60454],[107.0769,10.60517],[107.07741,10.60584],[107.0772,10.6059],[107.07738,10.6073],[107.07801,10.60961],[107.08188,10.60887],[107.08271,10.61069],[107.08296,10.61231],[107.08271,10.61227],[107.08272,10.61292],[107.08381,10.61301],[107.08364,10.61412],[107.08435,10.61614],[107.08128,10.61734],[107.0819,10.6181],[107.08107,10.62073],[107.08018,10.62081],[107.07923,10.62163],[107.0781,10.62365],[107.07769,10.62376],[107.07878,10.62438],[107.07825,10.62533],[107.07921,10.62603],[107.08002,10.62599],[107.08071,10.62668],[107.08075,10.62738],[107.08267,10.62775],[107.08304,10.62807],[107.08549,10.62807],[107.08761,10.6287],[107.09004,10.62834],[107.09186,10.62834],[107.09427,10.62931]]]}},{"type":"Feature","properties":{"code":"26732","name":"Côn Đảo","fullName":"Đặc khu Côn Đảo","c":[8.70003,106.61018]},"geometry":{"type":"MultiPolygon","coordinates":[[[[106.08914,8.57706],[106.08824,8.57719],[106.08812,8.57789],[106.08846,8.57825],[106.08916,8.57833],[106.08955,8.57809],[106.08961,8.57732],[106.08914,8.57706]]],[[[106.14571,8.60651],[106.14539,8.60632],[106.14468,8.60673],[106.14223,8.6104],[106.14227,8.6109],[106.14533,8.60922],[106.1459,8.60692],[106.14571,8.60651]]],[[[106.55737,8.62806],[106.55674,8.62822],[106.55644,8.62879],[106.55717,8.63013],[106.55789,8.63036],[106.55846,8.62988],[106.55876,8.62898],[106.55854,8.62858],[106.55737,8.62806]]],[[[106.61938,8.63474],[106.61841,8.63467],[106.61706,8.63538],[106.61747,8.63634],[106.61748,8.63809],[106.61777,8.63866],[106.61838,8.639],[106.61963,8.63876],[106.62059,8.63759],[106.61998,8.63547],[106.61938,8.63474]]],[[[106.63474,8.63742],[106.63672,8.63741],[106.63701,8.63708],[106.63678,8.63657],[106.63545,8.63675],[106.63449,8.63629],[106.63281,8.63486],[106.63105,8.63286],[106.63026,8.63258],[106.62947,8.63264],[106.62827,8.63557],[106.62716,8.63615],[106.62743,8.63674],[106.62876,8.63678],[106.62911,8.637],[106.62944,8.63781],[106.62946,8.6388],[106.62992,8.63907],[106.63036,8.63907],[106.63144,8.63831],[106.6328,8.63779],[106.63474,8.63742]]],[[[106.62295,8.6381],[106.62262,8.63813],[106.62228,8.63851],[106.62229,8.63928],[106.62269,8.63932],[106.62341,8.63871],[106.6234,8.63822],[106.62295,8.6381]]],[[[106.67577,8.64958],[106.67527,8.64949],[106.67415,8.65037],[106.67396,8.65086],[106.67409,8.65139],[106.67525,8.65189],[106.67588,8.65159],[106.67602,8.65074],[106.67577,8.64958]]],[[[106.55476,8.65873],[106.55567,8.65626],[106.55629,8.65568],[106.55764,8.6552],[106.55882,8.6518],[106.55954,8.65098],[106.56045,8.6505],[106.56127,8.65049],[106.56199,8.65087],[106.56272,8.65207],[106.56325,8.65221],[106.56421,8.65201],[106.56762,8.65047],[106.57438,8.64661],[106.57563,8.64637],[106.57592,8.64557],[106.57586,8.64485],[106.57414,8.64313],[106.57347,8.64146],[106.57296,8.64095],[106.57151,8.64006],[106.57034,8.63964],[106.56818,8.64007],[106.56613,8.63978],[106.56466,8.63877],[106.56107,8.63559],[106.56013,8.63409],[106.55997,8.63329],[106.56033,8.6308],[106.56011,8.63062],[106.5584,8.63057],[106.5581,8.63093],[106.55801,8.63321],[106.55747,8.63422],[106.55459,8.63541],[106.55387,8.63595],[106.55362,8.63657],[106.55432,8.63893],[106.55373,8.64198],[106.55369,8.64692],[106.55339,8.64746],[106.55294,8.64761],[106.55231,8.64737],[106.55009,8.64501],[106.54951,8.64455],[106.54872,8.64444],[106.54764,8.64628],[106.54678,8.64686],[106.54546,8.64721],[106.54395,8.6471],[106.54343,8.64675],[106.54263,8.64664],[106.54216,8.64693],[106.54185,8.64728],[106.54034,8.65205],[106.54025,8.65808],[106.54084,8.661],[106.54147,8.66146],[106.54338,8.66122],[106.5458,8.66041],[106.54804,8.6581],[106.5485,8.65799],[106.54908,8.65839],[106.54995,8.66074],[106.55025,8.66252],[106.54997,8.66355],[106.55008,8.66476],[106.55199,8.66475],[106.55285,8.66434],[106.5542,8.66313],[106.55463,8.66158],[106.55476,8.65873]]],[[[106.66715,8.68127],[106.67119,8.68121],[106.67191,8.68111],[106.67296,8.68053],[106.67508,8.67851],[106.67719,8.67591],[106.67784,8.67442],[106.68075,8.66947],[106.68153,8.66891],[106.682,8.66899],[106.68225,8.67042],[106.68605,8.67496],[106.68839,8.67342],[106.689,8.6718],[106.69062,8.66953],[106.69145,8.66914],[106.6924,8.6694],[106.6936,8.67073],[106.69488,8.67289],[106.6956,8.67599],[106.69567,8.67888],[106.69577,8.67929],[106.69624,8.67949],[106.69876,8.67825],[106.70054,8.67816],[106.70138,8.67771],[106.70255,8.67651],[106.70328,8.67429],[106.70336,8.67239],[106.7039,8.67153],[106.70564,8.67024],[106.70758,8.67023],[106.70863,8.66941],[106.70941,8.66984],[106.70975,8.66979],[106.71078,8.66802],[106.71088,8.66725],[106.7104,8.66659],[106.70902,8.66632],[106.7055,8.66334],[106.70291,8.66349],[106.70096,8.66264],[106.69764,8.66069],[106.69602,8.66032],[106.69255,8.66236],[106.6882,8.66401],[106.68736,8.66464],[106.68545,8.66685],[106.68452,8.66745],[106.68238,8.66762],[106.68134,8.66722],[106.68042,8.66639],[106.6791,8.66376],[106.67852,8.66098],[106.67867,8.65821],[106.67834,8.65631],[106.67814,8.65587],[106.67778,8.65585],[106.6761,8.6564],[106.67329,8.65785],[106.67224,8.65866],[106.66963,8.66212],[106.66695,8.66783],[106.66375,8.67154],[106.66205,8.67258],[106.66182,8.673],[106.66064,8.677],[106.66111,8.67815],[106.66132,8.67975],[106.66239,8.68089],[106.66402,8.68168],[106.66604,8.68163],[106.66715,8.68127]]],[[[106.5589,8.68324],[106.55676,8.68347],[106.55561,8.68412],[106.55533,8.685],[106.55523,8.68697],[106.55536,8.6879],[106.55585,8.68854],[106.55794,8.68899],[106.55857,8.68851],[106.55997,8.68529],[106.55985,8.68394],[106.55955,8.68351],[106.5589,8.68324]]],[[[106.74145,8.69495],[106.74283,8.69479],[106.74322,8.69461],[106.74354,8.69398],[106.74333,8.69246],[106.7434,8.68887],[106.74331,8.68806],[106.74246,8.68636],[106.74149,8.68328],[106.741,8.68269],[106.74037,8.6826],[106.73986,8.68302],[106.73993,8.68595],[106.73972,8.68628],[106.73876,8.68662],[106.73583,8.68848],[106.73375,8.68772],[106.73348,8.68808],[106.73451,8.69073],[106.73527,8.69157],[106.73676,8.69455],[106.74035,8.69881],[106.74128,8.69875],[106.74167,8.69809],[106.7413,8.69596],[106.74145,8.69495]]],[[[106.54484,8.70894],[106.54728,8.7091],[106.54861,8.70867],[106.54916,8.70804],[106.5491,8.70743],[106.54738,8.70471],[106.54626,8.70367],[106.54472,8.70356],[106.53943,8.70475],[106.53749,8.70537],[106.53682,8.70571],[106.53661,8.70616],[106.53696,8.70874],[106.53751,8.70941],[106.53813,8.70973],[106.53955,8.70986],[106.54267,8.7096],[106.54484,8.70894]]],[[[106.55046,8.70951],[106.55013,8.70993],[106.55039,8.71163],[106.55068,8.71194],[106.55091,8.71188],[106.55131,8.71109],[106.55134,8.71034],[106.55102,8.70979],[106.55046,8.70951]]],[[[106.58838,8.73522],[106.58699,8.73501],[106.5851,8.73525],[106.58426,8.73585],[106.58432,8.73652],[106.58555,8.73733],[106.58726,8.73772],[106.58876,8.73774],[106.5893,8.73715],[106.58934,8.73592],[106.58838,8.73522]]],[[[106.65746,8.75975],[106.65789,8.75951],[106.65885,8.75955],[106.66241,8.7605],[106.66419,8.76044],[106.66462,8.75991],[106.66404,8.75781],[106.66413,8.75728],[106.66456,8.75694],[106.66725,8.7566],[106.66893,8.75549],[106.66965,8.75424],[106.67017,8.75252],[106.66958,8.75089],[106.66833,8.74937],[106.66541,8.74718],[106.66318,8.7465],[106.66127,8.74657],[106.66105,8.74718],[106.66143,8.74887],[106.66128,8.74925],[106.661,8.74949],[106.66013,8.7495],[106.6598,8.74978],[106.65965,8.75026],[106.65985,8.75198],[106.65957,8.75294],[106.65909,8.75342],[106.65823,8.75371],[106.65577,8.75377],[106.6551,8.75358],[106.65359,8.75147],[106.65269,8.74964],[106.65243,8.74654],[106.65306,8.74503],[106.65456,8.74517],[106.65493,8.74544],[106.65531,8.74636],[106.65531,8.74765],[106.65565,8.74813],[106.65647,8.74793],[106.65695,8.7475],[106.65744,8.74625],[106.65676,8.74456],[106.65688,8.74406],[106.65881,8.74328],[106.66116,8.74279],[106.6649,8.73981],[106.66499,8.73905],[106.66368,8.73604],[106.66367,8.73465],[106.66328,8.73336],[106.66203,8.73236],[106.66164,8.73184],[106.66135,8.73069],[106.66101,8.7305],[106.65663,8.73066],[106.65293,8.73015],[106.65129,8.73025],[106.64635,8.73209],[106.64476,8.73215],[106.64332,8.73177],[106.64201,8.73015],[106.63879,8.72416],[106.63764,8.7205],[106.63724,8.71797],[106.63742,8.71491],[106.6379,8.71309],[106.63877,8.71188],[106.64571,8.70813],[106.65011,8.7041],[106.65501,8.70038],[106.65702,8.69741],[106.65807,8.69712],[106.65922,8.6961],[106.65998,8.69452],[106.65998,8.69366],[106.65964,8.69294],[106.65895,8.69283],[106.65804,8.69322],[106.65628,8.69327],[106.65269,8.6918],[106.65164,8.69181],[106.65118,8.69212],[106.64857,8.6955],[106.64618,8.69723],[106.64397,8.69834],[106.63859,8.69932],[106.63604,8.70048],[106.63398,8.70011],[106.63277,8.6993],[106.63002,8.6964],[106.6296,8.69539],[106.62896,8.69207],[106.62749,8.68973],[106.62736,8.68794],[106.6269,8.6877],[106.62656,8.68779],[106.6258,8.68928],[106.62336,8.69192],[106.61941,8.69017],[106.61671,8.68851],[106.60952,8.68203],[106.60884,8.6817],[106.60658,8.68137],[106.60519,8.68076],[106.6034,8.67918],[106.60118,8.67671],[106.59891,8.67354],[106.5975,8.67043],[106.59748,8.66707],[106.60145,8.66343],[106.60443,8.65653],[106.60861,8.6519],[106.6104,8.64898],[106.61344,8.64147],[106.61354,8.64032],[106.61278,8.63993],[106.60986,8.63973],[106.60766,8.63984],[106.6032,8.64151],[106.5996,8.64379],[106.59802,8.64441],[106.59387,8.645],[106.58939,8.64614],[106.58662,8.64544],[106.58614,8.64553],[106.58521,8.64625],[106.58425,8.64652],[106.58368,8.64638],[106.58295,8.64557],[106.58106,8.64498],[106.57793,8.64514],[106.57682,8.64557],[106.57646,8.64608],[106.57674,8.64673],[106.58025,8.64696],[106.58083,8.64729],[106.5808,8.64833],[106.57972,8.64953],[106.57455,8.65253],[106.57152,8.65575],[106.56846,8.66093],[106.56686,8.66193],[106.56616,8.66271],[106.56535,8.66683],[106.56253,8.6731],[106.5618,8.67452],[106.56039,8.67482],[106.55975,8.67567],[106.55989,8.6763],[106.56065,8.67675],[106.56096,8.67743],[106.56122,8.68005],[106.56063,8.68121],[106.56061,8.68185],[106.56257,8.68228],[106.56503,8.68468],[106.5667,8.68747],[106.56786,8.68843],[106.56866,8.69162],[106.56888,8.69227],[106.56924,8.69252],[106.57245,8.69186],[106.57404,8.69113],[106.57461,8.69117],[106.57513,8.69357],[106.5771,8.69696],[106.57751,8.6983],[106.57829,8.70428],[106.57918,8.70651],[106.58038,8.70672],[106.58145,8.70524],[106.58372,8.70477],[106.58459,8.70498],[106.58549,8.70555],[106.58622,8.70648],[106.58658,8.70659],[106.58921,8.70604],[106.59008,8.70636],[106.59073,8.70775],[106.59067,8.71034],[106.59039,8.71217],[106.58907,8.71468],[106.58897,8.71626],[106.59092,8.71994],[106.5929,8.72132],[106.59378,8.72462],[106.5945,8.725],[106.59786,8.72503],[106.59911,8.72421],[106.60007,8.72392],[106.60108,8.72397],[106.60166,8.72444],[106.60287,8.72659],[106.60456,8.72754],[106.60991,8.72972],[106.61073,8.73057],[106.61107,8.73129],[106.61146,8.73359],[106.61214,8.7343],[106.61334,8.73458],[106.61642,8.73366],[106.61819,8.73212],[106.619,8.73073],[106.6202,8.73053],[106.62093,8.73101],[106.62368,8.73406],[106.62485,8.73717],[106.62471,8.73927],[106.62279,8.74009],[106.62217,8.74105],[106.62208,8.74191],[106.62242,8.74263],[106.62338,8.74344],[106.62632,8.74448],[106.62748,8.74462],[106.62974,8.74604],[106.63437,8.7477],[106.63596,8.74874],[106.63905,8.75222],[106.64055,8.75298],[106.64199,8.75336],[106.64642,8.75329],[106.64902,8.75385],[106.65036,8.75442],[106.65229,8.75614],[106.6538,8.75824],[106.65602,8.76062],[106.65669,8.76066],[106.65717,8.76033],[106.65746,8.75975]]],[[[106.7207,8.77751],[106.71952,8.77755],[106.7187,8.77834],[106.71964,8.77874],[106.72049,8.77851],[106.72095,8.77812],[106.72095,8.77764],[106.7207,8.77751]]]]}},{"type":"Feature","properties":{"code":"26737","name":"Tân Định","fullName":"Phường Tân Định","c":[10.79122,106.69391]},"geometry":{"type":"Polygon","coordinates":[[[106.69459,10.78577],[106.68614,10.79253],[106.68633,10.7932],[106.68507,10.79451],[106.68483,10.79618],[106.68508,10.79674],[106.68549,10.79694],[106.68604,10.7968],[106.68689,10.79516],[106.6873,10.79485],[106.68908,10.79555],[106.69096,10.79579],[106.69269,10.79484],[106.69432,10.79491],[106.69456,10.79379],[106.69488,10.79346],[106.69922,10.79355],[106.70343,10.79273],[106.69602,10.78462],[106.69459,10.78577]]]}},{"type":"Feature","properties":{"code":"26740","name":"Sài Gòn","fullName":"Phường Sài Gòn","c":[10.78091,106.70417]},"geometry":{"type":"Polygon","coordinates":[[[106.70113,10.77097],[106.69908,10.77579],[106.69497,10.77959],[106.69808,10.78289],[106.69602,10.78462],[106.70343,10.79273],[106.70562,10.7921],[106.70661,10.79144],[106.70763,10.78896],[106.70879,10.7877],[106.70977,10.78742],[106.71239,10.78782],[106.71352,10.78708],[106.71526,10.78525],[106.71414,10.78501],[106.71327,10.78445],[106.71138,10.78297],[106.71027,10.78156],[106.70906,10.7787],[106.70859,10.77693],[106.70809,10.77152],[106.70845,10.76949],[106.70552,10.76894],[106.70347,10.7679],[106.70265,10.76723],[106.70113,10.77097]]]}},{"type":"Feature","properties":{"code":"26743","name":"Bến Thành","fullName":"Phường Bến Thành","c":[10.77072,106.69451]},"geometry":{"type":"Polygon","coordinates":[[[106.70135,10.7706],[106.70265,10.76723],[106.70115,10.76528],[106.69824,10.76342],[106.69549,10.768],[106.69267,10.76491],[106.69078,10.76418],[106.6895,10.76616],[106.68449,10.76839],[106.69497,10.77959],[106.69908,10.77579],[106.70135,10.7706]]]}},{"type":"Feature","properties":{"code":"26758","name":"Cầu Ông Lãnh","fullName":"Phường Cầu Ông Lãnh","c":[10.76189,106.68927]},"geometry":{"type":"Polygon","coordinates":[[[106.69267,10.76491],[106.69549,10.768],[106.69824,10.76342],[106.69566,10.76013],[106.69181,10.75769],[106.68704,10.75333],[106.68663,10.75435],[106.68514,10.75658],[106.68165,10.76543],[106.68449,10.76839],[106.6895,10.76616],[106.69078,10.76418],[106.69267,10.76491]]]}},{"type":"Feature","properties":{"code":"26767","name":"An Phú Đông","fullName":"Phường An Phú Đông","c":[10.86249,106.6931]},"geometry":{"type":"Polygon","coordinates":[[[106.69382,10.87494],[106.69623,10.87183],[106.69831,10.86971],[106.70174,10.8673],[106.70322,10.86689],[106.71046,10.86645],[106.71301,10.8658],[106.71419,10.86509],[106.71567,10.8638],[106.71694,10.86193],[106.71821,10.85726],[106.71794,10.85541],[106.71709,10.8541],[106.71557,10.8524],[106.71364,10.85139],[106.71085,10.85106],[106.70682,10.85163],[106.70444,10.8517],[106.70071,10.85098],[106.6991,10.85008],[106.69827,10.84858],[106.69786,10.84665],[106.69781,10.8446],[106.69822,10.84313],[106.7002,10.84068],[106.70282,10.8391],[106.70108,10.83782],[106.70044,10.83541],[106.70002,10.83485],[106.69889,10.83412],[106.6961,10.83296],[106.69514,10.83084],[106.69436,10.83023],[106.6934,10.82999],[106.6924,10.83049],[106.69099,10.8326],[106.69113,10.83418],[106.69073,10.83601],[106.68896,10.8388],[106.68874,10.84039],[106.68923,10.84346],[106.68821,10.84602],[106.68761,10.8468],[106.68686,10.84723],[106.68606,10.84732],[106.68394,10.84698],[106.683,10.84767],[106.68294,10.84841],[106.68438,10.85066],[106.68414,10.85144],[106.68278,10.8517],[106.67928,10.85084],[106.6781,10.85108],[106.67586,10.85204],[106.67576,10.85302],[106.67664,10.85566],[106.67635,10.85829],[106.67704,10.86022],[106.67695,10.86116],[106.6788,10.86765],[106.67758,10.86906],[106.67703,10.87036],[106.6768,10.87461],[106.67694,10.87572],[106.67984,10.88235],[106.68182,10.88548],[106.68369,10.88682],[106.68491,10.88823],[106.68587,10.89061],[106.68816,10.894],[106.68909,10.89627],[106.68909,10.89733],[106.68842,10.90063],[106.68799,10.90128],[106.68883,10.90169],[106.69049,10.90325],[106.69267,10.90427],[106.69412,10.8988],[106.6944,10.89697],[106.6943,10.8948],[106.6937,10.89321],[106.69199,10.89003],[106.69048,10.88799],[106.68933,10.88588],[106.68887,10.88333],[106.68914,10.88175],[106.69006,10.87981],[106.69382,10.87494]]]}},{"type":"Feature","properties":{"code":"26773","name":"Thới An","fullName":"Phường Thới An","c":[10.87911,106.66611]},"geometry":{"type":"Polygon","coordinates":[[[106.67953,10.90354],[106.67981,10.90329],[106.68158,10.89846],[106.68509,10.89973],[106.68799,10.90128],[106.68844,10.90056],[106.68909,10.89749],[106.68909,10.89627],[106.68797,10.8936],[106.68587,10.89061],[106.68491,10.88823],[106.68369,10.88682],[106.68182,10.88548],[106.67984,10.88235],[106.67694,10.87572],[106.6768,10.87461],[106.67703,10.87036],[106.67758,10.86906],[106.6788,10.86765],[106.67695,10.86116],[106.67704,10.86022],[106.67635,10.85829],[106.67664,10.85566],[106.67576,10.85302],[106.67507,10.85495],[106.67508,10.85738],[106.67422,10.85839],[106.67346,10.86018],[106.67287,10.86065],[106.67086,10.85974],[106.66921,10.85803],[106.66895,10.85826],[106.66796,10.85755],[106.66705,10.85596],[106.6656,10.85635],[106.66502,10.85594],[106.6629,10.85548],[106.66114,10.85587],[106.65876,10.85788],[106.6582,10.85793],[106.65741,10.85762],[106.65683,10.85774],[106.65559,10.8588],[106.65381,10.85932],[106.65312,10.86046],[106.65271,10.86073],[106.65234,10.86075],[106.65087,10.85984],[106.64993,10.8608],[106.64977,10.86131],[106.64878,10.88097],[106.64714,10.8901],[106.64689,10.89478],[106.64943,10.89533],[106.65122,10.89489],[106.65229,10.89489],[106.65254,10.89423],[106.65248,10.89324],[106.65328,10.89175],[106.65725,10.89245],[106.66278,10.893],[106.66344,10.89297],[106.66622,10.89193],[106.66886,10.89158],[106.66917,10.89229],[106.66928,10.89393],[106.66971,10.89413],[106.67042,10.89652],[106.67068,10.90117],[106.67361,10.90176],[106.67953,10.90354]]]}},{"type":"Feature","properties":{"code":"26782","name":"Tân Thới Hiệp","fullName":"Phường Tân Thới Hiệp","c":[10.87464,106.6397]},"geometry":{"type":"Polygon","coordinates":[[[106.64692,10.89451],[106.64714,10.8901],[106.64878,10.88097],[106.64977,10.86131],[106.64993,10.8608],[106.65087,10.85984],[106.64999,10.8591],[106.64879,10.85889],[106.64717,10.85809],[106.64651,10.85606],[106.64641,10.85453],[106.64605,10.85419],[106.645,10.8543],[106.64433,10.85303],[106.64296,10.85216],[106.64095,10.85281],[106.64111,10.85386],[106.63978,10.85431],[106.63939,10.85376],[106.63854,10.85434],[106.63934,10.85656],[106.6376,10.85562],[106.63728,10.8561],[106.63274,10.85882],[106.63191,10.85973],[106.63094,10.86006],[106.63196,10.86124],[106.63421,10.86497],[106.63682,10.87044],[106.63081,10.8741],[106.62671,10.87518],[106.62559,10.87677],[106.62482,10.87715],[106.62787,10.88118],[106.62537,10.88298],[106.62525,10.88334],[106.62909,10.88624],[106.63125,10.89118],[106.6318,10.89174],[106.64027,10.89192],[106.64265,10.89245],[106.64288,10.89349],[106.64333,10.89389],[106.64602,10.89418],[106.64656,10.89434],[106.64682,10.89477],[106.64692,10.89451]]]}},{"type":"Feature","properties":{"code":"26785","name":"Trung Mỹ Tây","fullName":"Phường Trung Mỹ Tây","c":[10.86,106.62253]},"geometry":{"type":"Polygon","coordinates":[[[106.61924,10.87101],[106.62482,10.87715],[106.62559,10.87677],[106.62671,10.87518],[106.63081,10.8741],[106.63682,10.87044],[106.63421,10.86497],[106.63196,10.86124],[106.63094,10.86006],[106.63191,10.85973],[106.63274,10.85882],[106.63728,10.8561],[106.6376,10.85562],[106.63054,10.8518],[106.62052,10.84707],[106.61534,10.84271],[106.60725,10.8553],[106.61551,10.86738],[106.61742,10.86899],[106.61924,10.87101]]]}},{"type":"Feature","properties":{"code":"26791","name":"Đông Hưng Thuận","fullName":"Phường Đông Hưng Thuận","c":[10.83557,106.62207]},"geometry":{"type":"Polygon","coordinates":[[[106.62903,10.82611],[106.62345,10.8192],[106.62129,10.81835],[106.6194,10.81808],[106.61771,10.81905],[106.61622,10.81901],[106.61449,10.8211],[106.61192,10.8217],[106.60931,10.82291],[106.60768,10.82324],[106.60452,10.82525],[106.60387,10.82612],[106.6033,10.82629],[106.60427,10.82967],[106.60806,10.83601],[106.6192,10.84613],[106.621,10.84734],[106.63054,10.8518],[106.63934,10.85656],[106.63854,10.85434],[106.63939,10.85376],[106.63978,10.85431],[106.64111,10.85386],[106.64095,10.85281],[106.64296,10.85216],[106.64287,10.85112],[106.64136,10.84965],[106.63985,10.84902],[106.63507,10.84521],[106.63385,10.84488],[106.6336,10.84341],[106.63364,10.84123],[106.63342,10.84093],[106.63239,10.84054],[106.63217,10.84017],[106.63228,10.83926],[106.63294,10.83807],[106.63218,10.83735],[106.63197,10.83678],[106.63272,10.83518],[106.63267,10.83402],[106.63111,10.82974],[106.63003,10.82748],[106.62903,10.82611]]]}},{"type":"Feature","properties":{"code":"26800","name":"Linh Xuân","fullName":"Phường Linh Xuân","c":[10.86851,106.77499]},"geometry":{"type":"Polygon","coordinates":[[[106.75178,10.86387],[106.75191,10.86608],[106.75228,10.86626],[106.75447,10.86682],[106.75471,10.86635],[106.75574,10.86639],[106.75754,10.86709],[106.75957,10.86689],[106.76234,10.86727],[106.76298,10.86832],[106.76341,10.86988],[106.76258,10.87045],[106.7622,10.87112],[106.76039,10.87238],[106.76175,10.87439],[106.76132,10.87453],[106.76187,10.87573],[106.7614,10.87851],[106.76197,10.87872],[106.76053,10.88126],[106.76182,10.88255],[106.76378,10.88382],[106.76413,10.8849],[106.76454,10.88488],[106.76465,10.88628],[106.76511,10.88683],[106.76534,10.88775],[106.76601,10.88845],[106.76687,10.89154],[106.76768,10.89167],[106.76726,10.89257],[106.76841,10.89233],[106.76841,10.8936],[106.76955,10.89385],[106.77007,10.89297],[106.77083,10.8923],[106.77125,10.89116],[106.77556,10.88714],[106.77672,10.88501],[106.78054,10.88146],[106.78105,10.8802],[106.78129,10.87952],[106.78122,10.87808],[106.78191,10.87752],[106.78203,10.87684],[106.78191,10.87429],[106.78155,10.87316],[106.78092,10.87215],[106.78101,10.87181],[106.78071,10.87175],[106.77996,10.8684],[106.78318,10.86745],[106.78885,10.86716],[106.78777,10.86797],[106.78795,10.87006],[106.78893,10.87195],[106.79215,10.87197],[106.79218,10.8725],[106.79372,10.87251],[106.79386,10.87282],[106.79491,10.87354],[106.79777,10.87311],[106.79795,10.87225],[106.79819,10.87198],[106.79868,10.87205],[106.80131,10.87358],[106.80347,10.87353],[106.80444,10.87373],[106.80506,10.87437],[106.8053,10.87512],[106.80759,10.87398],[106.80859,10.87304],[106.80589,10.86948],[106.80358,10.86734],[106.77685,10.85149],[106.77402,10.84911],[106.77327,10.84955],[106.77438,10.85175],[106.77294,10.8545],[106.77157,10.85397],[106.76992,10.85412],[106.76799,10.85487],[106.76708,10.85542],[106.76614,10.85646],[106.76412,10.85713],[106.76165,10.8605],[106.76093,10.86098],[106.75898,10.85858],[106.75734,10.85762],[106.75685,10.85663],[106.75536,10.85509],[106.75466,10.85325],[106.7549,10.85128],[106.75308,10.84867],[106.7519,10.84955],[106.75096,10.84897],[106.75123,10.84956],[106.75084,10.85011],[106.75116,10.85066],[106.75007,10.85141],[106.75114,10.85317],[106.75184,10.85501],[106.75166,10.8589],[106.75178,10.86387]]]}},{"type":"Feature","properties":{"code":"26803","name":"Tam Bình","fullName":"Phường Tam Bình","c":[10.87224,106.73306]},"geometry":{"type":"Polygon","coordinates":[[[106.74368,10.88081],[106.74622,10.87721],[106.74844,10.87511],[106.74866,10.87461],[106.74507,10.87344],[106.74729,10.86954],[106.74789,10.86928],[106.74789,10.8682],[106.74887,10.86845],[106.74979,10.86606],[106.75024,10.86616],[106.75063,10.86563],[106.75171,10.86637],[106.75191,10.86608],[106.75166,10.8589],[106.75083,10.85938],[106.74863,10.85882],[106.7481,10.8597],[106.74691,10.85967],[106.74641,10.86016],[106.74347,10.85998],[106.74226,10.85818],[106.74217,10.85624],[106.74247,10.85573],[106.74232,10.85451],[106.74207,10.85373],[106.74166,10.8533],[106.7418,10.85232],[106.7406,10.8495],[106.74103,10.8479],[106.74099,10.84675],[106.74019,10.84647],[106.74009,10.84569],[106.73931,10.84515],[106.73893,10.84606],[106.73791,10.84713],[106.73514,10.8484],[106.73436,10.84922],[106.73422,10.84971],[106.73442,10.85151],[106.73506,10.85364],[106.7345,10.85517],[106.73338,10.85544],[106.73192,10.85512],[106.73119,10.85549],[106.73062,10.85783],[106.72978,10.85855],[106.72943,10.86085],[106.72827,10.86135],[106.72694,10.86158],[106.72681,10.86346],[106.72632,10.86466],[106.72654,10.86476],[106.72623,10.86576],[106.72653,10.86596],[106.72674,10.86695],[106.72678,10.86845],[106.72712,10.86882],[106.72697,10.86932],[106.726,10.86961],[106.72576,10.87017],[106.72463,10.87141],[106.72345,10.87174],[106.72349,10.8727],[106.72278,10.87321],[106.7221,10.87422],[106.72164,10.87507],[106.7214,10.8764],[106.71611,10.87725],[106.71518,10.87977],[106.71797,10.88081],[106.717,10.88256],[106.71658,10.88471],[106.71739,10.88642],[106.71754,10.88777],[106.71694,10.88799],[106.71559,10.88772],[106.71447,10.88678],[106.71384,10.88751],[106.71448,10.88814],[106.71338,10.88888],[106.71306,10.88942],[106.71312,10.88989],[106.71548,10.89291],[106.7176,10.89642],[106.72047,10.89437],[106.72745,10.89021],[106.72874,10.88835],[106.72874,10.88747],[106.73151,10.88711],[106.73104,10.88588],[106.73669,10.88458],[106.73419,10.88052],[106.73544,10.88025],[106.73608,10.87958],[106.73641,10.88018],[106.737,10.87984],[106.73724,10.88027],[106.73841,10.87942],[106.73964,10.88103],[106.74026,10.8807],[106.74119,10.88133],[106.74315,10.88025],[106.74368,10.88081]]]}},{"type":"Feature","properties":{"code":"26809","name":"Hiệp Bình","fullName":"Phường Hiệp Bình","c":[10.84409,106.72332]},"geometry":{"type":"Polygon","coordinates":[[[106.72623,10.86576],[106.72654,10.86476],[106.72632,10.86466],[106.72681,10.86346],[106.72693,10.86161],[106.72943,10.86085],[106.72978,10.85855],[106.73062,10.85783],[106.7311,10.85558],[106.73195,10.85511],[106.73327,10.85543],[106.73419,10.85538],[106.73476,10.85474],[106.73506,10.85364],[106.73432,10.85082],[106.73439,10.84916],[106.73514,10.8484],[106.73791,10.84713],[106.73893,10.84606],[106.73931,10.84515],[106.74009,10.84569],[106.74019,10.84647],[106.74099,10.84675],[106.74103,10.8479],[106.7406,10.8495],[106.7418,10.85232],[106.74166,10.8533],[106.74207,10.85373],[106.74232,10.85451],[106.74247,10.85573],[106.74217,10.85624],[106.74226,10.85818],[106.74347,10.85998],[106.74641,10.86016],[106.74691,10.85967],[106.7481,10.8597],[106.74863,10.85882],[106.75038,10.85932],[106.75127,10.85927],[106.75166,10.8589],[106.75176,10.85445],[106.74518,10.84269],[106.7441,10.84148],[106.74289,10.84081],[106.73889,10.8398],[106.73992,10.83557],[106.73892,10.83532],[106.73774,10.83449],[106.73602,10.83241],[106.73302,10.82748],[106.72966,10.82415],[106.72566,10.82203],[106.72149,10.82067],[106.71831,10.82039],[106.7138,10.8208],[106.7113,10.82248],[106.70977,10.82396],[106.70887,10.82662],[106.70843,10.83301],[106.70721,10.83577],[106.70497,10.83785],[106.7003,10.84059],[106.69828,10.84298],[106.69786,10.84435],[106.69778,10.84549],[106.69824,10.8485],[106.69929,10.85027],[106.70123,10.85112],[106.70499,10.85173],[106.71085,10.85106],[106.71357,10.85136],[106.71557,10.8524],[106.71746,10.85462],[106.71812,10.85598],[106.71821,10.85726],[106.71724,10.86116],[106.71567,10.8638],[106.71328,10.86568],[106.71553,10.86842],[106.71492,10.8725],[106.71628,10.87285],[106.71794,10.87242],[106.71995,10.87233],[106.72143,10.87167],[106.72351,10.87174],[106.7246,10.87143],[106.72576,10.87017],[106.726,10.86961],[106.72687,10.8694],[106.72705,10.86911],[106.72711,10.86877],[106.72678,10.86845],[106.72653,10.86596],[106.72623,10.86576]]]}},{"type":"Feature","properties":{"code":"26824","name":"Thủ Đức","fullName":"Phường Thủ Đức","c":[10.83969,106.7576]},"geometry":{"type":"Polygon","coordinates":[[[106.7492,10.85],[106.75007,10.85141],[106.75116,10.85066],[106.75084,10.85011],[106.75123,10.84956],[106.75096,10.84897],[106.7519,10.84955],[106.75308,10.84867],[106.7549,10.85128],[106.75466,10.85325],[106.75536,10.85509],[106.75685,10.85663],[106.75734,10.85762],[106.75898,10.85858],[106.76093,10.86098],[106.76165,10.8605],[106.76412,10.85713],[106.76614,10.85646],[106.76708,10.85542],[106.76799,10.85487],[106.76992,10.85412],[106.77157,10.85397],[106.77294,10.8545],[106.77438,10.85175],[106.77327,10.84955],[106.77402,10.84911],[106.77177,10.84583],[106.75925,10.82362],[106.75827,10.82009],[106.75698,10.81319],[106.75555,10.81333],[106.75116,10.81298],[106.7515,10.81546],[106.75138,10.82846],[106.7495,10.83185],[106.74753,10.83342],[106.74472,10.83457],[106.74181,10.8354],[106.73992,10.83557],[106.73889,10.8398],[106.74289,10.84081],[106.7441,10.84148],[106.74518,10.84269],[106.7492,10.85]]]}},{"type":"Feature","properties":{"code":"26833","name":"Long Bình","fullName":"Phường Long Bình","c":[10.86176,106.83236]},"geometry":{"type":"Polygon","coordinates":[[[106.81303,10.87912],[106.82368,10.89372],[106.82595,10.89629],[106.82765,10.89729],[106.83943,10.9016],[106.8424,10.89247],[106.84368,10.8844],[106.8441,10.88348],[106.84787,10.88037],[106.85121,10.87588],[106.85075,10.87308],[106.84844,10.86847],[106.84679,10.8658],[106.84668,10.8651],[106.84759,10.8616],[106.84918,10.85737],[106.85123,10.85397],[106.85252,10.8507],[106.85595,10.84345],[106.85746,10.84151],[106.8551,10.8403],[106.8538,10.83706],[106.85316,10.83606],[106.85207,10.83529],[106.84853,10.834],[106.84592,10.83147],[106.84459,10.83081],[106.84314,10.83075],[106.84021,10.83239],[106.83916,10.83269],[106.83849,10.83269],[106.83747,10.83223],[106.83674,10.83108],[106.83576,10.82676],[106.83448,10.82719],[106.83209,10.8269],[106.82937,10.82744],[106.8274,10.82637],[106.82606,10.82596],[106.82277,10.83398],[106.82029,10.83873],[106.81841,10.83994],[106.81647,10.84023],[106.81696,10.84131],[106.80868,10.84899],[106.8137,10.85018],[106.81357,10.8655],[106.81403,10.87008],[106.81139,10.87093],[106.80762,10.87171],[106.81303,10.87912]]]}},{"type":"Feature","properties":{"code":"26842","name":"Tăng Nhơn Phú","fullName":"Phường Tăng Nhơn Phú","c":[10.84237,106.79679]},"geometry":{"type":"Polygon","coordinates":[[[106.81348,10.85957],[106.8137,10.85018],[106.80868,10.84899],[106.81696,10.84131],[106.81647,10.84023],[106.81841,10.83994],[106.82029,10.83873],[106.82277,10.83398],[106.82606,10.82596],[106.82494,10.82562],[106.82435,10.8258],[106.82267,10.82752],[106.82098,10.82862],[106.81999,10.82901],[106.81759,10.82939],[106.81558,10.83072],[106.8139,10.8307],[106.81167,10.83026],[106.80896,10.82817],[106.80675,10.82731],[106.80528,10.82588],[106.80427,10.82537],[106.80411,10.82448],[106.803,10.82309],[106.80308,10.82113],[106.80288,10.82061],[106.80186,10.82097],[106.79903,10.82108],[106.79792,10.8199],[106.79443,10.81823],[106.79273,10.81651],[106.78995,10.81499],[106.78743,10.81467],[106.78835,10.81596],[106.78849,10.81653],[106.78822,10.81835],[106.78735,10.81924],[106.788,10.82015],[106.78789,10.82077],[106.78736,10.82157],[106.78661,10.82241],[106.78567,10.82282],[106.78383,10.8243],[106.78374,10.82523],[106.7813,10.82727],[106.78168,10.82771],[106.7773,10.83093],[106.77375,10.83405],[106.77373,10.83437],[106.77106,10.83511],[106.77126,10.83942],[106.7707,10.83891],[106.77036,10.83917],[106.77082,10.83978],[106.77067,10.83999],[106.76906,10.84104],[106.77177,10.84583],[106.77385,10.84894],[106.7759,10.85083],[106.80358,10.86734],[106.80589,10.86948],[106.80762,10.87171],[106.81139,10.87093],[106.81403,10.87008],[106.81357,10.8655],[106.81348,10.85957]]]}},{"type":"Feature","properties":{"code":"26848","name":"Phước Long","fullName":"Phường Phước Long","c":[10.81791,106.77502]},"geometry":{"type":"Polygon","coordinates":[[[106.77036,10.83917],[106.7707,10.83891],[106.77126,10.83942],[106.77106,10.83511],[106.77373,10.83437],[106.77375,10.83405],[106.7773,10.83093],[106.78168,10.82771],[106.7813,10.82727],[106.78374,10.82523],[106.78383,10.8243],[106.78567,10.82282],[106.78661,10.82241],[106.78762,10.82123],[106.78798,10.82],[106.78735,10.81924],[106.78822,10.81835],[106.78849,10.81653],[106.78835,10.81596],[106.78743,10.81467],[106.78988,10.81497],[106.79026,10.81344],[106.79343,10.80789],[106.79329,10.80528],[106.78981,10.80469],[106.78939,10.80432],[106.78891,10.80214],[106.78848,10.80136],[106.7869,10.80048],[106.78481,10.80072],[106.78266,10.79956],[106.78193,10.79865],[106.78217,10.79744],[106.78191,10.79544],[106.78145,10.79453],[106.78113,10.79441],[106.77678,10.80899],[106.77489,10.80777],[106.77312,10.80756],[106.77244,10.8076],[106.77041,10.80841],[106.7671,10.80823],[106.76555,10.80894],[106.76467,10.80984],[106.76418,10.81091],[106.76384,10.81322],[106.76235,10.81446],[106.7607,10.81447],[106.75926,10.81376],[106.75698,10.81319],[106.75857,10.82147],[106.75949,10.82413],[106.76906,10.84104],[106.77067,10.83999],[106.77082,10.83978],[106.77036,10.83917]]]}},{"type":"Feature","properties":{"code":"26857","name":"Long Phước","fullName":"Phường Long Phước","c":[10.80682,106.85006]},"geometry":{"type":"Polygon","coordinates":[[[106.86637,10.83191],[106.87153,10.82591],[106.87752,10.81963],[106.87906,10.81739],[106.88143,10.81309],[106.88204,10.81008],[106.88195,10.80765],[106.88157,10.80597],[106.88109,10.80478],[106.87958,10.80231],[106.87821,10.80067],[106.87024,10.79424],[106.86626,10.7904],[106.86558,10.7894],[106.8651,10.78716],[106.8655,10.78481],[106.8671,10.78233],[106.86967,10.7797],[106.87074,10.77812],[106.87159,10.77571],[106.87158,10.77277],[106.87126,10.7687],[106.87033,10.76708],[106.86916,10.76606],[106.86751,10.76521],[106.86516,10.76475],[106.86385,10.76491],[106.86218,10.76578],[106.86057,10.76746],[106.85844,10.77069],[106.85539,10.77318],[106.85407,10.77394],[106.84982,10.77493],[106.84644,10.775],[106.84403,10.77445],[106.84117,10.77304],[106.83906,10.77568],[106.8374,10.77712],[106.83473,10.77866],[106.83361,10.77991],[106.83312,10.781],[106.83306,10.78171],[106.83365,10.7835],[106.83438,10.78427],[106.83519,10.78465],[106.83646,10.78472],[106.8376,10.78428],[106.84299,10.78059],[106.84444,10.78072],[106.84529,10.78196],[106.84401,10.7823],[106.84353,10.78271],[106.84097,10.78972],[106.83738,10.79341],[106.8388,10.7996],[106.83834,10.80238],[106.83577,10.80626],[106.83329,10.80759],[106.83205,10.80799],[106.82568,10.80712],[106.82179,10.8062],[106.81717,10.80548],[106.81342,10.81392],[106.81041,10.81751],[106.80799,10.82438],[106.80736,10.82577],[106.8064,10.82706],[106.80896,10.82817],[106.81154,10.83021],[106.8139,10.8307],[106.81549,10.83074],[106.81759,10.82939],[106.81999,10.82901],[106.82098,10.82862],[106.82275,10.82745],[106.82408,10.82597],[106.82494,10.82562],[106.8274,10.82637],[106.82937,10.82744],[106.83209,10.8269],[106.83448,10.82719],[106.83576,10.82676],[106.83674,10.83108],[106.83747,10.83223],[106.83849,10.83269],[106.83916,10.83269],[106.84021,10.83239],[106.84314,10.83075],[106.84399,10.83069],[106.84523,10.83107],[106.84656,10.83198],[106.84853,10.834],[106.85207,10.83529],[106.85316,10.83606],[106.8538,10.83706],[106.8551,10.8403],[106.85746,10.84151],[106.86221,10.8367],[106.86637,10.83191]]]}},{"type":"Feature","properties":{"code":"26860","name":"Long Trường","fullName":"Phường Long Trường","c":[10.79341,106.81234]},"geometry":{"type":"Polygon","coordinates":[[[106.80926,10.82075],[106.81041,10.81751],[106.81342,10.81392],[106.81717,10.80548],[106.82179,10.8062],[106.82568,10.80712],[106.83169,10.80798],[106.83329,10.80759],[106.83594,10.80608],[106.83834,10.80238],[106.8387,10.80043],[106.8388,10.7996],[106.83738,10.79341],[106.84097,10.78972],[106.84353,10.78271],[106.84401,10.7823],[106.84529,10.78196],[106.84444,10.78072],[106.84336,10.78049],[106.84229,10.78091],[106.83699,10.78456],[106.83519,10.78465],[106.83438,10.78427],[106.83365,10.7835],[106.83305,10.78139],[106.83361,10.77991],[106.83473,10.77866],[106.8374,10.77712],[106.83906,10.77568],[106.84117,10.77304],[106.83623,10.7698],[106.83511,10.76872],[106.83189,10.765],[106.82963,10.76117],[106.82867,10.7603],[106.82776,10.75985],[106.82591,10.75956],[106.82442,10.75982],[106.82349,10.76068],[106.82297,10.76194],[106.8229,10.76394],[106.8234,10.76623],[106.824,10.76768],[106.8253,10.76981],[106.82609,10.77279],[106.82622,10.77418],[106.82582,10.77609],[106.82519,10.77769],[106.82425,10.7791],[106.82288,10.78023],[106.82143,10.78072],[106.82021,10.78081],[106.81678,10.78002],[106.81428,10.77833],[106.81001,10.77468],[106.80724,10.77592],[106.80428,10.77616],[106.80256,10.7749],[106.80099,10.77587],[106.79873,10.77604],[106.79832,10.77653],[106.79793,10.77821],[106.7974,10.77867],[106.79653,10.77882],[106.7912,10.77843],[106.78968,10.77859],[106.78683,10.78025],[106.78448,10.78129],[106.78377,10.78201],[106.7839,10.78256],[106.78491,10.78353],[106.78714,10.78489],[106.78675,10.79068],[106.78161,10.79041],[106.78162,10.7926],[106.78113,10.79441],[106.78159,10.79472],[106.78197,10.79567],[106.78217,10.79745],[106.78193,10.79865],[106.78295,10.79978],[106.78454,10.80061],[106.78507,10.80074],[106.7869,10.80048],[106.78848,10.80136],[106.78891,10.80214],[106.78939,10.80432],[106.78981,10.80469],[106.79329,10.80528],[106.79343,10.80789],[106.79026,10.81344],[106.78988,10.81497],[106.79282,10.81657],[106.79463,10.81837],[106.7981,10.82002],[106.79897,10.82106],[106.80186,10.82097],[106.80288,10.82061],[106.80308,10.82113],[106.80292,10.82252],[106.80307,10.82324],[106.80411,10.82448],[106.80427,10.82537],[106.80528,10.82588],[106.8064,10.82706],[106.80736,10.82577],[106.80926,10.82075]]]}},{"type":"Feature","properties":{"code":"26876","name":"An Nhơn","fullName":"Phường An Nhơn","c":[10.83585,106.68756]},"geometry":{"type":"Polygon","coordinates":[[[106.6844,10.85078],[106.68408,10.84996],[106.68294,10.84841],[106.683,10.84767],[106.68394,10.84698],[106.6861,10.84733],[106.68691,10.84721],[106.6877,10.84671],[106.68834,10.84579],[106.68923,10.84346],[106.68877,10.8407],[106.68878,10.83947],[106.68901,10.8387],[106.69073,10.83601],[106.69113,10.83418],[106.69099,10.8326],[106.6924,10.83049],[106.69358,10.83],[106.69436,10.83023],[106.6952,10.83091],[106.69947,10.83043],[106.69987,10.83016],[106.69961,10.82869],[106.7007,10.82825],[106.70106,10.82709],[106.69912,10.82569],[106.6986,10.82413],[106.69865,10.82337],[106.68904,10.8209],[106.68807,10.82294],[106.68652,10.82416],[106.68885,10.82581],[106.69061,10.82756],[106.68523,10.83312],[106.68439,10.83449],[106.68212,10.83351],[106.68009,10.83856],[106.67846,10.84074],[106.6766,10.84196],[106.67843,10.84707],[106.67882,10.85097],[106.6796,10.85081],[106.6832,10.85172],[106.68396,10.8516],[106.6844,10.85078]]]}},{"type":"Feature","properties":{"code":"26878","name":"An Hội Đông","fullName":"Phường An Hội Đông","c":[10.85013,106.66693]},"geometry":{"type":"Polygon","coordinates":[[[106.67461,10.85804],[106.67515,10.8571],[106.67506,10.85501],[106.67583,10.85262],[106.6757,10.85067],[106.67693,10.8487],[106.6755,10.84777],[106.67391,10.84563],[106.67259,10.84296],[106.67106,10.8414],[106.67052,10.8386],[106.66524,10.83865],[106.66532,10.83972],[106.66492,10.84086],[106.66466,10.84287],[106.66478,10.84498],[106.66253,10.84543],[106.66035,10.84629],[106.66041,10.84698],[106.65689,10.84769],[106.65616,10.85068],[106.65597,10.85482],[106.65572,10.85517],[106.65635,10.85571],[106.65641,10.85636],[106.65706,10.85765],[106.65836,10.85795],[106.6593,10.85758],[106.66082,10.85611],[106.66175,10.85564],[106.66342,10.85553],[106.66502,10.85594],[106.6656,10.85635],[106.66705,10.85596],[106.66796,10.85755],[106.66895,10.85826],[106.66921,10.85803],[106.67041,10.85942],[106.67269,10.86066],[106.67344,10.86022],[106.67422,10.85839],[106.67461,10.85804]]]}},{"type":"Feature","properties":{"code":"26882","name":"An Hội Tây","fullName":"Phường An Hội Tây","c":[10.83908,106.63973]},"geometry":{"type":"Polygon","coordinates":[[[106.65596,10.85454],[106.65612,10.85144],[106.65088,10.84955],[106.64012,10.84434],[106.64716,10.83929],[106.64259,10.82824],[106.64139,10.82866],[106.64146,10.82892],[106.64113,10.8291],[106.63815,10.82996],[106.63238,10.83304],[106.6328,10.83468],[106.63197,10.83681],[106.63218,10.83735],[106.63294,10.83805],[106.63228,10.83926],[106.63217,10.84017],[106.63239,10.84054],[106.63342,10.84093],[106.63364,10.84123],[106.6336,10.84341],[106.63385,10.84488],[106.63507,10.84521],[106.63985,10.84902],[106.6415,10.84976],[106.64281,10.851],[106.64296,10.85216],[106.64433,10.85303],[106.64498,10.85428],[106.64621,10.85427],[106.64717,10.85809],[106.64879,10.85889],[106.64999,10.8591],[106.65136,10.86017],[106.65234,10.86075],[106.65271,10.86073],[106.65312,10.86046],[106.65381,10.85932],[106.65559,10.8588],[106.65706,10.85765],[106.65641,10.85636],[106.65635,10.85571],[106.65572,10.85517],[106.65596,10.85454]]]}},{"type":"Feature","properties":{"code":"26884","name":"Gò Vấp","fullName":"Phường Gò Vấp","c":[10.83576,106.67334]},"geometry":{"type":"Polygon","coordinates":[[[106.67774,10.85121],[106.67882,10.85097],[106.67852,10.84751],[106.6766,10.84196],[106.67846,10.84074],[106.68009,10.83856],[106.68212,10.83351],[106.67818,10.83065],[106.67757,10.83086],[106.68019,10.82637],[106.67794,10.82717],[106.67784,10.82692],[106.67746,10.82703],[106.67434,10.8262],[106.67318,10.82794],[106.67044,10.82717],[106.66814,10.82835],[106.66615,10.82844],[106.66396,10.83062],[106.66358,10.83072],[106.66399,10.8335],[106.66468,10.83531],[106.66524,10.83865],[106.67052,10.8386],[106.67106,10.8414],[106.67259,10.84296],[106.67391,10.84563],[106.6755,10.84777],[106.67693,10.8487],[106.67571,10.85061],[106.67586,10.85204],[106.67774,10.85121]]]}},{"type":"Feature","properties":{"code":"26890","name":"Hạnh Thông","fullName":"Phường Hạnh Thông","c":[10.82131,106.68276]},"geometry":{"type":"Polygon","coordinates":[[[106.69042,10.8155],[106.68928,10.81505],[106.68879,10.81546],[106.68859,10.81654],[106.68766,10.81492],[106.68501,10.81391],[106.68474,10.81347],[106.68528,10.81282],[106.68519,10.8116],[106.68417,10.8108],[106.68398,10.80999],[106.6821,10.8108],[106.68165,10.81051],[106.68112,10.81076],[106.68073,10.81101],[106.68097,10.81151],[106.68039,10.81195],[106.6786,10.81208],[106.67855,10.81128],[106.6783,10.81129],[106.67685,10.81217],[106.676,10.8112],[106.67277,10.81415],[106.67367,10.81462],[106.67458,10.81473],[106.67502,10.81511],[106.67597,10.81486],[106.67612,10.81512],[106.67572,10.81528],[106.67556,10.81661],[106.67419,10.81797],[106.67484,10.81834],[106.67322,10.82231],[106.67528,10.82366],[106.67665,10.82408],[106.67826,10.82514],[106.67863,10.82563],[106.67858,10.82615],[106.67784,10.82692],[106.67794,10.82717],[106.68019,10.82637],[106.67757,10.83086],[106.67818,10.83065],[106.68168,10.83325],[106.68439,10.83449],[106.68523,10.83312],[106.69061,10.82756],[106.68885,10.82581],[106.68652,10.82416],[106.68807,10.82294],[106.68904,10.8209],[106.6935,10.822],[106.69435,10.8199],[106.69258,10.81936],[106.69276,10.81836],[106.69349,10.81767],[106.69211,10.81733],[106.69218,10.81701],[106.69149,10.81681],[106.69148,10.8165],[106.69058,10.81593],[106.69064,10.81558],[106.69042,10.8155]]]}},{"type":"Feature","properties":{"code":"26898","name":"Thông Tây Hội","fullName":"Phường Thông Tây Hội","c":[10.84173,106.65486]},"geometry":{"type":"Polygon","coordinates":[[[106.66486,10.83673],[106.66468,10.83531],[106.66399,10.8335],[106.66365,10.83099],[106.66342,10.83074],[106.66275,10.8313],[106.66186,10.83141],[106.6607,10.83239],[106.65936,10.83303],[106.65736,10.83491],[106.65724,10.83532],[106.65555,10.83583],[106.65559,10.83601],[106.6522,10.83662],[106.64674,10.8367],[106.6463,10.83736],[106.64716,10.83929],[106.64012,10.84434],[106.65088,10.84955],[106.65612,10.85144],[106.65689,10.84769],[106.66041,10.84698],[106.66035,10.84629],[106.66253,10.84543],[106.66478,10.84498],[106.66466,10.84287],[106.66533,10.83951],[106.66486,10.83673]]]}},{"type":"Feature","properties":{"code":"26905","name":"Bình Lợi Trung","fullName":"Phường Bình Lợi Trung","c":[10.82251,106.69994]},"geometry":{"type":"Polygon","coordinates":[[[106.69042,10.8155],[106.69064,10.81558],[106.69058,10.81593],[106.69148,10.8165],[106.69149,10.81681],[106.69218,10.81701],[106.69211,10.81733],[106.69349,10.81767],[106.69276,10.81836],[106.69258,10.81936],[106.69435,10.8199],[106.69346,10.82217],[106.69865,10.82337],[106.6986,10.82413],[106.69912,10.82569],[106.69988,10.8264],[106.70104,10.82701],[106.7007,10.82825],[106.69962,10.82866],[106.69994,10.82988],[106.69968,10.83035],[106.6952,10.83091],[106.6959,10.83267],[106.6964,10.83316],[106.69889,10.83412],[106.7001,10.83493],[106.70044,10.83541],[106.70096,10.83756],[106.70132,10.83806],[106.70283,10.8391],[106.70387,10.83858],[106.70682,10.83624],[106.70814,10.83395],[106.70863,10.83168],[106.70888,10.82659],[106.70982,10.82384],[106.7113,10.82248],[106.71356,10.82101],[106.71241,10.8196],[106.71179,10.81807],[106.71045,10.81708],[106.70981,10.81733],[106.70841,10.81956],[106.70739,10.81845],[106.70516,10.81705],[106.7049,10.81642],[106.70395,10.81642],[106.70356,10.81663],[106.70324,10.81794],[106.70298,10.8182],[106.70095,10.81719],[106.6996,10.81757],[106.69869,10.81834],[106.69794,10.8176],[106.69781,10.81685],[106.69523,10.81561],[106.69519,10.81184],[106.69549,10.81117],[106.6951,10.8103],[106.69509,10.80833],[106.69277,10.80969],[106.69199,10.81083],[106.69103,10.8112],[106.69033,10.81082],[106.68778,10.80791],[106.68706,10.80643],[106.68705,10.80525],[106.68444,10.80643],[106.68386,10.8071],[106.68421,10.80867],[106.68393,10.80972],[106.68417,10.8108],[106.68523,10.81178],[106.68528,10.81282],[106.68477,10.81364],[106.68519,10.81403],[106.68766,10.81492],[106.68859,10.81654],[106.68879,10.81546],[106.68928,10.81505],[106.69042,10.8155]]]}},{"type":"Feature","properties":{"code":"26911","name":"Bình Quới","fullName":"Phường Bình Quới","c":[10.82123,106.73835]},"geometry":{"type":"Polygon","coordinates":[[[106.74095,10.83559],[106.74472,10.83457],[106.74779,10.83326],[106.7495,10.83185],[106.75138,10.82846],[106.7515,10.81546],[106.75116,10.81298],[106.74997,10.8113],[106.74836,10.80968],[106.7459,10.80862],[106.74327,10.8084],[106.74007,10.80922],[106.73762,10.81087],[106.73632,10.81307],[106.73521,10.81672],[106.73429,10.81833],[106.73289,10.81936],[106.73157,10.81977],[106.72918,10.81912],[106.72611,10.81722],[106.72358,10.81414],[106.72259,10.81187],[106.72217,10.80977],[106.72087,10.81012],[106.71525,10.81747],[106.71464,10.81852],[106.71392,10.82078],[106.71831,10.82039],[106.72053,10.82049],[106.7248,10.82169],[106.72863,10.82349],[106.731,10.82534],[106.73302,10.82748],[106.73602,10.83241],[106.73777,10.83452],[106.73934,10.83551],[106.74095,10.83559]]]}},{"type":"Feature","properties":{"code":"26929","name":"Bình Thạnh","fullName":"Phường Bình Thạnh","c":[10.81094,106.70491]},"geometry":{"type":"Polygon","coordinates":[[[106.71392,10.82078],[106.71476,10.81822],[106.71753,10.81432],[106.71211,10.80937],[106.71162,10.80784],[106.71139,10.80283],[106.7036,10.8034],[106.70157,10.80384],[106.69799,10.80245],[106.69491,10.80283],[106.6951,10.8103],[106.69549,10.81117],[106.69519,10.81184],[106.69523,10.81561],[106.69781,10.81685],[106.69794,10.8176],[106.69869,10.81834],[106.6996,10.81757],[106.70095,10.81719],[106.70298,10.8182],[106.70324,10.81794],[106.70356,10.81663],[106.70395,10.81642],[106.7049,10.81642],[106.70516,10.81705],[106.70739,10.81845],[106.70841,10.81956],[106.70981,10.81733],[106.71045,10.81708],[106.71179,10.81807],[106.71241,10.8196],[106.71356,10.82101],[106.71392,10.82078]]]}},{"type":"Feature","properties":{"code":"26944","name":"Gia Định","fullName":"Phường Gia Định","c":[10.8,106.69953]},"geometry":{"type":"Polygon","coordinates":[[[106.69074,10.80336],[106.6879,10.80372],[106.68849,10.80564],[106.68705,10.80621],[106.68816,10.80847],[106.69033,10.81082],[106.69103,10.8112],[106.69199,10.81083],[106.69277,10.80969],[106.69509,10.80833],[106.69491,10.80283],[106.69799,10.80245],[106.70157,10.80384],[106.7036,10.8034],[106.71139,10.80283],[106.7108,10.79761],[106.70993,10.79544],[106.70635,10.79165],[106.70451,10.79245],[106.69975,10.79349],[106.69773,10.79365],[106.69485,10.79346],[106.69456,10.79379],[106.69435,10.7949],[106.69273,10.79483],[106.69159,10.79553],[106.69194,10.79603],[106.69201,10.79722],[106.69202,10.79778],[106.6918,10.7978],[106.69178,10.80029],[106.69246,10.80048],[106.69237,10.80102],[106.69199,10.80099],[106.69222,10.80229],[106.69195,10.80321],[106.69074,10.80336]]]}},{"type":"Feature","properties":{"code":"26956","name":"Thạnh Mỹ Tây","fullName":"Phường Thạnh Mỹ Tây","c":[10.79806,106.7176]},"geometry":{"type":"Polygon","coordinates":[[[106.72217,10.80977],[106.72311,10.80618],[106.7271,10.80021],[106.72708,10.7986],[106.72746,10.79811],[106.72739,10.79685],[106.72672,10.79456],[106.72666,10.79329],[106.72625,10.79226],[106.7241,10.78902],[106.72317,10.78807],[106.72255,10.78809],[106.72038,10.78656],[106.71754,10.78559],[106.71526,10.78525],[106.71352,10.78708],[106.71239,10.78782],[106.70977,10.78742],[106.70879,10.7877],[106.70766,10.78892],[106.70695,10.7909],[106.70635,10.79165],[106.70993,10.79544],[106.71069,10.79725],[106.71134,10.80163],[106.71162,10.80784],[106.71211,10.80937],[106.71753,10.81432],[106.72047,10.8105],[106.72111,10.81],[106.72217,10.80977]]]}},{"type":"Feature","properties":{"code":"26968","name":"Tân Sơn Nhất","fullName":"Phường Tân Sơn Nhất","c":[10.79493,106.65837]},"geometry":{"type":"Polygon","coordinates":[[[106.6614,10.80583],[106.66159,10.80805],[106.66282,10.80795],[106.66285,10.80844],[106.66332,10.80838],[106.66335,10.80863],[106.66368,10.80861],[106.66363,10.80783],[106.6646,10.80777],[106.66443,10.80517],[106.66357,10.80265],[106.65937,10.79885],[106.66106,10.79626],[106.66081,10.79616],[106.65927,10.79335],[106.66089,10.7921],[106.6617,10.79176],[106.66351,10.79159],[106.66617,10.79071],[106.66681,10.79018],[106.66674,10.78958],[106.66612,10.78937],[106.66505,10.79015],[106.66477,10.79009],[106.66519,10.78866],[106.66428,10.7871],[106.66075,10.78897],[106.66016,10.78801],[106.65924,10.78728],[106.65694,10.78463],[106.6568,10.7852],[106.65419,10.78448],[106.65248,10.79027],[106.65262,10.79146],[106.65335,10.79291],[106.65176,10.79375],[106.65465,10.7965],[106.65416,10.79703],[106.65426,10.79793],[106.65547,10.79876],[106.65374,10.79895],[106.65392,10.80135],[106.65749,10.80106],[106.65762,10.80215],[106.65713,10.80244],[106.65726,10.80346],[106.65861,10.8034],[106.6588,10.80531],[106.66046,10.80478],[106.66023,10.80415],[106.66095,10.80394],[106.6614,10.80583]]]}},{"type":"Feature","properties":{"code":"26977","name":"Tân Sơn Hoà","fullName":"Phường Tân Sơn Hoà","c":[10.80607,106.66616]},"geometry":{"type":"Polygon","coordinates":[[[106.66743,10.81645],[106.66754,10.81612],[106.66982,10.81691],[106.66983,10.81626],[106.67419,10.81797],[106.67556,10.81661],[106.67572,10.81528],[106.67612,10.81512],[106.67597,10.81486],[106.67502,10.81511],[106.67458,10.81473],[106.67367,10.81462],[106.67266,10.81408],[106.67232,10.81363],[106.67207,10.8125],[106.67215,10.81088],[106.67241,10.81069],[106.67163,10.80935],[106.6707,10.80984],[106.67066,10.8087],[106.67122,10.80867],[106.67122,10.80825],[106.67068,10.80765],[106.66998,10.80772],[106.6699,10.80685],[106.66946,10.80669],[106.66884,10.80215],[106.66754,10.80029],[106.66989,10.79891],[106.66979,10.79862],[106.66913,10.79889],[106.6689,10.79872],[106.66904,10.79817],[106.66847,10.79822],[106.66828,10.79428],[106.66845,10.79416],[106.66581,10.79078],[106.66351,10.79159],[106.6617,10.79176],[106.66089,10.7921],[106.65927,10.79335],[106.66081,10.79616],[106.66106,10.79626],[106.65937,10.79885],[106.66202,10.80105],[106.66364,10.80278],[106.66443,10.80517],[106.66475,10.8094],[106.66158,10.80976],[106.66167,10.81184],[106.66142,10.81232],[106.66178,10.81607],[106.6606,10.81714],[106.66061,10.81743],[106.66634,10.81959],[106.66743,10.81645]]]}},{"type":"Feature","properties":{"code":"26983","name":"Bảy Hiền","fullName":"Phường Bảy Hiền","c":[10.79224,106.64856]},"geometry":{"type":"Polygon","coordinates":[[[106.65465,10.7965],[106.65176,10.79375],[106.65335,10.79291],[106.65262,10.79146],[106.65248,10.79027],[106.65121,10.78629],[106.65074,10.78352],[106.65013,10.78215],[106.64976,10.77715],[106.64803,10.77478],[106.64332,10.78139],[106.64162,10.78597],[106.64342,10.78669],[106.64284,10.78915],[106.64584,10.79692],[106.64692,10.79635],[106.64697,10.79653],[106.648,10.80927],[106.65325,10.80891],[106.65255,10.80148],[106.65392,10.80136],[106.65374,10.79895],[106.65547,10.79876],[106.65426,10.79793],[106.65416,10.79703],[106.65465,10.7965]]]}},{"type":"Feature","properties":{"code":"26995","name":"Tân Hoà","fullName":"Phường Tân Hoà","c":[10.78087,106.65475]},"geometry":{"type":"Polygon","coordinates":[[[106.65402,10.78507],[106.65419,10.78448],[106.6568,10.7852],[106.65694,10.78463],[106.65924,10.78728],[106.66016,10.78801],[106.66075,10.78897],[106.66462,10.78691],[106.65642,10.77809],[106.65598,10.77818],[106.65591,10.77843],[106.65335,10.77578],[106.65234,10.76891],[106.65198,10.76902],[106.65095,10.77036],[106.64803,10.77478],[106.64976,10.77715],[106.65013,10.78215],[106.65074,10.78352],[106.65135,10.78685],[106.65248,10.79027],[106.65402,10.78507]]]}},{"type":"Feature","properties":{"code":"27004","name":"Tân Bình","fullName":"Phường Tân Bình","c":[10.80068,106.64219]},"geometry":{"type":"Polygon","coordinates":[[[106.64767,10.80919],[106.648,10.80927],[106.64811,10.80886],[106.64697,10.79653],[106.64692,10.79635],[106.64584,10.79692],[106.64284,10.78915],[106.64342,10.78669],[106.64162,10.78597],[106.63826,10.79583],[106.63668,10.8019],[106.63602,10.80311],[106.63466,10.80746],[106.63617,10.80626],[106.64011,10.80805],[106.64089,10.80881],[106.64148,10.80986],[106.64437,10.81099],[106.64493,10.81026],[106.6454,10.81002],[106.64534,10.80977],[106.64767,10.80919]]]}},{"type":"Feature","properties":{"code":"27007","name":"Tân Sơn","fullName":"Phường Tân Sơn","c":[10.82083,106.65077]},"geometry":{"type":"Polygon","coordinates":[[[106.65223,10.80898],[106.64662,10.8094],[106.64534,10.80977],[106.6454,10.81002],[106.64493,10.81026],[106.64437,10.81099],[106.64148,10.80986],[106.64089,10.80881],[106.64011,10.80805],[106.63617,10.80626],[106.63466,10.80746],[106.63005,10.82233],[106.62955,10.82316],[106.6279,10.82467],[106.63006,10.82754],[106.63238,10.83304],[106.63815,10.82996],[106.64113,10.8291],[106.64146,10.82892],[106.64139,10.82866],[106.64259,10.82824],[106.6463,10.83736],[106.64674,10.8367],[106.6522,10.83662],[106.65559,10.83601],[106.65555,10.83583],[106.65724,10.83532],[106.65736,10.83491],[106.65924,10.83311],[106.6607,10.83239],[106.66186,10.83141],[106.66275,10.8313],[106.66342,10.83074],[106.66396,10.83062],[106.66615,10.82844],[106.66814,10.82835],[106.67044,10.82717],[106.67318,10.82794],[106.67434,10.8262],[106.67746,10.82703],[106.67858,10.82615],[106.67863,10.82563],[106.67811,10.82503],[106.67665,10.82408],[106.67528,10.82366],[106.67322,10.82231],[106.67484,10.81834],[106.67419,10.81797],[106.6699,10.81627],[106.66967,10.81666],[106.66982,10.81691],[106.66754,10.81612],[106.66634,10.81959],[106.66061,10.81743],[106.6606,10.81714],[106.66178,10.81607],[106.66142,10.81232],[106.66167,10.81184],[106.66158,10.80976],[106.66475,10.8094],[106.6646,10.80777],[106.66363,10.80783],[106.66368,10.80861],[106.66335,10.80863],[106.66332,10.80838],[106.66285,10.80844],[106.66282,10.80795],[106.66159,10.80805],[106.6614,10.80583],[106.66095,10.80394],[106.66023,10.80415],[106.66046,10.80478],[106.6588,10.80531],[106.65861,10.8034],[106.65726,10.80346],[106.65713,10.80244],[106.65762,10.80215],[106.65749,10.80106],[106.65255,10.80148],[106.65325,10.80891],[106.65223,10.80898]]]}},{"type":"Feature","properties":{"code":"27013","name":"Tây Thạnh","fullName":"Phường Tây Thạnh","c":[10.81271,106.6221]},"geometry":{"type":"Polygon","coordinates":[[[106.62129,10.81835],[106.62345,10.8192],[106.6279,10.82467],[106.62955,10.82316],[106.6303,10.82167],[106.63578,10.80383],[106.6328,10.8035],[106.63153,10.80498],[106.63062,10.80555],[106.6217,10.80751],[106.61501,10.8093],[106.60986,10.80324],[106.60736,10.80793],[106.6079,10.81288],[106.6119,10.81679],[106.61622,10.81901],[106.61771,10.81905],[106.6194,10.81808],[106.62129,10.81835]]]}},{"type":"Feature","properties":{"code":"27019","name":"Tân Sơn Nhì","fullName":"Phường Tân Sơn Nhì","c":[10.80092,106.62403]},"geometry":{"type":"Polygon","coordinates":[[[106.6374,10.79894],[106.63828,10.79578],[106.63783,10.79313],[106.63041,10.79433],[106.62729,10.79577],[106.61415,10.79571],[106.60986,10.80324],[106.61501,10.8093],[106.6217,10.80751],[106.63062,10.80555],[106.63153,10.80498],[106.6328,10.8035],[106.63578,10.80383],[106.63668,10.8019],[106.6374,10.79894]]]}},{"type":"Feature","properties":{"code":"27022","name":"Phú Thọ Hoà","fullName":"Phường Phú Thọ Hoà","c":[10.78916,106.62696]},"geometry":{"type":"Polygon","coordinates":[[[106.63425,10.79371],[106.63783,10.79313],[106.63603,10.78171],[106.63427,10.78065],[106.62869,10.78217],[106.62079,10.78469],[106.61875,10.78457],[106.61619,10.79126],[106.61415,10.79571],[106.62729,10.79577],[106.63041,10.79433],[106.63425,10.79371]]]}},{"type":"Feature","properties":{"code":"27028","name":"Phú Thạnh","fullName":"Phường Phú Thạnh","c":[10.77282,106.62735]},"geometry":{"type":"Polygon","coordinates":[[[106.62405,10.76263],[106.62157,10.77375],[106.62147,10.77654],[106.61875,10.78457],[106.62079,10.78469],[106.62869,10.78217],[106.63427,10.78065],[106.63603,10.78171],[106.63577,10.7802],[106.63499,10.77806],[106.63252,10.77395],[106.63182,10.77027],[106.63176,10.76863],[106.6325,10.7634],[106.6326,10.76053],[106.63418,10.75899],[106.63373,10.75821],[106.63261,10.75883],[106.63178,10.75896],[106.63058,10.75981],[106.6298,10.75974],[106.62957,10.76019],[106.62715,10.76052],[106.62569,10.76045],[106.62476,10.76072],[106.62405,10.76263]]]}},{"type":"Feature","properties":{"code":"27031","name":"Tân Phú","fullName":"Phường Tân Phú","c":[10.77665,106.63811]},"geometry":{"type":"Polygon","coordinates":[[[106.63673,10.78652],[106.63828,10.79578],[106.64311,10.7818],[106.64769,10.77524],[106.64489,10.77518],[106.64401,10.77483],[106.63922,10.77041],[106.63771,10.76937],[106.63757,10.76899],[106.63559,10.76956],[106.63573,10.76284],[106.63509,10.76015],[106.63418,10.75899],[106.6326,10.76053],[106.6325,10.7634],[106.63176,10.76863],[106.63182,10.77027],[106.63217,10.77269],[106.63265,10.77427],[106.63488,10.77784],[106.63571,10.77999],[106.63673,10.78652]]]}},{"type":"Feature","properties":{"code":"27043","name":"Đức Nhuận","fullName":"Phường Đức Nhuận","c":[10.80555,106.67704]},"geometry":{"type":"Polygon","coordinates":[[[106.67593,10.81128],[106.67685,10.81217],[106.6783,10.81129],[106.67855,10.81128],[106.6786,10.81208],[106.68039,10.81195],[106.68097,10.81151],[106.68073,10.81101],[106.68112,10.81076],[106.68165,10.81051],[106.6821,10.8108],[106.68398,10.80999],[106.68421,10.80867],[106.68389,10.80702],[106.68444,10.80643],[106.68679,10.80532],[106.68705,10.80525],[106.68705,10.80621],[106.68849,10.80564],[106.6879,10.80372],[106.68577,10.80398],[106.68519,10.80385],[106.68027,10.79919],[106.66754,10.80029],[106.66884,10.80215],[106.66946,10.80669],[106.6699,10.80685],[106.66998,10.80772],[106.67068,10.80765],[106.67122,10.80825],[106.67122,10.80867],[106.67066,10.8087],[106.6707,10.80984],[106.67163,10.80935],[106.67241,10.81069],[106.67215,10.81088],[106.67207,10.8125],[106.67232,10.81363],[106.67266,10.81408],[106.67593,10.81128]]]}},{"type":"Feature","properties":{"code":"27058","name":"Cầu Kiệu","fullName":"Phường Cầu Kiệu","c":[10.79863,106.68541]},"geometry":{"type":"Polygon","coordinates":[[[106.69039,10.8034],[106.69195,10.80321],[106.69221,10.80244],[106.69199,10.80099],[106.69237,10.80102],[106.69246,10.80048],[106.69178,10.80029],[106.6918,10.7978],[106.69202,10.79778],[106.69201,10.79722],[106.69194,10.79603],[106.69159,10.79553],[106.6908,10.7958],[106.68938,10.79561],[106.6873,10.79485],[106.68689,10.79516],[106.68604,10.7968],[106.68522,10.79684],[106.68483,10.79623],[106.68505,10.79462],[106.68633,10.7932],[106.68614,10.79253],[106.68196,10.79582],[106.68,10.79296],[106.67787,10.79422],[106.67759,10.79934],[106.68,10.79917],[106.68049,10.79932],[106.68547,10.80395],[106.69039,10.8034]]]}},{"type":"Feature","properties":{"code":"27073","name":"Phú Nhuận","fullName":"Phường Phú Nhuận","c":[10.79418,106.67296]},"geometry":{"type":"Polygon","coordinates":[[[106.67754,10.79935],[106.67787,10.79422],[106.68133,10.79215],[106.68197,10.79156],[106.6816,10.79114],[106.68105,10.79137],[106.68016,10.79125],[106.67549,10.79026],[106.67437,10.79012],[106.67436,10.79033],[106.67408,10.79028],[106.6738,10.78996],[106.67216,10.78978],[106.672,10.78942],[106.671,10.78929],[106.67064,10.78796],[106.66679,10.7895],[106.66678,10.79025],[106.66591,10.79096],[106.66845,10.79416],[106.66828,10.79428],[106.66847,10.79822],[106.66904,10.79817],[106.6689,10.79872],[106.66913,10.79889],[106.66979,10.79862],[106.66989,10.79891],[106.66771,10.80018],[106.67754,10.79935]]]}},{"type":"Feature","properties":{"code":"27094","name":"An Khánh","fullName":"Phường An Khánh","c":[10.78696,106.73022]},"geometry":{"type":"Polygon","coordinates":[[[106.74801,10.78085],[106.74567,10.77993],[106.74505,10.77947],[106.74422,10.77836],[106.74339,10.77665],[106.74155,10.77744],[106.74019,10.77756],[106.73757,10.77692],[106.73595,10.77581],[106.73541,10.77459],[106.73481,10.77188],[106.73372,10.76393],[106.73329,10.76287],[106.73178,10.7608],[106.7303,10.75996],[106.72616,10.75922],[106.72152,10.75938],[106.71685,10.76131],[106.71313,10.76327],[106.71085,10.76524],[106.70921,10.76769],[106.70819,10.77035],[106.70816,10.7735],[106.70873,10.77766],[106.71027,10.78156],[106.71138,10.78297],[106.71414,10.78501],[106.71754,10.78559],[106.71939,10.78617],[106.7205,10.78663],[106.72255,10.78809],[106.72317,10.78807],[106.7241,10.78902],[106.72652,10.79288],[106.72746,10.79758],[106.72742,10.79833],[106.72708,10.7986],[106.7271,10.80021],[106.72307,10.80626],[106.72214,10.80991],[106.72311,10.81315],[106.72477,10.8158],[106.72645,10.81749],[106.72918,10.81912],[106.73172,10.81976],[106.73289,10.81936],[106.73409,10.81854],[106.73519,10.81677],[106.73631,10.81311],[106.73762,10.81087],[106.74007,10.80922],[106.74227,10.80857],[106.74496,10.80845],[106.74748,10.80922],[106.74836,10.80968],[106.74973,10.81101],[106.75116,10.81298],[106.75555,10.81333],[106.75698,10.81319],[106.75671,10.8105],[106.7543,10.80581],[106.75124,10.80364],[106.74868,10.80293],[106.73653,10.80069],[106.73734,10.79653],[106.73778,10.79661],[106.73865,10.79599],[106.73797,10.79567],[106.73844,10.79544],[106.73784,10.79481],[106.73772,10.79356],[106.73683,10.79375],[106.73647,10.7929],[106.73596,10.79265],[106.73592,10.79223],[106.73748,10.78934],[106.75146,10.79231],[106.7508,10.78944],[106.74954,10.78752],[106.75255,10.78417],[106.75111,10.78329],[106.74944,10.78264],[106.74801,10.78085]]]}},{"type":"Feature","properties":{"code":"27097","name":"Bình Trưng","fullName":"Phường Bình Trưng","c":[10.79317,106.76383]},"geometry":{"type":"Polygon","coordinates":[[[106.744,10.77626],[106.74339,10.77665],[106.74422,10.77836],[106.74505,10.77947],[106.74567,10.77993],[106.74803,10.78086],[106.74944,10.78264],[106.75111,10.78329],[106.75255,10.78417],[106.74954,10.78752],[106.7508,10.78944],[106.75146,10.79231],[106.73748,10.78934],[106.73592,10.79223],[106.73596,10.79265],[106.73647,10.7929],[106.73683,10.79375],[106.73772,10.79356],[106.73784,10.79481],[106.73844,10.79544],[106.73797,10.79567],[106.73865,10.79599],[106.73778,10.79661],[106.73734,10.79653],[106.73653,10.80069],[106.74868,10.80293],[106.75124,10.80364],[106.7543,10.80581],[106.75671,10.8105],[106.75698,10.81319],[106.75926,10.81376],[106.76089,10.81452],[106.76235,10.81446],[106.76364,10.81346],[106.76398,10.81287],[106.76418,10.81091],[106.76467,10.80984],[106.76555,10.80894],[106.76679,10.80831],[106.77041,10.80841],[106.77244,10.8076],[106.77312,10.80756],[106.77489,10.80777],[106.77678,10.80899],[106.78162,10.7926],[106.78161,10.79041],[106.78675,10.79068],[106.78714,10.78489],[106.78491,10.78353],[106.7839,10.78256],[106.78377,10.78201],[106.78448,10.78129],[106.78991,10.77854],[106.78969,10.77791],[106.78961,10.77531],[106.78896,10.77538],[106.78696,10.77665],[106.78588,10.77562],[106.78576,10.77493],[106.78542,10.77473],[106.78187,10.77571],[106.77939,10.77589],[106.77894,10.77566],[106.7778,10.77574],[106.77563,10.77624],[106.77299,10.77608],[106.77305,10.77695],[106.77249,10.77705],[106.77232,10.77803],[106.77236,10.7788],[106.77293,10.7795],[106.77165,10.78064],[106.77124,10.78208],[106.76535,10.78147],[106.76538,10.78182],[106.7651,10.78186],[106.76485,10.78163],[106.76391,10.78158],[106.76349,10.78215],[106.76206,10.78246],[106.76083,10.78241],[106.76063,10.78213],[106.75796,10.78339],[106.75649,10.78285],[106.75504,10.78274],[106.75438,10.78226],[106.75436,10.78137],[106.75339,10.78108],[106.75219,10.77982],[106.75,10.776],[106.74753,10.77356],[106.744,10.77626]]]}},{"type":"Feature","properties":{"code":"27112","name":"Cát Lái","fullName":"Phường Cát Lái","c":[10.76342,106.77262]},"geometry":{"type":"Polygon","coordinates":[[[106.75851,10.783],[106.76063,10.78213],[106.76083,10.78241],[106.76206,10.78246],[106.76349,10.78215],[106.76391,10.78158],[106.76538,10.78182],[106.76535,10.78147],[106.77124,10.78208],[106.77165,10.78064],[106.77293,10.7795],[106.77236,10.7788],[106.77232,10.77803],[106.77249,10.77705],[106.77305,10.77695],[106.77299,10.77608],[106.77563,10.77624],[106.7778,10.77574],[106.77894,10.77566],[106.77939,10.77589],[106.78187,10.77571],[106.78542,10.77473],[106.78576,10.77493],[106.78588,10.77562],[106.78692,10.77664],[106.78896,10.77538],[106.78961,10.77531],[106.78969,10.77791],[106.78991,10.77854],[106.79298,10.77845],[106.79653,10.77882],[106.79786,10.77836],[106.79832,10.77653],[106.79873,10.77604],[106.80099,10.77587],[106.80256,10.7749],[106.80428,10.77616],[106.80648,10.77605],[106.80724,10.77592],[106.81001,10.77468],[106.80569,10.77008],[106.80512,10.76846],[106.80454,10.76546],[106.80377,10.76357],[106.80256,10.76183],[106.80094,10.76014],[106.79911,10.75887],[106.78178,10.7513],[106.77808,10.75009],[106.77372,10.74774],[106.76966,10.74422],[106.76249,10.74454],[106.75882,10.74446],[106.75178,10.7419],[106.7492,10.7418],[106.74667,10.74274],[106.74594,10.74328],[106.74459,10.74543],[106.74424,10.74752],[106.74452,10.74898],[106.74613,10.75292],[106.75178,10.75993],[106.75235,10.76108],[106.75301,10.76408],[106.75178,10.76942],[106.74753,10.77356],[106.75,10.776],[106.75219,10.77982],[106.75339,10.78108],[106.75436,10.78137],[106.75438,10.78226],[106.75504,10.78274],[106.75649,10.78285],[106.75796,10.78339],[106.75851,10.783]]]}},{"type":"Feature","properties":{"code":"27139","name":"Xuân Hoà","fullName":"Phường Xuân Hoà","c":[10.78369,106.68806]},"geometry":{"type":"Polygon","coordinates":[[[106.68614,10.79253],[106.69808,10.78289],[106.68941,10.77362],[106.68371,10.77672],[106.68276,10.7759],[106.68165,10.77784],[106.68166,10.77834],[106.68447,10.78437],[106.68133,10.78592],[106.6833,10.78682],[106.68353,10.78795],[106.68313,10.78852],[106.68195,10.78863],[106.68158,10.78888],[106.68145,10.7907],[106.68197,10.79156],[106.68,10.79296],[106.68196,10.79582],[106.68614,10.79253]]]}},{"type":"Feature","properties":{"code":"27142","name":"Nhiêu Lộc","fullName":"Phường Nhiêu Lộc","c":[10.78555,106.67608]},"geometry":{"type":"Polygon","coordinates":[[[106.68129,10.79126],[106.6816,10.79114],[106.6814,10.79015],[106.68156,10.78891],[106.68192,10.78863],[106.68313,10.78852],[106.68354,10.78788],[106.68329,10.78681],[106.68133,10.78592],[106.68447,10.78437],[106.68166,10.77834],[106.68165,10.77784],[106.66428,10.7871],[106.66519,10.78866],[106.66488,10.79012],[106.66612,10.78937],[106.66674,10.78958],[106.66822,10.78879],[106.67064,10.78796],[106.671,10.78929],[106.672,10.78942],[106.67216,10.78978],[106.6738,10.78996],[106.67408,10.79028],[106.67436,10.79033],[106.67437,10.79012],[106.67524,10.79022],[106.67785,10.79088],[106.68129,10.79126]]]}},{"type":"Feature","properties":{"code":"27154","name":"Bàn Cờ","fullName":"Phường Bàn Cờ","c":[10.77087,106.68199]},"geometry":{"type":"Polygon","coordinates":[[[106.68184,10.77511],[106.68371,10.77672],[106.68941,10.77362],[106.68165,10.76543],[106.6744,10.76769],[106.67579,10.76959],[106.67754,10.77147],[106.68184,10.77511]]]}},{"type":"Feature","properties":{"code":"27163","name":"Hoà Hưng","fullName":"Phường Hoà Hưng","c":[10.77769,106.66961]},"geometry":{"type":"Polygon","coordinates":[[[106.6602,10.78223],[106.66462,10.78691],[106.68165,10.77784],[106.68119,10.77757],[106.67957,10.77495],[106.6734,10.77111],[106.66712,10.76769],[106.66359,10.77642],[106.65886,10.78077],[106.6602,10.78223]]]}},{"type":"Feature","properties":{"code":"27169","name":"Diên Hồng","fullName":"Phường Diên Hồng","c":[10.76885,106.66238]},"geometry":{"type":"Polygon","coordinates":[[[106.65883,10.78073],[106.66359,10.77642],[106.66712,10.76769],[106.66893,10.75991],[106.66152,10.75841],[106.65598,10.77818],[106.65642,10.77809],[106.65883,10.78073]]]}},{"type":"Feature","properties":{"code":"27190","name":"Vườn Lài","fullName":"Phường Vườn Lài","c":[10.76668,106.67389]},"geometry":{"type":"Polygon","coordinates":[[[106.67513,10.76873],[106.6744,10.76769],[106.68165,10.76543],[106.6747,10.76109],[106.66893,10.75991],[106.66712,10.76769],[106.6734,10.77111],[106.67957,10.77495],[106.68119,10.77757],[106.68165,10.77784],[106.68276,10.7759],[106.67754,10.77147],[106.67513,10.76873]]]}},{"type":"Feature","properties":{"code":"27211","name":"Hoà Bình","fullName":"Phường Hoà Bình","c":[10.77017,106.6453]},"geometry":{"type":"Polygon","coordinates":[[[106.64116,10.7722],[106.64439,10.77504],[106.64769,10.77524],[106.65208,10.76896],[106.64645,10.76533],[106.64125,10.76713],[106.6392,10.76837],[106.63757,10.76899],[106.63771,10.76937],[106.63922,10.77041],[106.64116,10.7722]]]}},{"type":"Feature","properties":{"code":"27226","name":"Phú Thọ","fullName":"Phường Phú Thọ","c":[10.76747,106.65436]},"geometry":{"type":"Polygon","coordinates":[[[106.65837,10.7696],[106.65999,10.76383],[106.65082,10.75888],[106.65123,10.76279],[106.64645,10.76533],[106.65187,10.76888],[106.65239,10.76894],[106.65329,10.77567],[106.65591,10.77843],[106.65837,10.7696]]]}},{"type":"Feature","properties":{"code":"27232","name":"Bình Thới","fullName":"Phường Bình Thới","c":[10.7626,106.6422]},"geometry":{"type":"Polygon","coordinates":[[[106.65104,10.76029],[106.65082,10.75888],[106.64927,10.75803],[106.6417,10.75852],[106.64159,10.75897],[106.64137,10.75898],[106.6375,10.7587],[106.63533,10.75778],[106.63418,10.75899],[106.63509,10.76015],[106.63573,10.76284],[106.63559,10.76956],[106.63893,10.76849],[106.64125,10.76713],[106.64638,10.76539],[106.65123,10.76279],[106.65104,10.76029]]]}},{"type":"Feature","properties":{"code":"27238","name":"Minh Phụng","fullName":"Phường Minh Phụng","c":[10.75763,106.64897]},"geometry":{"type":"Polygon","coordinates":[[[106.65952,10.758],[106.65108,10.75632],[106.65073,10.75341],[106.63761,10.75473],[106.63743,10.75535],[106.63533,10.75778],[106.6375,10.7587],[106.64137,10.75898],[106.64159,10.75897],[106.6417,10.75852],[106.64927,10.75803],[106.65999,10.76383],[106.66152,10.75841],[106.65952,10.758]]]}},{"type":"Feature","properties":{"code":"27259","name":"Xóm Chiếu","fullName":"Phường Xóm Chiếu","c":[10.76001,106.71194]},"geometry":{"type":"Polygon","coordinates":[[[106.70934,10.7558],[106.71115,10.75883],[106.70386,10.76329],[106.70119,10.76532],[106.70271,10.7673],[106.70347,10.7679],[106.7056,10.76897],[106.70845,10.76949],[106.71011,10.76608],[106.71307,10.76332],[106.71685,10.76131],[106.72208,10.75928],[106.72137,10.75727],[106.71987,10.75452],[106.71881,10.75339],[106.71745,10.75277],[106.71488,10.75241],[106.70742,10.75244],[106.70934,10.7558]]]}},{"type":"Feature","properties":{"code":"27265","name":"Khánh Hội","fullName":"Phường Khánh Hội","c":[10.7592,106.70402]},"geometry":{"type":"Polygon","coordinates":[[[106.70672,10.75242],[106.7051,10.75239],[106.70505,10.75324],[106.7053,10.75325],[106.70605,10.75616],[106.70119,10.75605],[106.69694,10.76171],[106.69848,10.76364],[106.70119,10.76532],[106.70386,10.76329],[106.71115,10.75883],[106.70742,10.75244],[106.70672,10.75242]]]}},{"type":"Feature","properties":{"code":"27286","name":"Vĩnh Hội","fullName":"Phường Vĩnh Hội","c":[10.75531,106.69638]},"geometry":{"type":"Polygon","coordinates":[[[106.70106,10.75622],[106.70119,10.75605],[106.70605,10.75616],[106.7053,10.75325],[106.70505,10.75324],[106.7051,10.75239],[106.69267,10.75236],[106.69017,10.75201],[106.68663,10.75192],[106.68704,10.75333],[106.68936,10.75565],[106.69226,10.75802],[106.69562,10.76009],[106.69694,10.76171],[106.70106,10.75622]]]}},{"type":"Feature","properties":{"code":"27301","name":"Chợ Quán","fullName":"Phường Chợ Quán","c":[10.75732,106.68074]},"geometry":{"type":"Polygon","coordinates":[[[106.68586,10.75539],[106.68704,10.75333],[106.68663,10.75192],[106.68577,10.75138],[106.68428,10.75092],[106.68378,10.75127],[106.68099,10.752],[106.6773,10.7515],[106.67713,10.75326],[106.67503,10.76128],[106.68165,10.76543],[106.68514,10.75658],[106.68586,10.75539]]]}},{"type":"Feature","properties":{"code":"27316","name":"An Đông","fullName":"Phường An Đông","c":[10.75479,106.67163]},"geometry":{"type":"Polygon","coordinates":[[[106.6773,10.7515],[106.67677,10.75094],[106.67611,10.74948],[106.67491,10.74877],[106.67374,10.7487],[106.66703,10.75005],[106.66632,10.756],[106.66556,10.75924],[106.67503,10.76128],[106.67713,10.75326],[106.6773,10.7515]]]}},{"type":"Feature","properties":{"code":"27343","name":"Chợ Lớn","fullName":"Phường Chợ Lớn","c":[10.75324,106.65908]},"geometry":{"type":"Polygon","coordinates":[[[106.66682,10.75178],[106.66703,10.75005],[106.66601,10.75021],[106.66467,10.75002],[106.65767,10.74761],[106.65504,10.74612],[106.65398,10.74818],[106.65331,10.7507],[106.65329,10.75163],[106.6505,10.75144],[106.65108,10.75632],[106.66556,10.75924],[106.66632,10.756],[106.66682,10.75178]]]}},{"type":"Feature","properties":{"code":"27349","name":"Phú Lâm","fullName":"Phường Phú Lâm","c":[10.75292,106.63043]},"geometry":{"type":"Polygon","coordinates":[[[106.62434,10.76111],[106.62414,10.76202],[106.62445,10.76173],[106.62476,10.76072],[106.62569,10.76045],[106.62715,10.76052],[106.62957,10.76019],[106.6298,10.75974],[106.63058,10.75981],[106.63178,10.75896],[106.63261,10.75883],[106.63373,10.75821],[106.63418,10.75899],[106.63743,10.75535],[106.63759,10.75459],[106.6368,10.75448],[106.63687,10.75414],[106.6385,10.75226],[106.6389,10.7509],[106.63977,10.74923],[106.62311,10.74514],[106.62378,10.74568],[106.62436,10.75559],[106.62525,10.75748],[106.62434,10.76111]]]}},{"type":"Feature","properties":{"code":"27364","name":"Bình Phú","fullName":"Phường Bình Phú","c":[10.73884,106.6288]},"geometry":{"type":"Polygon","coordinates":[[[106.64002,10.74643],[106.63966,10.74528],[106.63538,10.74202],[106.63432,10.74068],[106.63391,10.73873],[106.63478,10.73592],[106.63435,10.73464],[106.63436,10.73352],[106.62767,10.73],[106.62022,10.72661],[106.6212,10.73468],[106.62228,10.73873],[106.62225,10.73899],[106.622,10.73903],[106.62177,10.74138],[106.62311,10.74514],[106.63977,10.74923],[106.64002,10.74643]]]}},{"type":"Feature","properties":{"code":"27367","name":"Bình Tây","fullName":"Phường Bình Tây","c":[10.75073,106.64507]},"geometry":{"type":"Polygon","coordinates":[[[106.64472,10.75404],[106.65073,10.75341],[106.6505,10.75144],[106.65329,10.75163],[106.65331,10.7507],[106.65385,10.74859],[106.64002,10.74643],[106.63962,10.74969],[106.6389,10.7509],[106.6385,10.75226],[106.63711,10.75372],[106.6368,10.75448],[106.63761,10.75473],[106.64472,10.75404]]]}},{"type":"Feature","properties":{"code":"27373","name":"Bình Tiên","fullName":"Phường Bình Tiên","c":[10.74246,106.64295]},"geometry":{"type":"Polygon","coordinates":[[[106.65504,10.74612],[106.64624,10.74103],[106.63436,10.73352],[106.63435,10.73464],[106.63478,10.73592],[106.63391,10.73873],[106.63432,10.74068],[106.63538,10.74202],[106.63966,10.74528],[106.64002,10.74643],[106.65385,10.74859],[106.65504,10.74612]]]}},{"type":"Feature","properties":{"code":"27418","name":"Chánh Hưng","fullName":"Phường Chánh Hưng","c":[10.74344,106.67706]},"geometry":{"type":"Polygon","coordinates":[[[106.69028,10.75202],[106.69036,10.75001],[106.69192,10.74797],[106.6928,10.7458],[106.69276,10.74408],[106.69185,10.74243],[106.69213,10.74142],[106.68697,10.74005],[106.68299,10.73938],[106.68296,10.73847],[106.68199,10.73643],[106.68219,10.73465],[106.68196,10.73455],[106.68148,10.73443],[106.68111,10.73485],[106.68001,10.7351],[106.67969,10.7349],[106.67907,10.7352],[106.67808,10.73502],[106.67808,10.73542],[106.67666,10.7351],[106.67457,10.73617],[106.67416,10.73663],[106.67454,10.73691],[106.67386,10.73751],[106.66597,10.73241],[106.66561,10.73499],[106.66435,10.7374],[106.66375,10.74063],[106.66336,10.74118],[106.66234,10.74132],[106.66151,10.7419],[106.66157,10.74411],[106.66214,10.74595],[106.66287,10.74687],[106.66921,10.74898],[106.66975,10.74948],[106.6713,10.74934],[106.67374,10.7487],[106.67491,10.74877],[106.67606,10.74943],[106.67687,10.75111],[106.67777,10.75168],[106.68113,10.752],[106.68378,10.75127],[106.68431,10.75091],[106.68577,10.75138],[106.68663,10.75192],[106.69028,10.75202]]]}},{"type":"Feature","properties":{"code":"27424","name":"Bình Đông","fullName":"Phường Bình Đông","c":[10.70106,106.61304]},"geometry":{"type":"Polygon","coordinates":[[[106.59453,10.68979],[106.59701,10.69754],[106.59739,10.69972],[106.59732,10.70158],[106.60087,10.70332],[106.60536,10.70459],[106.60838,10.70613],[106.61709,10.7097],[106.62117,10.71075],[106.6238,10.71114],[106.62678,10.71247],[106.62993,10.71498],[106.6316,10.71712],[106.63689,10.72844],[106.63854,10.73059],[106.64112,10.733],[106.64452,10.73484],[106.65378,10.74065],[106.65595,10.74165],[106.65815,10.74234],[106.66166,10.74291],[106.66151,10.7419],[106.66234,10.74132],[106.66336,10.74118],[106.66375,10.74063],[106.66435,10.7374],[106.66561,10.73499],[106.66568,10.7342],[106.66327,10.73391],[106.65953,10.73263],[106.65775,10.73255],[106.65728,10.73196],[106.65609,10.73189],[106.65608,10.73163],[106.65423,10.73163],[106.64928,10.7304],[106.64687,10.72948],[106.64671,10.72898],[106.64556,10.72903],[106.6454,10.72862],[106.64223,10.72771],[106.62769,10.69897],[106.59453,10.68979]]]}},{"type":"Feature","properties":{"code":"27427","name":"Phú Định","fullName":"Phường Phú Định","c":[10.72628,106.63241]},"geometry":{"type":"Polygon","coordinates":[[[106.61365,10.71365],[106.61756,10.71447],[106.61734,10.71493],[106.61895,10.71497],[106.62022,10.72661],[106.62767,10.73],[106.63436,10.73352],[106.64624,10.74103],[106.65693,10.74728],[106.66524,10.75016],[106.66635,10.75018],[106.66975,10.74948],[106.66921,10.74898],[106.66287,10.74687],[106.66204,10.7457],[106.66157,10.74411],[106.66166,10.74291],[106.65815,10.74234],[106.65461,10.74113],[106.64452,10.73484],[106.64112,10.733],[106.63854,10.73059],[106.63689,10.72844],[106.6316,10.71712],[106.62993,10.71498],[106.62678,10.71247],[106.6238,10.71114],[106.62117,10.71075],[106.61709,10.7097],[106.60877,10.70628],[106.60717,10.70841],[106.60379,10.71103],[106.60537,10.71166],[106.61365,10.71365]]]}},{"type":"Feature","properties":{"code":"27439","name":"Bình Hưng Hoà","fullName":"Phường Bình Hưng Hoà","c":[10.79627,106.60555]},"geometry":{"type":"Polygon","coordinates":[[[106.61295,10.82144],[106.61452,10.82108],[106.61622,10.81901],[106.6119,10.81679],[106.6079,10.81288],[106.60736,10.80793],[106.61367,10.79674],[106.61538,10.79319],[106.61853,10.78526],[106.62014,10.78051],[106.6176,10.7802],[106.61479,10.78034],[106.61216,10.78083],[106.61158,10.77868],[106.60859,10.77959],[106.6071,10.77975],[106.60702,10.77923],[106.60681,10.77923],[106.6067,10.77631],[106.6009,10.77638],[106.59309,10.77844],[106.6033,10.82629],[106.60387,10.82612],[106.60452,10.82525],[106.60768,10.82324],[106.60921,10.82295],[106.61145,10.82188],[106.61295,10.82144]]]}},{"type":"Feature","properties":{"code":"27442","name":"Bình Tân","fullName":"Phường Bình Tân","c":[10.79187,106.5888]},"geometry":{"type":"Polygon","coordinates":[[[106.57002,10.76838],[106.57009,10.76855],[106.57191,10.76787],[106.57209,10.7681],[106.57321,10.76795],[106.57553,10.76883],[106.57677,10.77013],[106.5769,10.77115],[106.57766,10.77216],[106.57943,10.77328],[106.58086,10.77491],[106.58191,10.77532],[106.58456,10.77492],[106.58601,10.7754],[106.58683,10.77612],[106.58875,10.77922],[106.58882,10.77993],[106.58825,10.78066],[106.58807,10.78172],[106.58831,10.7842],[106.58915,10.7873],[106.5865,10.78822],[106.58676,10.78979],[106.58562,10.78995],[106.58561,10.79061],[106.58445,10.79075],[106.5846,10.79476],[106.5854,10.79468],[106.58547,10.79573],[106.58432,10.79581],[106.58456,10.79728],[106.58289,10.79731],[106.58347,10.80635],[106.58456,10.80676],[106.58594,10.81281],[106.58487,10.81371],[106.58398,10.81343],[106.58343,10.81353],[106.58294,10.81531],[106.58183,10.81557],[106.58493,10.81821],[106.5904,10.82343],[106.59358,10.8275],[106.60048,10.82611],[106.6033,10.82629],[106.59074,10.76707],[106.59046,10.76481],[106.592,10.7564],[106.58844,10.75688],[106.58624,10.75684],[106.57538,10.7596],[106.56771,10.7629],[106.57002,10.76838]]]}},{"type":"Feature","properties":{"code":"27448","name":"Bình Trị Đông","fullName":"Phường Bình Trị Đông","c":[10.76854,106.60892]},"geometry":{"type":"Polygon","coordinates":[[[106.62434,10.76111],[106.62525,10.75748],[106.62452,10.75596],[106.62137,10.7571],[106.61615,10.7576],[106.61263,10.75823],[106.61007,10.75779],[106.60732,10.75813],[106.6066,10.75796],[106.60394,10.75849],[106.60303,10.75883],[106.6033,10.76181],[106.59871,10.76278],[106.59615,10.76168],[106.59623,10.76235],[106.59194,10.76408],[106.59049,10.76521],[106.59309,10.77844],[106.6009,10.77638],[106.6067,10.77631],[106.60681,10.77923],[106.60702,10.77923],[106.6071,10.77975],[106.60859,10.77959],[106.61158,10.77868],[106.61216,10.78083],[106.61479,10.78034],[106.6176,10.7802],[106.62014,10.78051],[106.62147,10.77654],[106.62157,10.77375],[106.62434,10.76111]]]}},{"type":"Feature","properties":{"code":"27457","name":"Tân Tạo","fullName":"Phường Tân Tạo","c":[10.74433,106.58424]},"geometry":{"type":"Polygon","coordinates":[[[106.56731,10.73447],[106.55879,10.73642],[106.55896,10.73754],[106.55828,10.73947],[106.55932,10.74225],[106.55889,10.74405],[106.55934,10.74602],[106.55913,10.74818],[106.55979,10.74937],[106.562,10.75052],[106.56429,10.7527],[106.5681,10.75504],[106.57031,10.75761],[106.57339,10.7604],[106.57493,10.75973],[106.58624,10.75684],[106.58844,10.75688],[106.592,10.7564],[106.59046,10.76481],[106.59065,10.76524],[106.59194,10.76408],[106.59623,10.76235],[106.59616,10.76167],[106.59871,10.76278],[106.6033,10.76181],[106.60303,10.75883],[106.6066,10.75796],[106.60593,10.7572],[106.60611,10.75481],[106.60581,10.75219],[106.60406,10.75194],[106.6041,10.74544],[106.60201,10.74503],[106.59754,10.74359],[106.60229,10.73598],[106.60269,10.73488],[106.60261,10.73249],[106.60082,10.72206],[106.5969,10.7244],[106.5933,10.72589],[106.58766,10.72777],[106.57748,10.73042],[106.57815,10.7337],[106.57548,10.73249],[106.56731,10.73447]]]}},{"type":"Feature","properties":{"code":"27460","name":"An Lạc","fullName":"Phường An Lạc","c":[10.73594,106.61183]},"geometry":{"type":"Polygon","coordinates":[[[106.61365,10.71365],[106.60537,10.71166],[106.60377,10.71099],[106.60336,10.71176],[106.60376,10.71349],[106.60308,10.71471],[106.60385,10.71621],[106.60408,10.71728],[106.60316,10.71766],[106.60008,10.71794],[106.60261,10.73249],[106.60274,10.73447],[106.60229,10.73598],[106.59754,10.74359],[106.60201,10.74503],[106.6041,10.74544],[106.60406,10.75194],[106.60581,10.75219],[106.60611,10.75481],[106.60593,10.7572],[106.60698,10.75812],[106.61018,10.75779],[106.61263,10.75823],[106.61615,10.7576],[106.62137,10.7571],[106.62443,10.75598],[106.6238,10.7458],[106.62311,10.74514],[106.62177,10.74138],[106.622,10.73903],[106.62225,10.73899],[106.62228,10.73873],[106.62115,10.73441],[106.61895,10.71497],[106.61734,10.71493],[106.61756,10.71447],[106.61365,10.71365]]]}},{"type":"Feature","properties":{"code":"27475","name":"Tân Hưng","fullName":"Phường Tân Hưng","c":[10.73721,106.70469]},"geometry":{"type":"Polygon","coordinates":[[[106.71583,10.75248],[106.71593,10.73835],[106.71486,10.73843],[106.7144,10.73669],[106.71297,10.73487],[106.71242,10.73451],[106.71236,10.73399],[106.71271,10.73307],[106.71661,10.72886],[106.71745,10.72761],[106.71894,10.72391],[106.72088,10.72224],[106.72035,10.72204],[106.71979,10.72139],[106.7188,10.71944],[106.71815,10.71911],[106.71665,10.71916],[106.71276,10.72049],[106.71194,10.72058],[106.70848,10.71983],[106.70788,10.72049],[106.70729,10.72386],[106.70625,10.72487],[106.70483,10.72531],[106.70315,10.72522],[106.69836,10.72424],[106.69392,10.72523],[106.69019,10.72547],[106.69038,10.73047],[106.69093,10.73118],[106.69322,10.73287],[106.69452,10.73492],[106.69499,10.73611],[106.69411,10.73852],[106.6919,10.74193],[106.69185,10.74243],[106.69286,10.74444],[106.69285,10.74549],[106.69192,10.74797],[106.69036,10.75001],[106.69028,10.75202],[106.69123,10.75231],[106.69267,10.75236],[106.71583,10.75248]]]}},{"type":"Feature","properties":{"code":"27478","name":"Tân Thuận","fullName":"Phường Tân Thuận","c":[10.75529,106.73479]},"geometry":{"type":"Polygon","coordinates":[[[106.744,10.77626],[106.74706,10.77399],[106.75178,10.76942],[106.75301,10.76408],[106.75235,10.76108],[106.75178,10.75993],[106.74663,10.7537],[106.74528,10.75116],[106.74424,10.74752],[106.74475,10.74513],[106.73046,10.73751],[106.71593,10.73835],[106.71583,10.75248],[106.71834,10.75308],[106.71943,10.75399],[106.72107,10.75662],[106.72208,10.75928],[106.72616,10.75922],[106.72793,10.75942],[106.7303,10.75996],[106.73178,10.7608],[106.73329,10.76287],[106.73381,10.7642],[106.73413,10.76794],[106.73481,10.77188],[106.73541,10.77459],[106.73627,10.77611],[106.73761,10.77694],[106.7404,10.77757],[106.74215,10.77726],[106.744,10.77626]]]}},{"type":"Feature","properties":{"code":"27484","name":"Phú Thuận","fullName":"Phường Phú Thuận","c":[10.72718,106.7467]},"geometry":{"type":"Polygon","coordinates":[[[106.7492,10.7418],[106.75178,10.7419],[106.75882,10.74446],[106.76249,10.74454],[106.76966,10.74422],[106.7634,10.73654],[106.75813,10.72903],[106.7563,10.72587],[106.75178,10.71667],[106.75131,10.71143],[106.75145,10.70851],[106.75216,10.70505],[106.74583,10.70333],[106.74445,10.70317],[106.73783,10.7036],[106.73787,10.70491],[106.7373,10.7073],[106.73657,10.72061],[106.73283,10.72837],[106.7311,10.73332],[106.73046,10.73751],[106.74475,10.74513],[106.74594,10.74328],[106.74667,10.74274],[106.7492,10.7418]]]}},{"type":"Feature","properties":{"code":"27487","name":"Tân Mỹ","fullName":"Phường Tân Mỹ","c":[10.72037,106.72748]},"geometry":{"type":"Polygon","coordinates":[[[106.71593,10.73835],[106.73046,10.73751],[106.7311,10.73332],[106.73283,10.72837],[106.73657,10.72061],[106.7373,10.7073],[106.73787,10.70491],[106.73783,10.7036],[106.73664,10.70353],[106.7353,10.70287],[106.73456,10.70138],[106.73398,10.69887],[106.73291,10.69799],[106.73107,10.69784],[106.72984,10.69806],[106.72828,10.69849],[106.72634,10.69973],[106.72585,10.70213],[106.72485,10.70516],[106.72554,10.70851],[106.72565,10.71022],[106.72518,10.7118],[106.72374,10.71368],[106.72317,10.71483],[106.72346,10.71658],[106.72461,10.71826],[106.72491,10.71909],[106.72496,10.72029],[106.72439,10.72126],[106.72376,10.7217],[106.72238,10.72214],[106.72088,10.72224],[106.71894,10.72391],[106.71745,10.72761],[106.71661,10.72886],[106.71271,10.73307],[106.71236,10.73399],[106.71242,10.73451],[106.71297,10.73487],[106.7144,10.73669],[106.71486,10.73843],[106.71593,10.73835]]]}},{"type":"Feature","properties":{"code":"27496","name":"Tân An Hội","fullName":"Xã Tân An Hội","c":[10.97154,106.46849]},"geometry":{"type":"Polygon","coordinates":[[[106.45151,11.01549],[106.4554,11.01529],[106.45862,11.01397],[106.46139,11.01367],[106.46213,11.01388],[106.46293,11.01467],[106.46437,11.01291],[106.46442,11.01088],[106.46281,11.00799],[106.46439,11.00683],[106.46645,11.00613],[106.4658,11.00468],[106.46463,11.00489],[106.46405,11.00207],[106.46415,11.00078],[106.46701,11.00048],[106.46833,10.99382],[106.46903,10.99397],[106.4692,10.9931],[106.47083,10.99334],[106.47115,10.99224],[106.47163,10.99231],[106.472,10.99179],[106.47501,10.98986],[106.47645,10.99008],[106.47658,10.98973],[106.47833,10.98931],[106.47814,10.98998],[106.47975,10.98915],[106.4798,10.98734],[106.48391,10.98738],[106.48394,10.98654],[106.48636,10.9866],[106.48589,10.99827],[106.49097,10.99621],[106.4911,10.99959],[106.48977,11.00688],[106.49223,11.00691],[106.50084,11.00815],[106.50291,11.00773],[106.50444,11.00841],[106.50611,11.00825],[106.50611,11.0078],[106.50671,11.00731],[106.50745,11.00731],[106.50934,11.00672],[106.50984,11.00703],[106.51068,11.0071],[106.51248,11.00695],[106.51299,11.00741],[106.51402,11.00646],[106.51511,11.0074],[106.51551,11.00717],[106.5103,11.00131],[106.49929,10.98986],[106.49678,10.98589],[106.49805,10.98547],[106.50002,10.98419],[106.50505,10.97987],[106.50727,10.98115],[106.50776,10.98061],[106.50311,10.97795],[106.50351,10.97755],[106.5061,10.97644],[106.50578,10.97548],[106.50543,10.97479],[106.50322,10.97582],[106.50289,10.97529],[106.50325,10.97454],[106.50221,10.97403],[106.50328,10.97349],[106.50177,10.97003],[106.50003,10.97065],[106.49966,10.9699],[106.49968,10.96824],[106.50024,10.968],[106.50018,10.9648],[106.49958,10.96337],[106.50025,10.96308],[106.4994,10.96128],[106.49853,10.96145],[106.49837,10.96067],[106.49816,10.9606],[106.49857,10.95959],[106.49899,10.95969],[106.4992,10.95887],[106.4988,10.95876],[106.49926,10.95758],[106.49896,10.95745],[106.49943,10.95682],[106.49835,10.95615],[106.49864,10.95586],[106.49941,10.95641],[106.50075,10.9546],[106.50022,10.95418],[106.50044,10.95386],[106.49805,10.95023],[106.4977,10.94752],[106.49861,10.94728],[106.48775,10.9263],[106.4878,10.92592],[106.48731,10.92497],[106.4537,10.94176],[106.42601,10.96299],[106.42865,10.9666],[106.42849,10.96673],[106.43138,10.97241],[106.43213,10.9748],[106.43276,10.97459],[106.433,10.97611],[106.43257,10.97629],[106.43333,10.97888],[106.43256,10.97904],[106.43311,10.97994],[106.42835,10.98856],[106.42997,10.9895],[106.43034,10.98939],[106.43142,10.99058],[106.43186,10.99143],[106.43684,10.99459],[106.43982,10.99984],[106.4412,10.99911],[106.44209,11.00073],[106.44232,11.00058],[106.44935,11.0123],[106.45005,11.0157],[106.45151,11.01549]]]}},{"type":"Feature","properties":{"code":"27508","name":"An Nhơn Tây","fullName":"Xã An Nhơn Tây","c":[11.10154,106.48256]},"geometry":{"type":"Polygon","coordinates":[[[106.4563,11.16024],[106.45763,11.15959],[106.45829,11.15882],[106.45894,11.15856],[106.46128,11.15889],[106.46287,11.15991],[106.4637,11.15989],[106.46668,11.15683],[106.47051,11.15508],[106.47109,11.15413],[106.47096,11.15327],[106.4694,11.15063],[106.46758,11.14871],[106.46742,11.14799],[106.46775,11.14744],[106.47014,11.1455],[106.47142,11.14388],[106.47245,11.14317],[106.4788,11.14227],[106.48238,11.14236],[106.48612,11.14389],[106.48953,11.14465],[106.49177,11.14438],[106.49633,11.14299],[106.49795,11.14218],[106.4999,11.14081],[106.50149,11.14027],[106.50246,11.1403],[106.50629,11.14202],[106.50693,11.14205],[106.50776,11.14175],[106.50874,11.13899],[106.51163,11.13503],[106.51439,11.1277],[106.51604,11.12555],[106.51749,11.12427],[106.52117,11.12197],[106.52336,11.12143],[106.52608,11.12153],[106.52662,11.12119],[106.52686,11.12063],[106.52685,11.11804],[106.52783,11.11467],[106.5272,11.11164],[106.52662,11.10696],[106.52618,11.10563],[106.52541,11.10465],[106.52435,11.10389],[106.51802,11.10235],[106.51652,11.10159],[106.5162,11.10053],[106.51658,11.09905],[106.52155,11.09125],[106.52284,11.08995],[106.52459,11.09002],[106.52784,11.09195],[106.53036,11.09239],[106.53155,11.09225],[106.53281,11.09165],[106.53353,11.0908],[106.53383,11.08988],[106.53354,11.08811],[106.53192,11.08592],[106.52825,11.08263],[106.52584,11.07934],[106.5243,11.0759],[106.52388,11.07384],[106.52253,11.07347],[106.52166,11.07419],[106.5209,11.07445],[106.51994,11.07405],[106.51982,11.07339],[106.51956,11.07314],[106.51778,11.07274],[106.51694,11.07307],[106.5162,11.07281],[106.51554,11.07195],[106.5147,11.0716],[106.51396,11.07203],[106.51419,11.0714],[106.51368,11.07117],[106.51337,11.06991],[106.5127,11.06953],[106.51323,11.06848],[106.51244,11.06804],[106.51228,11.06708],[106.51158,11.06666],[106.51123,11.06589],[106.51025,11.06558],[106.50992,11.06507],[106.5086,11.06491],[106.50783,11.06446],[106.50576,11.06512],[106.50457,11.06425],[106.50432,11.06466],[106.50353,11.06483],[106.50245,11.06406],[106.50057,11.06344],[106.49803,11.06346],[106.49783,11.06307],[106.49684,11.06292],[106.49679,11.06267],[106.49555,11.06212],[106.49524,11.06225],[106.49098,11.06113],[106.49045,11.06052],[106.48821,11.05955],[106.48547,11.05757],[106.48509,11.05654],[106.47591,11.05029],[106.47614,11.04875],[106.47301,11.04641],[106.47074,11.04345],[106.46826,11.0461],[106.46696,11.04658],[106.46528,11.0466],[106.46365,11.0479],[106.46184,11.04842],[106.46071,11.05008],[106.45803,11.05199],[106.45703,11.05445],[106.45594,11.056],[106.45577,11.06058],[106.45226,11.07207],[106.45151,11.07797],[106.45177,11.08236],[106.44977,11.08687],[106.44946,11.08693],[106.44854,11.08964],[106.44777,11.09075],[106.44525,11.09709],[106.44701,11.09926],[106.44477,11.10437],[106.44404,11.10398],[106.44264,11.10562],[106.44217,11.10599],[106.44204,11.10581],[106.43983,11.10745],[106.43876,11.10891],[106.43713,11.11024],[106.43737,11.11074],[106.43734,11.1115],[106.43779,11.11227],[106.43838,11.11249],[106.44043,11.11475],[106.44113,11.11489],[106.44139,11.1147],[106.44187,11.11502],[106.44255,11.11603],[106.4438,11.12199],[106.4444,11.12309],[106.44439,11.12399],[106.44484,11.12512],[106.44479,11.12658],[106.44535,11.12744],[106.44604,11.12768],[106.447,11.12973],[106.44841,11.1308],[106.44789,11.13152],[106.44777,11.13215],[106.44776,11.136],[106.44918,11.13595],[106.45112,11.13626],[106.4528,11.1374],[106.45605,11.14069],[106.45789,11.14511],[106.45824,11.14764],[106.45818,11.15085],[106.45763,11.15277],[106.457,11.15328],[106.45638,11.15334],[106.45544,11.1529],[106.45419,11.15187],[106.45308,11.15153],[106.45184,11.15181],[106.45152,11.15289],[106.45175,11.15613],[106.45247,11.1577],[106.45314,11.15861],[106.45399,11.15923],[106.45524,11.15999],[106.4563,11.16024]]]}},{"type":"Feature","properties":{"code":"27511","name":"Nhuận Đức","fullName":"Xã Nhuận Đức","c":[11.03214,106.4986]},"geometry":{"type":"Polygon","coordinates":[[[106.52177,11.0741],[106.52255,11.07346],[106.52388,11.07384],[106.52444,11.07141],[106.52529,11.06951],[106.52619,11.06848],[106.52846,11.06709],[106.5294,11.06595],[106.53228,11.05999],[106.53354,11.0583],[106.53524,11.05697],[106.53669,11.05618],[106.54353,11.05368],[106.54593,11.05222],[106.54738,11.05058],[106.54849,11.04748],[106.5499,11.04629],[106.54887,11.04481],[106.54905,11.04468],[106.5484,11.04368],[106.54612,11.04305],[106.54702,11.04117],[106.54806,11.03996],[106.55048,11.03499],[106.55255,11.03213],[106.55427,11.0283],[106.5472,11.02495],[106.54809,11.02357],[106.53723,11.01792],[106.51638,11.00806],[106.51551,11.00717],[106.51511,11.0074],[106.51413,11.00647],[106.51299,11.00741],[106.51248,11.00695],[106.51068,11.0071],[106.509,11.00677],[106.50745,11.00731],[106.50671,11.00731],[106.50611,11.0078],[106.50611,11.00825],[106.50444,11.00841],[106.50291,11.00773],[106.50084,11.00815],[106.49223,11.00691],[106.48977,11.00688],[106.4911,10.99959],[106.49097,10.99621],[106.48589,10.99827],[106.48636,10.9866],[106.48394,10.98654],[106.48391,10.98738],[106.4798,10.98734],[106.47975,10.98915],[106.47814,10.98998],[106.47833,10.98931],[106.47658,10.98973],[106.47645,10.99008],[106.47501,10.98986],[106.472,10.99179],[106.47163,10.99231],[106.47115,10.99224],[106.47083,10.99334],[106.4692,10.9931],[106.46903,10.99397],[106.46833,10.99382],[106.46701,11.00048],[106.46415,11.00078],[106.46405,11.00207],[106.46463,11.00489],[106.4658,11.00468],[106.46645,11.00613],[106.46439,11.00683],[106.46281,11.00799],[106.46442,11.01088],[106.46437,11.01291],[106.46293,11.01467],[106.4619,11.01374],[106.46103,11.0137],[106.45862,11.01397],[106.4554,11.01529],[106.45151,11.01549],[106.44889,11.01591],[106.44679,11.01718],[106.44668,11.0189],[106.44483,11.02051],[106.44376,11.02114],[106.44097,11.02204],[106.4397,11.02307],[106.4449,11.03236],[106.45043,11.03769],[106.4548,11.04097],[106.45521,11.04889],[106.45571,11.04996],[106.45686,11.05467],[106.45803,11.05199],[106.46071,11.05008],[106.46184,11.04842],[106.46365,11.0479],[106.46528,11.0466],[106.46696,11.04658],[106.46826,11.0461],[106.47074,11.04345],[106.47301,11.04641],[106.47614,11.04875],[106.47591,11.05029],[106.48509,11.05654],[106.48547,11.05757],[106.48821,11.05955],[106.49045,11.06052],[106.49098,11.06113],[106.49524,11.06225],[106.49555,11.06212],[106.49679,11.06267],[106.49684,11.06292],[106.49783,11.06307],[106.49803,11.06346],[106.50057,11.06344],[106.50245,11.06406],[106.50353,11.06483],[106.50432,11.06466],[106.50457,11.06425],[106.50576,11.06512],[106.50783,11.06446],[106.5086,11.06491],[106.50992,11.06507],[106.51025,11.06558],[106.51123,11.06589],[106.51158,11.06666],[106.51228,11.06708],[106.51244,11.06804],[106.51323,11.06848],[106.5127,11.06953],[106.51337,11.06991],[106.51368,11.07117],[106.51419,11.0714],[106.51394,11.07202],[106.51472,11.07161],[106.51554,11.07195],[106.51632,11.07287],[106.51707,11.07309],[106.51778,11.07274],[106.51943,11.0731],[106.5198,11.07333],[106.51994,11.07405],[106.5209,11.07445],[106.52177,11.0741]]]}},{"type":"Feature","properties":{"code":"27526","name":"Thái Mỹ","fullName":"Xã Thái Mỹ","c":[11.02202,106.42011]},"geometry":{"type":"Polygon","coordinates":[[[106.44124,11.10644],[106.44264,11.10562],[106.44404,11.10398],[106.44477,11.10437],[106.44701,11.09926],[106.44525,11.09709],[106.44777,11.09075],[106.44854,11.08964],[106.44946,11.08693],[106.44977,11.08687],[106.45177,11.08236],[106.45151,11.07797],[106.45226,11.07207],[106.45577,11.06058],[106.45591,11.05606],[106.45686,11.05467],[106.45571,11.04996],[106.45521,11.04889],[106.4548,11.04097],[106.45043,11.03769],[106.4449,11.03236],[106.4397,11.02307],[106.44097,11.02204],[106.44376,11.02114],[106.44483,11.02051],[106.44668,11.0189],[106.44679,11.01718],[106.44889,11.01591],[106.45005,11.0157],[106.44935,11.0123],[106.44232,11.00058],[106.44209,11.00073],[106.4412,10.99911],[106.43982,10.99984],[106.43684,10.99459],[106.43186,10.99143],[106.43142,10.99058],[106.43034,10.98939],[106.42997,10.9895],[106.42835,10.98856],[106.43311,10.97994],[106.43256,10.97904],[106.43333,10.97888],[106.43257,10.97629],[106.433,10.97611],[106.43276,10.97459],[106.43213,10.9748],[106.43138,10.97241],[106.42849,10.96673],[106.42865,10.9666],[106.42601,10.96299],[106.41307,10.97269],[106.41131,10.97378],[106.37349,10.96954],[106.37302,10.96967],[106.35669,10.99157],[106.35818,10.99236],[106.35787,10.99307],[106.36028,10.99466],[106.35995,10.9953],[106.36205,10.99625],[106.36257,10.99706],[106.36325,10.99756],[106.3635,10.99723],[106.36695,10.99873],[106.37689,10.99993],[106.37721,11.00042],[106.37791,11.00012],[106.37824,11.00025],[106.38067,10.99843],[106.38433,10.99926],[106.38812,10.99926],[106.38953,10.99964],[106.39134,10.99968],[106.39318,11.00051],[106.40256,11.00318],[106.4033,11.00356],[106.40524,11.00368],[106.40526,11.00446],[106.4055,11.00447],[106.40558,11.00519],[106.40616,11.00531],[106.40631,11.0062],[106.41048,11.00736],[106.4111,11.00799],[106.4128,11.00889],[106.41129,11.01297],[106.41064,11.01348],[106.41009,11.01354],[106.40957,11.0146],[106.40902,11.01481],[106.40892,11.01657],[106.40931,11.01695],[106.40947,11.01777],[106.40885,11.02009],[106.40893,11.0225],[106.40965,11.02332],[106.40931,11.02378],[106.41055,11.0261],[106.41135,11.02918],[106.41205,11.03033],[106.4134,11.03141],[106.41329,11.03192],[106.41381,11.03235],[106.4138,11.0326],[106.41496,11.03369],[106.41558,11.03374],[106.41644,11.03432],[106.41714,11.03519],[106.41832,11.03541],[106.41874,11.03606],[106.42006,11.03616],[106.42035,11.0376],[106.42132,11.03947],[106.421,11.0397],[106.42217,11.04146],[106.4216,11.04196],[106.42272,11.04276],[106.42234,11.04328],[106.42285,11.04363],[106.42221,11.04453],[106.42332,11.04539],[106.42257,11.04658],[106.42472,11.04734],[106.42245,11.04927],[106.42033,11.05202],[106.42092,11.05468],[106.42131,11.05528],[106.42097,11.0574],[106.42147,11.05758],[106.42111,11.05844],[106.42224,11.05914],[106.42069,11.06108],[106.42156,11.06189],[106.42017,11.06335],[106.42149,11.06525],[106.42244,11.06549],[106.42275,11.06605],[106.42571,11.06656],[106.42524,11.06896],[106.42647,11.07152],[106.42735,11.07404],[106.42735,11.07501],[106.4266,11.07627],[106.4263,11.07799],[106.42599,11.07795],[106.42583,11.08116],[106.42649,11.08171],[106.42633,11.08825],[106.42595,11.09162],[106.42718,11.09191],[106.43028,11.09188],[106.43027,11.09204],[106.43082,11.09206],[106.43078,11.09356],[106.43155,11.09831],[106.43224,11.09829],[106.43307,11.10029],[106.43381,11.10021],[106.43737,11.10991],[106.43876,11.10891],[106.43983,11.10745],[106.44124,11.10644]]]}},{"type":"Feature","properties":{"code":"27541","name":"Phú Hoà Đông","fullName":"Xã Phú Hoà Đông","c":[10.98483,106.57321]},"geometry":{"type":"Polygon","coordinates":[[[106.57237,11.05443],[106.57377,11.05379],[106.57529,11.05182],[106.57884,11.04864],[106.57978,11.04746],[106.58056,11.04553],[106.58115,11.04121],[106.58269,11.03825],[106.5824,11.03671],[106.58188,11.03598],[106.58096,11.03513],[106.57923,11.03458],[106.57804,11.03309],[106.57803,11.03176],[106.57749,11.03082],[106.57759,11.02953],[106.57819,11.02937],[106.57884,11.02967],[106.57948,11.02961],[106.5801,11.02801],[106.57839,11.02657],[106.57848,11.02323],[106.57877,11.0228],[106.57943,11.02257],[106.57955,11.02209],[106.57801,11.01862],[106.58116,11.01537],[106.56601,11.00701],[106.57015,10.99899],[106.57652,10.98371],[106.59412,10.98254],[106.59387,10.97817],[106.59325,10.97827],[106.59308,10.9758],[106.59751,10.97487],[106.60581,10.97482],[106.61054,10.97448],[106.61041,10.97224],[106.60876,10.97213],[106.60877,10.96754],[106.60934,10.96636],[106.60978,10.96426],[106.61041,10.96408],[106.60917,10.96015],[106.61098,10.95978],[106.61124,10.96033],[106.61444,10.95987],[106.61612,10.96034],[106.6172,10.95978],[106.6245,10.95758],[106.62458,10.95732],[106.62497,10.95467],[106.62546,10.9533],[106.62544,10.94958],[106.60295,10.9231],[106.60016,10.92336],[106.58367,10.92866],[106.58064,10.93383],[106.57897,10.93897],[106.57653,10.94463],[106.57117,10.95432],[106.56412,10.96872],[106.56245,10.97043],[106.5614,10.97107],[106.5433,10.97786],[106.53772,10.98391],[106.53762,10.98745],[106.53782,10.98797],[106.53834,10.9884],[106.53779,10.98932],[106.53849,10.99013],[106.53837,10.99145],[106.53863,10.9923],[106.53849,10.99267],[106.53787,10.99306],[106.53779,10.99352],[106.53797,10.99485],[106.53859,10.99518],[106.53869,10.99549],[106.53213,10.99689],[106.5313,10.99759],[106.53042,10.99774],[106.52636,11.0002],[106.52564,11.00089],[106.52232,11.00301],[106.51917,11.00323],[106.51864,11.00365],[106.51793,11.00507],[106.51551,11.00717],[106.51638,11.00806],[106.53723,11.01792],[106.54809,11.02357],[106.5472,11.02495],[106.55423,11.02821],[106.55255,11.03213],[106.55048,11.03499],[106.54806,11.03996],[106.54702,11.04117],[106.54612,11.04305],[106.5484,11.04368],[106.54905,11.04468],[106.54887,11.04481],[106.5499,11.04629],[106.552,11.04569],[106.55546,11.0458],[106.56413,11.0449],[106.5668,11.04495],[106.56784,11.04556],[106.56822,11.04626],[106.56852,11.04734],[106.56872,11.04992],[106.56908,11.05098],[106.57108,11.0538],[106.57174,11.05429],[106.57237,11.05443]]]}},{"type":"Feature","properties":{"code":"27544","name":"Bình Mỹ","fullName":"Xã Bình Mỹ","c":[10.97298,106.61425]},"geometry":{"type":"Polygon","coordinates":[[[106.60124,10.92327],[106.60295,10.9231],[106.62544,10.94958],[106.62546,10.9533],[106.62497,10.95467],[106.62453,10.95753],[106.6172,10.95978],[106.61612,10.96034],[106.61444,10.95987],[106.61124,10.96033],[106.61098,10.95978],[106.60917,10.96015],[106.61041,10.96408],[106.60978,10.96426],[106.60934,10.96636],[106.60877,10.96754],[106.60876,10.97213],[106.61041,10.97224],[106.61054,10.97448],[106.60581,10.97482],[106.59751,10.97487],[106.59308,10.9758],[106.59325,10.97827],[106.59387,10.97817],[106.59412,10.98254],[106.57652,10.98371],[106.57015,10.99899],[106.56601,11.00701],[106.58116,11.01537],[106.57801,11.01862],[106.57955,11.02209],[106.57943,11.02257],[106.57877,11.0228],[106.57848,11.02323],[106.57839,11.02657],[106.5801,11.02801],[106.57948,11.02961],[106.57884,11.02967],[106.57814,11.02937],[106.57747,11.02972],[106.57749,11.03082],[106.57803,11.03176],[106.57793,11.03281],[106.57892,11.03429],[106.57939,11.03467],[106.58096,11.03513],[106.58178,11.03586],[106.5824,11.03671],[106.58269,11.03825],[106.58398,11.03726],[106.58707,11.0364],[106.58894,11.03625],[106.59082,11.03676],[106.59156,11.038],[106.59211,11.04142],[106.59326,11.04373],[106.59572,11.04547],[106.59728,11.04579],[106.59847,11.04562],[106.60024,11.04467],[106.60286,11.04106],[106.6034,11.03987],[106.60273,11.03856],[106.59636,11.03129],[106.59592,11.03067],[106.59537,11.02899],[106.59508,11.02567],[106.59532,11.02379],[106.59635,11.01989],[106.59795,11.01595],[106.59957,11.01445],[106.60319,11.01354],[106.60791,11.01185],[106.61555,11.01152],[106.61758,11.01089],[106.61941,11.00915],[106.62071,11.00656],[106.62118,11.00428],[106.62112,11.00213],[106.62009,10.99953],[106.61662,10.9939],[106.61611,10.9924],[106.61596,10.9906],[106.61662,10.98869],[106.61777,10.98736],[106.62132,10.98548],[106.62569,10.98048],[106.62813,10.97916],[106.6364,10.97749],[106.63855,10.97801],[106.64155,10.98014],[106.64343,10.98097],[106.64525,10.98122],[106.64687,10.98113],[106.64817,10.98048],[106.64875,10.9798],[106.6499,10.97622],[106.65029,10.97388],[106.6489,10.96889],[106.64873,10.9661],[106.64889,10.96387],[106.65148,10.95609],[106.652,10.95409],[106.65231,10.9509],[106.65202,10.94559],[106.65142,10.94247],[106.65004,10.93818],[106.6501,10.93493],[106.6507,10.93291],[106.65217,10.93034],[106.65387,10.92852],[106.65735,10.92576],[106.6562,10.92452],[106.65605,10.9228],[106.65567,10.92196],[106.6535,10.91956],[106.6529,10.91953],[106.65143,10.91998],[106.64838,10.91948],[106.64582,10.91982],[106.64478,10.91934],[106.6428,10.91777],[106.63832,10.91609],[106.62984,10.91613],[106.62538,10.91533],[106.62197,10.91443],[106.59916,10.91805],[106.60032,10.92334],[106.60124,10.92327]]]}},{"type":"Feature","properties":{"code":"27553","name":"Củ Chi","fullName":"Xã Củ Chi","c":[10.95175,106.53304]},"geometry":{"type":"Polygon","coordinates":[[[106.58411,10.91962],[106.57965,10.92001],[106.56713,10.91934],[106.56411,10.91888],[106.56112,10.91709],[106.53718,10.91598],[106.50941,10.91941],[106.49562,10.92088],[106.48731,10.92497],[106.4878,10.92592],[106.48775,10.9263],[106.49861,10.94728],[106.4977,10.94752],[106.49805,10.95023],[106.50044,10.95386],[106.50022,10.95418],[106.50075,10.9546],[106.49941,10.95641],[106.49864,10.95586],[106.49835,10.95615],[106.49943,10.95682],[106.49896,10.95745],[106.49926,10.95758],[106.4988,10.95876],[106.4992,10.95887],[106.49899,10.95969],[106.49857,10.95959],[106.49816,10.9606],[106.49837,10.96067],[106.49853,10.96145],[106.4994,10.96128],[106.50025,10.96308],[106.49958,10.96337],[106.50018,10.9648],[106.50024,10.968],[106.49968,10.96824],[106.49966,10.9699],[106.50003,10.97065],[106.50177,10.97003],[106.50328,10.97349],[106.50221,10.97403],[106.50325,10.97454],[106.50289,10.97529],[106.50322,10.97582],[106.50543,10.97479],[106.50578,10.97548],[106.5061,10.97644],[106.50351,10.97755],[106.50311,10.97795],[106.50776,10.98061],[106.50727,10.98115],[106.50505,10.97987],[106.50002,10.98419],[106.49805,10.98547],[106.49678,10.98589],[106.49929,10.98986],[106.5103,11.00131],[106.51551,11.00717],[106.51793,11.00507],[106.51864,11.00365],[106.51917,11.00323],[106.52232,11.00301],[106.52564,11.00089],[106.52636,11.0002],[106.53042,10.99774],[106.5313,10.99759],[106.53213,10.99689],[106.53869,10.99549],[106.53859,10.99518],[106.53797,10.99485],[106.53779,10.99352],[106.53787,10.99306],[106.53849,10.99267],[106.53863,10.9923],[106.53837,10.99145],[106.53849,10.99013],[106.53779,10.98932],[106.53834,10.9884],[106.53782,10.98797],[106.53762,10.98745],[106.53772,10.98391],[106.5433,10.97786],[106.5614,10.97107],[106.56245,10.97043],[106.56416,10.96867],[106.57117,10.95432],[106.57653,10.94463],[106.57897,10.93897],[106.58064,10.93383],[106.5829,10.93018],[106.58421,10.92755],[106.58547,10.92191],[106.58561,10.91952],[106.58411,10.91962]]]}},{"type":"Feature","properties":{"code":"27559","name":"Hóc Môn","fullName":"Xã Hóc Môn","c":[10.90162,106.5914]},"geometry":{"type":"Polygon","coordinates":[[[106.60723,10.88288],[106.6077,10.88301],[106.61075,10.87689],[106.60966,10.8756],[106.60905,10.87527],[106.60873,10.87455],[106.60689,10.87499],[106.6064,10.87249],[106.60609,10.87203],[106.60726,10.87104],[106.60659,10.86947],[106.60627,10.86949],[106.60559,10.86834],[106.60467,10.86766],[106.60491,10.86531],[106.60291,10.86519],[106.60252,10.86456],[106.60128,10.8638],[106.58389,10.88848],[106.58493,10.88898],[106.58573,10.88876],[106.58605,10.88888],[106.58696,10.89095],[106.58892,10.89231],[106.57558,10.90029],[106.56303,10.91821],[106.56404,10.91885],[106.56492,10.91907],[106.57407,10.91976],[106.57988,10.92001],[106.58561,10.91952],[106.58547,10.92191],[106.58455,10.92663],[106.58366,10.92866],[106.60032,10.92334],[106.59916,10.91805],[106.62197,10.91443],[106.62031,10.91383],[106.61934,10.91381],[106.61734,10.91246],[106.61055,10.91115],[106.60762,10.91031],[106.60676,10.90943],[106.60492,10.90922],[106.6017,10.90677],[106.60083,10.90698],[106.60047,10.90686],[106.60035,10.90639],[106.60114,10.90255],[106.60124,10.90099],[106.60212,10.8994],[106.60161,10.89806],[106.60088,10.89778],[106.60079,10.897],[106.59877,10.89306],[106.59796,10.89255],[106.59794,10.89232],[106.59881,10.89207],[106.59818,10.89065],[106.59813,10.88934],[106.59965,10.88931],[106.60056,10.88901],[106.6001,10.88802],[106.60139,10.88799],[106.60239,10.88769],[106.60128,10.8862],[106.60097,10.88459],[106.59852,10.8848],[106.59857,10.88413],[106.59963,10.88382],[106.60076,10.88396],[106.60389,10.88309],[106.60723,10.88288]]]}},{"type":"Feature","properties":{"code":"27568","name":"Đông Thạnh","fullName":"Xã Đông Thạnh","c":[10.90229,106.64145]},"geometry":{"type":"Polygon","coordinates":[[[106.61482,10.87046],[106.61271,10.8731],[106.6077,10.88301],[106.60683,10.88279],[106.60389,10.88309],[106.60076,10.88396],[106.59963,10.88382],[106.59857,10.88413],[106.59852,10.8848],[106.60097,10.88459],[106.60128,10.8862],[106.60239,10.88769],[106.60139,10.88799],[106.6001,10.88802],[106.60056,10.88901],[106.59965,10.88931],[106.59813,10.88934],[106.59818,10.89065],[106.59881,10.89207],[106.59794,10.89232],[106.59796,10.89255],[106.59877,10.89306],[106.60079,10.897],[106.60088,10.89778],[106.60161,10.89806],[106.60212,10.89937],[106.60124,10.90099],[106.60114,10.90255],[106.60035,10.90639],[106.60053,10.90691],[106.6017,10.90677],[106.60492,10.90922],[106.60676,10.90943],[106.60762,10.91031],[106.61055,10.91115],[106.61734,10.91246],[106.61934,10.91381],[106.62031,10.91383],[106.62493,10.91523],[106.63106,10.91622],[106.63832,10.91609],[106.6428,10.91777],[106.64483,10.91937],[106.6459,10.91984],[106.64838,10.91948],[106.65143,10.91998],[106.6529,10.91953],[106.6535,10.91956],[106.65567,10.92196],[106.65605,10.9228],[106.6562,10.92452],[106.65735,10.92576],[106.66298,10.92259],[106.66816,10.92082],[106.67014,10.92083],[106.67629,10.92287],[106.67969,10.92358],[106.6817,10.92318],[106.68281,10.92265],[106.68521,10.92058],[106.68838,10.9148],[106.69066,10.90972],[106.69267,10.90427],[106.69049,10.90325],[106.68881,10.90168],[106.68581,10.90005],[106.68158,10.89846],[106.67968,10.90351],[106.67745,10.90305],[106.67361,10.90176],[106.67068,10.90117],[106.67042,10.89652],[106.66971,10.89413],[106.66928,10.89393],[106.66917,10.89229],[106.66886,10.89158],[106.66622,10.89193],[106.66344,10.89297],[106.66278,10.893],[106.65725,10.89245],[106.65326,10.89175],[106.65248,10.89324],[106.65254,10.89423],[106.65229,10.89489],[106.65122,10.89489],[106.64943,10.89533],[106.64681,10.89477],[106.64656,10.89434],[106.64602,10.89418],[106.64333,10.89389],[106.64286,10.89345],[106.64269,10.8925],[106.64227,10.8923],[106.6394,10.89181],[106.6318,10.89174],[106.63125,10.89118],[106.62909,10.88624],[106.6253,10.88345],[106.62537,10.88298],[106.62787,10.88118],[106.62577,10.87822],[106.61742,10.86899],[106.61551,10.86738],[106.61509,10.86997],[106.61482,10.87046]]]}},{"type":"Feature","properties":{"code":"27577","name":"Xuân Thới Sơn","fullName":"Xã Xuân Thới Sơn","c":[10.89003,106.55668]},"geometry":{"type":"Polygon","coordinates":[[[106.51579,10.91859],[106.53832,10.91596],[106.56112,10.91709],[106.56303,10.91821],[106.57558,10.90029],[106.58892,10.89231],[106.58696,10.89095],[106.58605,10.88888],[106.58573,10.88876],[106.58493,10.88898],[106.58389,10.88848],[106.60619,10.85688],[106.60423,10.85553],[106.60368,10.85626],[106.60322,10.85586],[106.60161,10.85652],[106.60184,10.85749],[106.59889,10.85796],[106.59888,10.85861],[106.59797,10.85808],[106.59687,10.86096],[106.5961,10.86085],[106.59547,10.86344],[106.59505,10.86332],[106.59523,10.8626],[106.5949,10.86255],[106.59494,10.86226],[106.59234,10.86168],[106.58955,10.86012],[106.58894,10.86008],[106.58897,10.85919],[106.58776,10.85915],[106.58751,10.85869],[106.58352,10.85768],[106.58052,10.85775],[106.57741,10.85975],[106.57723,10.86105],[106.57667,10.86124],[106.57699,10.86235],[106.57671,10.86252],[106.57703,10.86544],[106.57575,10.86594],[106.57583,10.86638],[106.57543,10.86649],[106.57556,10.86706],[106.57446,10.86759],[106.57221,10.8697],[106.56909,10.87126],[106.56702,10.8718],[106.55794,10.86828],[106.53968,10.87096],[106.52588,10.87364],[106.52656,10.87725],[106.52805,10.88183],[106.53159,10.89572],[106.53281,10.89967],[106.53291,10.9005],[106.53238,10.90162],[106.53136,10.90277],[106.50578,10.9159],[106.50365,10.91695],[106.5036,10.91656],[106.50178,10.91748],[106.49683,10.92],[106.49562,10.92088],[106.51579,10.91859]]]}},{"type":"Feature","properties":{"code":"27592","name":"Bà Điểm","fullName":"Xã Bà Điểm","c":[10.85228,106.57425]},"geometry":{"type":"Polygon","coordinates":[[[106.61152,10.87543],[106.61277,10.87298],[106.61498,10.87024],[106.61551,10.86735],[106.61114,10.86125],[106.60725,10.8553],[106.61534,10.84271],[106.6088,10.83685],[106.60792,10.83582],[106.60427,10.82967],[106.6033,10.82629],[106.60048,10.82611],[106.59358,10.8275],[106.59516,10.8298],[106.593,10.8294],[106.59145,10.83134],[106.59049,10.832],[106.58619,10.83313],[106.58433,10.83255],[106.582,10.83278],[106.58086,10.83413],[106.57904,10.83554],[106.57815,10.83722],[106.57652,10.83837],[106.57645,10.83996],[106.57577,10.84259],[106.56925,10.8428],[106.5661,10.84107],[106.56455,10.84077],[106.56322,10.84138],[106.56307,10.8426],[106.56276,10.84259],[106.56257,10.84294],[106.56238,10.84472],[106.55963,10.84438],[106.55963,10.8442],[106.55873,10.84392],[106.55775,10.84421],[106.55744,10.84337],[106.55582,10.84306],[106.55421,10.84315],[106.55377,10.84341],[106.54522,10.84476],[106.5448,10.84309],[106.52868,10.8475],[106.53486,10.87189],[106.54113,10.87073],[106.55794,10.86828],[106.56702,10.8718],[106.56909,10.87126],[106.57221,10.8697],[106.57446,10.86759],[106.57556,10.86706],[106.57543,10.86649],[106.57583,10.86638],[106.57575,10.86594],[106.57703,10.86544],[106.57671,10.86252],[106.57699,10.86235],[106.57667,10.86124],[106.57723,10.86105],[106.57741,10.85975],[106.58044,10.85778],[106.58352,10.85768],[106.58751,10.85869],[106.58776,10.85915],[106.58897,10.85919],[106.58894,10.86008],[106.58955,10.86012],[106.59234,10.86168],[106.59494,10.86226],[106.5949,10.86255],[106.59523,10.8626],[106.59505,10.86332],[106.59547,10.86344],[106.5961,10.86085],[106.59687,10.86096],[106.59797,10.85808],[106.59888,10.85861],[106.59889,10.85796],[106.60184,10.85749],[106.60161,10.85652],[106.60322,10.85586],[106.60368,10.85626],[106.60423,10.85553],[106.60619,10.85688],[106.60128,10.8638],[106.60252,10.86456],[106.60291,10.86519],[106.60491,10.86531],[106.60467,10.86766],[106.60559,10.86834],[106.60627,10.86949],[106.60659,10.86947],[106.60726,10.87104],[106.60609,10.87203],[106.6064,10.87249],[106.60689,10.87499],[106.60873,10.87455],[106.60905,10.87527],[106.60966,10.8756],[106.61075,10.87689],[106.61152,10.87543]]]}},{"type":"Feature","properties":{"code":"27595","name":"Tân Nhựt","fullName":"Xã Tân Nhựt","c":[10.70712,106.56497]},"geometry":{"type":"Polygon","coordinates":[[[106.56731,10.73447],[106.57548,10.73249],[106.57815,10.7337],[106.57748,10.73042],[106.58766,10.72777],[106.5933,10.72589],[106.5969,10.7244],[106.60082,10.72206],[106.60008,10.71794],[106.60316,10.71766],[106.60408,10.71728],[106.60385,10.71621],[106.60309,10.715],[106.60316,10.71434],[106.60377,10.71333],[106.60336,10.71176],[106.60348,10.71134],[106.60717,10.70841],[106.60877,10.70628],[106.60536,10.70459],[106.60087,10.70332],[106.59732,10.70158],[106.59739,10.69972],[106.59684,10.69693],[106.59391,10.68784],[106.59264,10.68501],[106.58941,10.68168],[106.58282,10.67614],[106.57786,10.67133],[106.57683,10.67344],[106.57454,10.67201],[106.57399,10.67309],[106.57211,10.67267],[106.57036,10.67278],[106.56994,10.67306],[106.5702,10.67643],[106.5701,10.67796],[106.56946,10.67981],[106.56846,10.67945],[106.56824,10.67887],[106.56644,10.67821],[106.566,10.67836],[106.56515,10.67802],[106.56432,10.67813],[106.56223,10.67743],[106.56265,10.67662],[106.56227,10.67461],[106.56278,10.6741],[106.56123,10.67342],[106.55961,10.67414],[106.55937,10.67491],[106.5582,10.67527],[106.55832,10.67572],[106.55738,10.67593],[106.55435,10.67596],[106.55435,10.67544],[106.55365,10.67535],[106.553,10.6757],[106.55281,10.67715],[106.55151,10.67969],[106.55137,10.68245],[106.55105,10.68282],[106.55056,10.68532],[106.55034,10.6857],[106.54922,10.68641],[106.54827,10.68617],[106.5473,10.68714],[106.5398,10.68607],[106.53784,10.68608],[106.53567,10.68553],[106.53559,10.68618],[106.53505,10.68704],[106.53386,10.68812],[106.53221,10.69349],[106.52896,10.70223],[106.5272,10.7091],[106.52842,10.71495],[106.53618,10.71091],[106.53484,10.73586],[106.53866,10.74464],[106.555,10.73639],[106.5574,10.73486],[106.55871,10.73449],[106.55879,10.73642],[106.56731,10.73447]]]}},{"type":"Feature","properties":{"code":"27601","name":"Vĩnh Lộc","fullName":"Xã Vĩnh Lộc","c":[10.82915,106.55045]},"geometry":{"type":"Polygon","coordinates":[[[106.53486,10.87189],[106.52868,10.8475],[106.5448,10.84309],[106.54522,10.84476],[106.55377,10.84341],[106.55421,10.84315],[106.55582,10.84306],[106.55744,10.84337],[106.55775,10.84421],[106.55873,10.84392],[106.55963,10.8442],[106.55963,10.84438],[106.56238,10.84472],[106.56257,10.84294],[106.56276,10.84259],[106.56307,10.8426],[106.56322,10.84138],[106.56455,10.84077],[106.5661,10.84107],[106.56925,10.8428],[106.57577,10.84259],[106.57645,10.83996],[106.57652,10.83837],[106.57815,10.83722],[106.57904,10.83554],[106.58086,10.83413],[106.582,10.83278],[106.58433,10.83255],[106.58592,10.83315],[106.58728,10.83289],[106.59099,10.83179],[106.593,10.8294],[106.59516,10.8298],[106.5904,10.82343],[106.58425,10.8176],[106.57936,10.81368],[106.56553,10.80491],[106.56308,10.80202],[106.56185,10.80289],[106.56158,10.80264],[106.55981,10.80281],[106.55978,10.80397],[106.55655,10.80404],[106.55654,10.8034],[106.55312,10.80335],[106.55302,10.8039],[106.55106,10.80379],[106.55106,10.80353],[106.54208,10.80255],[106.54033,10.80264],[106.54141,10.80663],[106.52758,10.81005],[106.52644,10.81462],[106.52634,10.81816],[106.52659,10.81978],[106.52908,10.82825],[106.52411,10.82961],[106.52486,10.83259],[106.51582,10.83486],[106.52016,10.85259],[106.52588,10.87364],[106.53486,10.87189]]]}},{"type":"Feature","properties":{"code":"27604","name":"Tân Vĩnh Lộc","fullName":"Xã Tân Vĩnh Lộc","c":[10.79443,106.54784]},"geometry":{"type":"Polygon","coordinates":[[[106.57002,10.76838],[106.56771,10.7629],[106.55818,10.76731],[106.50567,10.79374],[106.50627,10.79504],[106.51121,10.81737],[106.51582,10.83486],[106.52486,10.83259],[106.52411,10.82961],[106.52908,10.82825],[106.52659,10.81978],[106.52634,10.81816],[106.52644,10.81462],[106.52758,10.81005],[106.54141,10.80663],[106.54033,10.80264],[106.54208,10.80255],[106.55106,10.80353],[106.55106,10.80379],[106.55302,10.8039],[106.55312,10.80335],[106.55654,10.8034],[106.55655,10.80404],[106.55978,10.80397],[106.55981,10.80281],[106.56158,10.80264],[106.56185,10.80289],[106.56308,10.80202],[106.56553,10.80491],[106.57936,10.81368],[106.58183,10.81557],[106.58294,10.81531],[106.58343,10.81353],[106.58398,10.81343],[106.58487,10.81371],[106.58594,10.81281],[106.58456,10.80676],[106.58347,10.80635],[106.58289,10.79731],[106.58456,10.79728],[106.58432,10.79581],[106.58547,10.79573],[106.5854,10.79468],[106.5846,10.79476],[106.58445,10.79075],[106.58561,10.79061],[106.58562,10.78995],[106.58676,10.78979],[106.5865,10.78822],[106.58915,10.7873],[106.58831,10.7842],[106.58807,10.78172],[106.58825,10.78066],[106.58882,10.77993],[106.58871,10.77907],[106.58678,10.77605],[106.58557,10.77517],[106.58402,10.77491],[106.58191,10.77532],[106.58095,10.77498],[106.57943,10.77328],[106.57766,10.77216],[106.5769,10.77115],[106.57677,10.77013],[106.57553,10.76883],[106.57321,10.76795],[106.57209,10.7681],[106.57191,10.76787],[106.57009,10.76855],[106.57002,10.76838]]]}},{"type":"Feature","properties":{"code":"27610","name":"Bình Lợi","fullName":"Xã Bình Lợi","c":[10.75402,106.51615]},"geometry":{"type":"Polygon","coordinates":[[[106.56771,10.7629],[106.57339,10.7604],[106.57031,10.75761],[106.5681,10.75504],[106.56429,10.7527],[106.56242,10.75083],[106.56012,10.74959],[106.55938,10.74886],[106.55908,10.74787],[106.55934,10.74602],[106.55888,10.74458],[106.55932,10.74225],[106.55828,10.73947],[106.55896,10.73754],[106.55871,10.73449],[106.5574,10.73486],[106.555,10.73639],[106.53866,10.74464],[106.53484,10.73586],[106.53618,10.71091],[106.52842,10.71495],[106.53021,10.71732],[106.52387,10.72095],[106.52019,10.72366],[106.50938,10.71707],[106.50178,10.72643],[106.50148,10.72645],[106.49955,10.72499],[106.49732,10.72631],[106.49572,10.72759],[106.49521,10.72729],[106.48883,10.73123],[106.48696,10.72984],[106.48238,10.73561],[106.48197,10.73543],[106.47445,10.74532],[106.47338,10.74642],[106.47215,10.74544],[106.46365,10.75654],[106.48714,10.77439],[106.50454,10.7889],[106.50567,10.79374],[106.55818,10.76731],[106.56771,10.7629]]]}},{"type":"Feature","properties":{"code":"27619","name":"Bình Hưng","fullName":"Xã Bình Hưng","c":[10.7067,106.65955]},"geometry":{"type":"Polygon","coordinates":[[[106.62801,10.6996],[106.63945,10.72255],[106.64223,10.72771],[106.6454,10.72862],[106.64556,10.72903],[106.64671,10.72898],[106.64687,10.72948],[106.64928,10.7304],[106.65423,10.73163],[106.65608,10.73163],[106.65609,10.73189],[106.65728,10.73196],[106.65775,10.73255],[106.65953,10.73263],[106.66334,10.73393],[106.6657,10.7342],[106.66597,10.73241],[106.67386,10.73751],[106.67454,10.73691],[106.67416,10.73663],[106.67457,10.73617],[106.67661,10.73512],[106.67808,10.73542],[106.67808,10.73502],[106.67907,10.7352],[106.67969,10.7349],[106.68001,10.7351],[106.68111,10.73485],[106.6816,10.73443],[106.68219,10.73465],[106.68199,10.73643],[106.68296,10.73847],[106.68299,10.73938],[106.68697,10.74005],[106.69152,10.74134],[106.69213,10.74142],[106.69411,10.73852],[106.69499,10.73611],[106.69458,10.73504],[106.69322,10.73287],[106.69093,10.73118],[106.69038,10.73047],[106.69022,10.7253],[106.68896,10.72147],[106.68942,10.71874],[106.68839,10.7153],[106.68869,10.71226],[106.68599,10.71157],[106.6839,10.71322],[106.68082,10.7145],[106.67855,10.71132],[106.67812,10.7097],[106.6768,10.7097],[106.67469,10.7058],[106.67342,10.70434],[106.67347,10.70375],[106.6744,10.70221],[106.67378,10.6982],[106.67382,10.69558],[106.67328,10.69219],[106.67554,10.68925],[106.67601,10.68614],[106.67652,10.68506],[106.68015,10.68111],[106.68072,10.68021],[106.68134,10.67802],[106.6814,10.67712],[106.68085,10.67542],[106.67871,10.67167],[106.67844,10.66893],[106.67588,10.66963],[106.67268,10.67107],[106.67198,10.67111],[106.67044,10.67068],[106.66947,10.67086],[106.6668,10.67412],[106.6663,10.67494],[106.66562,10.67732],[106.66444,10.67844],[106.66163,10.67875],[106.65809,10.67951],[106.65494,10.67822],[106.65461,10.6791],[106.65424,10.68187],[106.65363,10.68259],[106.6531,10.68267],[106.65226,10.68228],[106.65075,10.68211],[106.64979,10.68264],[106.65053,10.68461],[106.65039,10.68636],[106.65149,10.68669],[106.65184,10.68755],[106.6495,10.68703],[106.6492,10.68646],[106.64859,10.68678],[106.64656,10.68643],[106.64476,10.68669],[106.64191,10.68469],[106.63844,10.68297],[106.63822,10.68259],[106.63875,10.68182],[106.63871,10.68142],[106.63735,10.68159],[106.63445,10.68075],[106.63361,10.68002],[106.63252,10.68084],[106.62972,10.6823],[106.62891,10.68308],[106.62841,10.68432],[106.62871,10.68844],[106.62857,10.68919],[106.62756,10.69009],[106.62535,10.69112],[106.62444,10.6919],[106.6224,10.69546],[106.62189,10.69709],[106.62187,10.69745],[106.62769,10.69897],[106.62801,10.6996]]]}},{"type":"Feature","properties":{"code":"27628","name":"Hưng Long","fullName":"Xã Hưng Long","c":[10.6594,106.64463]},"geometry":{"type":"Polygon","coordinates":[[[106.6334,10.68024],[106.63361,10.68002],[106.63445,10.68075],[106.63735,10.68159],[106.6386,10.68135],[106.63875,10.68182],[106.63822,10.68259],[106.63844,10.68297],[106.64191,10.68469],[106.64476,10.68669],[106.64656,10.68643],[106.64859,10.68678],[106.6492,10.68646],[106.6495,10.68703],[106.65184,10.68755],[106.65149,10.68669],[106.65039,10.68636],[106.65053,10.68461],[106.64979,10.68264],[106.65075,10.68211],[106.65226,10.68228],[106.6531,10.68267],[106.65363,10.68259],[106.65424,10.68187],[106.65461,10.6791],[106.65494,10.67822],[106.65809,10.67951],[106.66163,10.67875],[106.66444,10.67844],[106.66562,10.67732],[106.6663,10.67494],[106.6668,10.67412],[106.66947,10.67086],[106.67044,10.67068],[106.67198,10.67111],[106.67268,10.67107],[106.67588,10.66963],[106.67844,10.66893],[106.67867,10.66481],[106.6796,10.66315],[106.68072,10.66249],[106.68387,10.66151],[106.685,10.66028],[106.68579,10.65619],[106.686,10.65361],[106.68586,10.65228],[106.68542,10.65135],[106.6846,10.65025],[106.6819,10.64836],[106.67863,10.64527],[106.67561,10.64481],[106.67368,10.64391],[106.67324,10.6431],[106.67319,10.64217],[106.6723,10.64187],[106.67132,10.64114],[106.67041,10.63992],[106.66918,10.63912],[106.668,10.63934],[106.66668,10.64066],[106.66631,10.64022],[106.66647,10.63891],[106.666,10.63844],[106.66566,10.63961],[106.665,10.63894],[106.66461,10.63946],[106.66393,10.63964],[106.66336,10.64012],[106.6629,10.63992],[106.66292,10.63936],[106.66273,10.63927],[106.66183,10.63985],[106.66091,10.6401],[106.66027,10.63987],[106.66005,10.64033],[106.66019,10.64097],[106.66085,10.6417],[106.66088,10.64206],[106.65782,10.64358],[106.65636,10.64362],[106.65633,10.64157],[106.65673,10.64103],[106.6568,10.63922],[106.65613,10.6384],[106.65577,10.63899],[106.65501,10.63923],[106.65446,10.63911],[106.65413,10.63957],[106.65344,10.63907],[106.6534,10.63829],[106.65298,10.63794],[106.65295,10.63716],[106.65336,10.63633],[106.65318,10.63541],[106.65329,10.63328],[106.65274,10.63223],[106.65139,10.63273],[106.64973,10.63267],[106.64913,10.63285],[106.64857,10.63268],[106.64688,10.6342],[106.64621,10.63425],[106.64378,10.62962],[106.64145,10.62737],[106.64102,10.62666],[106.63935,10.6271],[106.6389,10.62752],[106.6376,10.62644],[106.63681,10.62621],[106.63547,10.62628],[106.63474,10.62555],[106.6331,10.62771],[106.63188,10.62834],[106.63097,10.62792],[106.63013,10.62659],[106.62955,10.62705],[106.62975,10.6288],[106.63103,10.63011],[106.62969,10.63204],[106.62972,10.6362],[106.62989,10.63642],[106.63121,10.63669],[106.63033,10.63855],[106.63049,10.63908],[106.62981,10.63937],[106.63027,10.64051],[106.62987,10.64068],[106.62996,10.64117],[106.62967,10.64226],[106.62815,10.64208],[106.62715,10.6427],[106.62578,10.63974],[106.62451,10.63991],[106.62413,10.63947],[106.62272,10.64047],[106.62122,10.64095],[106.62149,10.64195],[106.6219,10.64182],[106.62214,10.64273],[106.62211,10.64317],[106.62158,10.64327],[106.62184,10.6441],[106.62332,10.6441],[106.62343,10.64448],[106.62433,10.64449],[106.62443,10.64529],[106.62391,10.64601],[106.62393,10.64635],[106.62501,10.64734],[106.62229,10.6481],[106.62237,10.64839],[106.62116,10.64873],[106.61895,10.64902],[106.61901,10.64963],[106.61812,10.64976],[106.61804,10.65008],[106.61735,10.65019],[106.61725,10.65095],[106.61776,10.65127],[106.61771,10.65191],[106.61683,10.65229],[106.61672,10.6533],[106.61599,10.6532],[106.61551,10.6541],[106.61461,10.65372],[106.61438,10.65395],[106.61418,10.65384],[106.61383,10.65452],[106.6135,10.65432],[106.61246,10.65557],[106.61177,10.65599],[106.61152,10.65586],[106.61135,10.65662],[106.6108,10.65691],[106.61055,10.65657],[106.60916,10.65747],[106.60711,10.65804],[106.60572,10.65816],[106.60546,10.65829],[106.60538,10.65875],[106.60621,10.65985],[106.60801,10.66381],[106.60984,10.66697],[106.61072,10.66912],[106.61151,10.67001],[106.61169,10.67102],[106.61249,10.67248],[106.61314,10.67313],[106.61317,10.67372],[106.6149,10.67748],[106.6173,10.68199],[106.61871,10.68527],[106.62151,10.69036],[106.62214,10.69236],[106.62372,10.69298],[106.62503,10.69135],[106.6284,10.68946],[106.62871,10.68844],[106.62837,10.68514],[106.62858,10.68364],[106.62972,10.6823],[106.6334,10.68024]]]}},{"type":"Feature","properties":{"code":"27637","name":"Bình Chánh","fullName":"Xã Bình Chánh","c":[10.67016,106.58767]},"geometry":{"type":"Polygon","coordinates":[[[106.62372,10.69298],[106.62198,10.69216],[106.62151,10.69036],[106.61871,10.68527],[106.6173,10.68199],[106.6149,10.67748],[106.61317,10.67372],[106.61314,10.67313],[106.61249,10.67248],[106.61169,10.67102],[106.61151,10.67001],[106.61072,10.66912],[106.60984,10.66697],[106.60801,10.66381],[106.60621,10.65985],[106.60413,10.65695],[106.60275,10.65335],[106.60186,10.65227],[106.60154,10.65113],[106.60065,10.65071],[106.60034,10.65129],[106.60031,10.65202],[106.60006,10.65222],[106.59751,10.65313],[106.59751,10.65339],[106.59522,10.65377],[106.59571,10.6511],[106.5949,10.65102],[106.59496,10.65062],[106.59174,10.65008],[106.5916,10.65121],[106.59091,10.65112],[106.59042,10.65311],[106.58742,10.6528],[106.58722,10.65316],[106.58406,10.65365],[106.58327,10.65539],[106.5806,10.6555],[106.58052,10.65613],[106.57971,10.65612],[106.57938,10.655],[106.57789,10.6533],[106.57806,10.65187],[106.57955,10.65187],[106.57944,10.65052],[106.57911,10.6498],[106.57881,10.64949],[106.57697,10.64889],[106.57674,10.64927],[106.57542,10.6491],[106.57513,10.64986],[106.57335,10.64983],[106.57308,10.65215],[106.5735,10.65418],[106.57267,10.65442],[106.5697,10.6563],[106.56861,10.65657],[106.56851,10.65612],[106.56624,10.65645],[106.56592,10.65391],[106.56505,10.65299],[106.5653,10.6523],[106.56321,10.6522],[106.56314,10.65145],[106.55999,10.6516],[106.55902,10.65188],[106.55878,10.65067],[106.5592,10.64992],[106.55871,10.64932],[106.55853,10.64862],[106.55787,10.64855],[106.55743,10.65038],[106.55642,10.65068],[106.55633,10.65093],[106.55558,10.6509],[106.55518,10.65365],[106.55542,10.65493],[106.55599,10.65546],[106.55587,10.65695],[106.55274,10.65751],[106.54892,10.65746],[106.54925,10.65963],[106.55044,10.65899],[106.55093,10.66059],[106.55136,10.66123],[106.55153,10.66419],[106.55192,10.66485],[106.55319,10.6657],[106.55324,10.66752],[106.55356,10.66868],[106.55281,10.66907],[106.55206,10.67058],[106.55221,10.6712],[106.5532,10.67201],[106.5533,10.67463],[106.55365,10.67535],[106.55435,10.67544],[106.55435,10.67596],[106.55738,10.67593],[106.55832,10.67572],[106.5582,10.67527],[106.55937,10.67491],[106.55971,10.67406],[106.56132,10.67343],[106.56278,10.6741],[106.56227,10.67461],[106.56265,10.67662],[106.56223,10.67743],[106.56432,10.67813],[106.56515,10.67802],[106.566,10.67836],[106.56644,10.67821],[106.56824,10.67887],[106.56846,10.67945],[106.56946,10.67981],[106.5701,10.67796],[106.5702,10.67643],[106.56994,10.67306],[106.57036,10.67278],[106.57211,10.67267],[106.57399,10.67309],[106.57454,10.67201],[106.57683,10.67344],[106.57786,10.67133],[106.58282,10.67614],[106.58941,10.68168],[106.59202,10.68425],[106.59321,10.68599],[106.59453,10.68979],[106.62187,10.69745],[106.6224,10.69546],[106.62372,10.69298]]]}},{"type":"Feature","properties":{"code":"27655","name":"Nhà Bè","fullName":"Xã Nhà Bè","c":[10.69415,106.72165]},"geometry":{"type":"Polygon","coordinates":[[[106.69782,10.72436],[106.69927,10.7243],[106.70405,10.72533],[106.70566,10.72512],[106.70694,10.72437],[106.70729,10.72386],[106.70788,10.72049],[106.70848,10.71983],[106.71194,10.72058],[106.71276,10.72049],[106.71665,10.71916],[106.71815,10.71911],[106.7188,10.71944],[106.71979,10.72139],[106.72035,10.72204],[106.72088,10.72224],[106.72238,10.72214],[106.72439,10.72126],[106.72504,10.71974],[106.72461,10.71826],[106.72322,10.71595],[106.72317,10.71483],[106.72374,10.71368],[106.72518,10.7118],[106.72565,10.71022],[106.72554,10.70851],[106.72485,10.70516],[106.72585,10.70213],[106.72615,10.7002],[106.72674,10.6993],[106.72828,10.69849],[106.73107,10.69784],[106.73291,10.69799],[106.73398,10.69887],[106.73456,10.70138],[106.7353,10.70287],[106.73664,10.70353],[106.74445,10.70317],[106.74583,10.70333],[106.75216,10.70505],[106.75334,10.70059],[106.7563,10.69484],[106.75787,10.69288],[106.76074,10.69002],[106.76549,10.68597],[106.7732,10.67678],[106.77646,10.67449],[106.7724,10.66814],[106.77028,10.66595],[106.76826,10.6651],[106.76694,10.66505],[106.76457,10.66539],[106.74909,10.67083],[106.74568,10.67099],[106.74361,10.67037],[106.74016,10.66812],[106.73892,10.66672],[106.73837,10.66536],[106.73074,10.66639],[106.7293,10.66722],[106.72761,10.67131],[106.72707,10.67359],[106.72755,10.67651],[106.72751,10.67752],[106.72716,10.67891],[106.72613,10.68071],[106.72231,10.68108],[106.71935,10.68049],[106.71715,10.68171],[106.71471,10.68139],[106.71329,10.68212],[106.7132,10.68349],[106.71258,10.68433],[106.7106,10.6825],[106.70989,10.68218],[106.70934,10.68229],[106.70885,10.68284],[106.70859,10.68451],[106.70761,10.68566],[106.70666,10.68632],[106.70543,10.6867],[106.703,10.68869],[106.70145,10.68891],[106.69891,10.69146],[106.69854,10.69212],[106.69578,10.69125],[106.69482,10.69128],[106.69401,10.69172],[106.69182,10.69374],[106.6906,10.69436],[106.69051,10.69342],[106.69006,10.69279],[106.68903,10.6894],[106.68914,10.68861],[106.69006,10.68824],[106.68957,10.68554],[106.68791,10.68559],[106.68617,10.68605],[106.6843,10.68519],[106.68392,10.68572],[106.68314,10.68467],[106.68163,10.68403],[106.68073,10.68301],[106.67932,10.68217],[106.67652,10.68506],[106.67601,10.68614],[106.67554,10.68925],[106.67328,10.69219],[106.67382,10.69558],[106.67378,10.6982],[106.6744,10.70221],[106.67347,10.70375],[106.67342,10.70434],[106.67469,10.7058],[106.6768,10.7097],[106.67812,10.7097],[106.67855,10.71132],[106.68082,10.7145],[106.6839,10.71322],[106.68599,10.71157],[106.68869,10.71226],[106.68839,10.7153],[106.68942,10.71874],[106.68896,10.72147],[106.69019,10.72547],[106.69392,10.72523],[106.69782,10.72436]]]}},{"type":"Feature","properties":{"code":"27658","name":"Hiệp Phước","fullName":"Xã Hiệp Phước","c":[10.63088,106.73555]},"geometry":{"type":"Polygon","coordinates":[[[106.69505,10.69125],[106.69578,10.69125],[106.69854,10.69212],[106.69891,10.69146],[106.70145,10.68891],[106.703,10.68869],[106.70543,10.6867],[106.70666,10.68632],[106.70761,10.68566],[106.70859,10.68451],[106.7089,10.68269],[106.70958,10.6822],[106.7106,10.6825],[106.71258,10.68433],[106.7132,10.68349],[106.71329,10.68212],[106.71471,10.68139],[106.71715,10.68171],[106.71935,10.68049],[106.72231,10.68108],[106.72613,10.68071],[106.72716,10.67891],[106.72759,10.67693],[106.72707,10.67426],[106.72729,10.67231],[106.72849,10.66882],[106.72943,10.66706],[106.73095,10.66633],[106.73837,10.66536],[106.73839,10.66299],[106.73989,10.65847],[106.7407,10.65715],[106.74303,10.65437],[106.7466,10.65128],[106.74947,10.64987],[106.75929,10.64631],[106.76378,10.64422],[106.7672,10.64196],[106.76888,10.64008],[106.7709,10.63691],[106.77155,10.63318],[106.77045,10.62398],[106.77048,10.61948],[106.77092,10.61658],[106.77203,10.61369],[106.78018,10.60179],[106.78254,10.59658],[106.78364,10.59218],[106.78361,10.58554],[106.78294,10.58304],[106.78168,10.58052],[106.7804,10.57896],[106.77757,10.57732],[106.77486,10.57652],[106.77263,10.57638],[106.7708,10.57674],[106.76712,10.57828],[106.75999,10.58058],[106.75727,10.5811],[106.75391,10.58092],[106.75178,10.58042],[106.74979,10.57953],[106.74832,10.57835],[106.74569,10.5756],[106.74256,10.57857],[106.74139,10.57908],[106.73841,10.57851],[106.73787,10.57818],[106.73703,10.57703],[106.73632,10.57691],[106.73503,10.57766],[106.7348,10.57805],[106.73483,10.57865],[106.73514,10.57904],[106.73646,10.5796],[106.73896,10.58141],[106.73958,10.58336],[106.73933,10.58441],[106.73877,10.58538],[106.73745,10.58619],[106.7366,10.58637],[106.73579,10.58626],[106.73527,10.58591],[106.73474,10.58502],[106.73498,10.58426],[106.73471,10.58343],[106.73497,10.58275],[106.73471,10.58205],[106.73341,10.58119],[106.73278,10.58022],[106.73102,10.57969],[106.72858,10.58005],[106.72657,10.58431],[106.7272,10.58511],[106.72719,10.58544],[106.72687,10.58552],[106.72589,10.58506],[106.72526,10.58536],[106.72475,10.58581],[106.7242,10.58711],[106.72323,10.58824],[106.72377,10.59193],[106.72358,10.59346],[106.72312,10.59403],[106.7208,10.5953],[106.72027,10.59601],[106.72016,10.59654],[106.72037,10.59726],[106.72183,10.59913],[106.72198,10.59965],[106.71976,10.60242],[106.71886,10.60609],[106.71931,10.60645],[106.72146,10.60684],[106.72232,10.6073],[106.72231,10.60836],[106.723,10.61053],[106.72394,10.61199],[106.72554,10.6112],[106.72671,10.61125],[106.7275,10.60983],[106.72863,10.60873],[106.72919,10.60924],[106.73154,10.60881],[106.73279,10.60986],[106.73204,10.61175],[106.73164,10.61211],[106.73068,10.6123],[106.72959,10.61179],[106.7289,10.61223],[106.72754,10.61593],[106.72775,10.61672],[106.72883,10.61616],[106.72925,10.61653],[106.73006,10.61826],[106.72982,10.61986],[106.72995,10.62049],[106.73109,10.62136],[106.73203,10.62295],[106.73163,10.62375],[106.7303,10.62369],[106.72889,10.62398],[106.72844,10.62435],[106.72833,10.6248],[106.72911,10.62815],[106.72997,10.62868],[106.73137,10.62782],[106.73212,10.62781],[106.73334,10.62875],[106.73125,10.63325],[106.73139,10.63438],[106.73005,10.63623],[106.72681,10.63768],[106.72577,10.6384],[106.72339,10.64194],[106.72325,10.64459],[106.7226,10.64562],[106.72159,10.64597],[106.71942,10.64548],[106.71865,10.64571],[106.71593,10.64799],[106.71196,10.65035],[106.71113,10.65041],[106.70866,10.64975],[106.7082,10.64983],[106.70525,10.65098],[106.70409,10.65302],[106.70213,10.65322],[106.70056,10.65398],[106.69756,10.65192],[106.69648,10.65002],[106.69595,10.64963],[106.69402,10.64927],[106.69255,10.64859],[106.69117,10.64858],[106.69073,10.6491],[106.69025,10.65117],[106.689,10.65282],[106.68779,10.65542],[106.68658,10.65639],[106.68605,10.65646],[106.68579,10.65619],[106.68485,10.66054],[106.68387,10.66151],[106.68006,10.66278],[106.67931,10.66353],[106.67867,10.66481],[106.67844,10.66893],[106.67871,10.67167],[106.68085,10.67542],[106.6814,10.67712],[106.68117,10.67901],[106.68072,10.68021],[106.67932,10.68217],[106.68073,10.68301],[106.68163,10.68403],[106.68314,10.68467],[106.68392,10.68572],[106.6843,10.68519],[106.68617,10.68605],[106.68791,10.68559],[106.68957,10.68554],[106.69006,10.68824],[106.68914,10.68861],[106.68903,10.6894],[106.69006,10.69279],[106.69051,10.69342],[106.6906,10.69436],[106.69182,10.69374],[106.69436,10.69146],[106.69505,10.69125]]]}},{"type":"Feature","properties":{"code":"27664","name":"Cần Giờ","fullName":"Xã Cần Giờ","c":[10.45236,106.90751]},"geometry":{"type":"MultiPolygon","coordinates":[[[[106.96496,10.4186],[106.96408,10.4189],[106.96351,10.41968],[106.96479,10.41915],[106.96496,10.4186]]],[[[106.94743,10.51715],[106.9484,10.51387],[106.94906,10.51059],[106.94919,10.49898],[106.95068,10.49011],[106.95084,10.48688],[106.9505,10.48554],[106.94916,10.48336],[106.93972,10.47495],[106.93864,10.47365],[106.93822,10.47265],[106.93806,10.47144],[106.93857,10.46988],[106.93106,10.46688],[106.93138,10.46614],[106.93222,10.46564],[106.93258,10.46498],[106.93298,10.46474],[106.93275,10.46397],[106.93363,10.46393],[106.934,10.46365],[106.93404,10.46266],[106.93466,10.462],[106.93468,10.46166],[106.9343,10.46032],[106.9334,10.45851],[106.93309,10.45835],[106.93318,10.45806],[106.93219,10.45614],[106.93239,10.45545],[106.9321,10.45519],[106.93235,10.45487],[106.93258,10.45337],[106.93237,10.45318],[106.9324,10.45256],[106.93208,10.4522],[106.93228,10.4516],[106.9326,10.45145],[106.93255,10.45054],[106.93291,10.45007],[106.93258,10.44922],[106.93237,10.44639],[106.93805,10.43604],[106.94013,10.43525],[106.94166,10.43501],[106.94233,10.43415],[106.94258,10.43312],[106.94376,10.4328],[106.94401,10.43247],[106.94387,10.43222],[106.94483,10.43104],[106.9452,10.43092],[106.9453,10.43023],[106.94667,10.42804],[106.94773,10.42762],[106.94814,10.4264],[106.9488,10.42613],[106.9497,10.42618],[106.94998,10.42581],[106.95158,10.4257],[106.95163,10.42529],[106.95294,10.42464],[106.95365,10.42458],[106.9541,10.424],[106.95374,10.42363],[106.9552,10.42361],[106.95591,10.42286],[106.95747,10.42234],[106.95728,10.42185],[106.95792,10.42187],[106.9581,10.42118],[106.95911,10.4204],[106.9593,10.41994],[106.9606,10.42109],[106.96085,10.42106],[106.96348,10.41851],[106.96425,10.41685],[106.9649,10.4164],[106.96559,10.41624],[106.96765,10.41645],[106.96806,10.41723],[106.96935,10.41655],[106.96993,10.41658],[106.97085,10.41743],[106.9719,10.41753],[106.97241,10.41733],[106.97314,10.41662],[106.97475,10.41574],[106.97404,10.41269],[106.97332,10.41075],[106.97099,10.40712],[106.96964,10.40654],[106.96385,10.40431],[106.95864,10.40186],[106.94167,10.39554],[106.93867,10.39478],[106.93596,10.39479],[106.93478,10.39423],[106.93465,10.39362],[106.93394,10.39292],[106.9207,10.38629],[106.92066,10.38559],[106.92111,10.38467],[106.9216,10.38423],[106.92156,10.38389],[106.92032,10.3837],[106.91868,10.38226],[106.91725,10.38179],[106.91683,10.38139],[106.91595,10.3829],[106.91347,10.3821],[106.91323,10.38236],[106.91277,10.38222],[106.91175,10.38263],[106.91069,10.3822],[106.91007,10.38221],[106.90887,10.3814],[106.9004,10.37787],[106.90017,10.37757],[106.89825,10.3772],[106.89057,10.37702],[106.88773,10.37717],[106.88214,10.3766],[106.88094,10.37715],[106.87981,10.37689],[106.87878,10.3773],[106.87519,10.37777],[106.875,10.37812],[106.87538,10.37803],[106.87585,10.37828],[106.87583,10.37865],[106.87617,10.3791],[106.87861,10.38095],[106.87901,10.38169],[106.87933,10.38174],[106.87929,10.38223],[106.87986,10.38256],[106.88017,10.38388],[106.88006,10.38473],[106.8813,10.38773],[106.88137,10.38884],[106.8804,10.39101],[106.87944,10.3918],[106.87946,10.39236],[106.87895,10.39374],[106.87893,10.39445],[106.87942,10.39579],[106.87901,10.39629],[106.87801,10.39629],[106.87769,10.39672],[106.87678,10.40062],[106.876,10.40125],[106.87572,10.40268],[106.87365,10.40745],[106.87358,10.4085],[106.86432,10.40709],[106.86274,10.41336],[106.86181,10.41562],[106.86167,10.41742],[106.85951,10.42135],[106.85803,10.42834],[106.85841,10.43228],[106.85906,10.43444],[106.86228,10.44139],[106.86483,10.44523],[106.86525,10.44652],[106.86525,10.44866],[106.86562,10.45021],[106.8665,10.45174],[106.87196,10.45739],[106.87303,10.45988],[106.87251,10.46385],[106.8705,10.46579],[106.86668,10.46806],[106.86388,10.47015],[106.86285,10.47174],[106.86191,10.47567],[106.86246,10.47857],[106.86351,10.47997],[106.86618,10.48483],[106.86667,10.48607],[106.86707,10.48834],[106.86675,10.49061],[106.86608,10.49232],[106.86513,10.49367],[106.8638,10.49465],[106.86514,10.49644],[106.86594,10.49712],[106.86911,10.49804],[106.871,10.49898],[106.87243,10.50054],[106.87326,10.50235],[106.87327,10.50367],[106.87267,10.50484],[106.87105,10.50601],[106.86756,10.50766],[106.86701,10.50828],[106.86683,10.50897],[106.86736,10.51026],[106.86961,10.51218],[106.87065,10.51376],[106.87103,10.51513],[106.87116,10.51803],[106.87265,10.52327],[106.87678,10.52119],[106.88377,10.51907],[106.88707,10.51887],[106.89264,10.51922],[106.8954,10.51904],[106.897,10.51869],[106.90262,10.5166],[106.90381,10.51649],[106.90668,10.51679],[106.90887,10.51772],[106.91096,10.51909],[106.91154,10.5198],[106.91312,10.52295],[106.91382,10.52744],[106.91503,10.52962],[106.91717,10.53129],[106.9187,10.53181],[106.91971,10.53185],[106.92209,10.53129],[106.92913,10.528],[106.93692,10.52605],[106.94061,10.52449],[106.94286,10.5232],[106.94489,10.52154],[106.94662,10.51914],[106.94743,10.51715]]]]}},{"type":"Feature","properties":{"code":"27667","name":"Bình Khánh","fullName":"Xã Bình Khánh","c":[10.59645,106.85644]},"geometry":{"type":"Polygon","coordinates":[[[106.86355,10.64127],[106.86477,10.64217],[106.86598,10.64248],[106.86892,10.64267],[106.86956,10.64293],[106.87048,10.64397],[106.8718,10.64704],[106.87385,10.64832],[106.8752,10.64855],[106.87855,10.64835],[106.88249,10.64773],[106.88366,10.64653],[106.88394,10.64586],[106.88457,10.6421],[106.8853,10.63993],[106.88714,10.63876],[106.88954,10.63779],[106.89056,10.63663],[106.89146,10.63382],[106.89284,10.63217],[106.89686,10.63014],[106.89847,10.62905],[106.90122,10.6267],[106.90382,10.62398],[106.90516,10.6218],[106.90636,10.61905],[106.9072,10.61541],[106.90853,10.61238],[106.91025,10.60923],[106.91108,10.60835],[106.91256,10.6076],[106.91362,10.60763],[106.91523,10.60812],[106.91859,10.60967],[106.92013,10.60984],[106.92137,10.60966],[106.92267,10.60875],[106.92447,10.6061],[106.92666,10.60378],[106.9283,10.60291],[106.93264,10.60179],[106.93552,10.59991],[106.93631,10.59895],[106.93668,10.59684],[106.93636,10.5948],[106.93534,10.59183],[106.93289,10.58804],[106.93255,10.58633],[106.93091,10.58593],[106.92901,10.58489],[106.92237,10.57921],[106.92177,10.57849],[106.92136,10.57748],[106.92049,10.57734],[106.91826,10.57237],[106.918,10.56972],[106.91823,10.56886],[106.91906,10.5676],[106.92094,10.56649],[106.92236,10.56605],[106.92661,10.56566],[106.92945,10.56511],[106.93091,10.56443],[106.93188,10.56358],[106.93336,10.56094],[106.93424,10.55721],[106.9347,10.55242],[106.93413,10.55015],[106.93267,10.54709],[106.9306,10.54397],[106.92382,10.53624],[106.92046,10.53173],[106.91884,10.53183],[106.91742,10.53139],[106.91622,10.5307],[106.91503,10.52962],[106.91382,10.52744],[106.91312,10.52295],[106.91154,10.5198],[106.91056,10.51879],[106.9073,10.51697],[106.9056,10.5166],[106.90262,10.5166],[106.897,10.51869],[106.89403,10.51917],[106.88707,10.51887],[106.88377,10.51907],[106.87678,10.52119],[106.87283,10.52309],[106.86973,10.52651],[106.86656,10.53075],[106.86368,10.53333],[106.86103,10.535],[106.85818,10.53619],[106.85252,10.538],[106.85046,10.53891],[106.84944,10.53966],[106.84868,10.54095],[106.84825,10.54271],[106.85013,10.5471],[106.85012,10.54981],[106.84965,10.55077],[106.84858,10.55191],[106.84711,10.55295],[106.84094,10.55627],[106.83856,10.55846],[106.83803,10.55967],[106.83754,10.56301],[106.83761,10.5661],[106.83808,10.57038],[106.83504,10.57788],[106.83442,10.58013],[106.83458,10.58153],[106.82573,10.58417],[106.82398,10.59013],[106.82234,10.59345],[106.82094,10.59802],[106.81949,10.5997],[106.81919,10.60174],[106.81792,10.60184],[106.81706,10.60242],[106.81663,10.60316],[106.81667,10.60406],[106.81772,10.60569],[106.81824,10.60709],[106.81828,10.60873],[106.81786,10.60932],[106.81738,10.60967],[106.81628,10.60981],[106.81557,10.60966],[106.81486,10.60918],[106.81173,10.60467],[106.80954,10.60459],[106.80691,10.60495],[106.80635,10.60523],[106.80564,10.60605],[106.80538,10.60701],[106.80585,10.60825],[106.80994,10.61063],[106.81071,10.61145],[106.81103,10.61265],[106.81054,10.61438],[106.80927,10.61577],[106.80871,10.61601],[106.80585,10.6163],[106.80297,10.61519],[106.79958,10.61314],[106.79776,10.61158],[106.79568,10.60881],[106.79441,10.60763],[106.79302,10.60701],[106.79175,10.60701],[106.7905,10.60819],[106.79027,10.60972],[106.79085,10.61098],[106.79309,10.61376],[106.79329,10.61437],[106.79318,10.61579],[106.79224,10.61705],[106.79136,10.61759],[106.78935,10.61822],[106.78824,10.61824],[106.78659,10.61779],[106.78524,10.61657],[106.78288,10.61201],[106.77817,10.60485],[106.77584,10.60792],[106.77203,10.61369],[106.77092,10.61658],[106.77048,10.61948],[106.77045,10.62398],[106.77155,10.63318],[106.7709,10.63691],[106.76888,10.64008],[106.7672,10.64196],[106.76378,10.64422],[106.75929,10.64631],[106.74947,10.64987],[106.7466,10.65128],[106.74303,10.65437],[106.7407,10.65715],[106.73989,10.65847],[106.73839,10.66299],[106.7383,10.66511],[106.73892,10.66672],[106.74016,10.66812],[106.74361,10.67037],[106.74568,10.67099],[106.74909,10.67083],[106.76457,10.66539],[106.76694,10.66505],[106.76826,10.6651],[106.76942,10.66548],[106.77099,10.66647],[106.7724,10.66814],[106.77646,10.67449],[106.77835,10.67363],[106.78326,10.6726],[106.78548,10.67161],[106.79028,10.66867],[106.79672,10.66269],[106.80425,10.65907],[106.80706,10.65715],[106.80919,10.65423],[106.81296,10.64237],[106.81456,10.63955],[106.81785,10.635],[106.8202,10.63233],[106.82272,10.62997],[106.82467,10.62853],[106.82673,10.62769],[106.82941,10.62721],[106.83481,10.62692],[106.83712,10.62757],[106.83879,10.62942],[106.83956,10.63163],[106.83996,10.63396],[106.8407,10.63568],[106.84155,10.63688],[106.84396,10.63838],[106.84751,10.63929],[106.85138,10.63967],[106.85399,10.63906],[106.85782,10.63712],[106.85917,10.63666],[106.86007,10.63665],[106.86164,10.63746],[106.86355,10.64127]]]}},{"type":"Feature","properties":{"code":"27673","name":"An Thới Đông","fullName":"Xã An Thới Đông","c":[10.50164,106.80732]},"geometry":{"type":"Polygon","coordinates":[[[106.81913,10.60173],[106.81949,10.5997],[106.82094,10.59802],[106.82234,10.59345],[106.82398,10.59013],[106.82573,10.58417],[106.83458,10.58153],[106.83442,10.58013],[106.83504,10.57788],[106.83808,10.57038],[106.83761,10.5661],[106.83754,10.56301],[106.83803,10.55967],[106.83856,10.55846],[106.84094,10.55627],[106.84711,10.55295],[106.84858,10.55191],[106.84965,10.55077],[106.85012,10.54981],[106.85013,10.5471],[106.84825,10.54271],[106.84868,10.54095],[106.84944,10.53966],[106.85046,10.53891],[106.85252,10.538],[106.85818,10.53619],[106.86103,10.535],[106.86368,10.53333],[106.86656,10.53075],[106.86973,10.52651],[106.87265,10.52327],[106.87116,10.51803],[106.87103,10.51513],[106.87065,10.51376],[106.86961,10.51218],[106.86736,10.51026],[106.86683,10.50897],[106.86701,10.50828],[106.86756,10.50766],[106.87105,10.50601],[106.87267,10.50484],[106.87327,10.50367],[106.87326,10.50235],[106.87243,10.50054],[106.871,10.49898],[106.86911,10.49804],[106.86594,10.49712],[106.86514,10.49644],[106.8638,10.49465],[106.86513,10.49367],[106.86608,10.49232],[106.86675,10.49061],[106.86707,10.48834],[106.86667,10.48607],[106.86618,10.48483],[106.86351,10.47997],[106.86246,10.47857],[106.86191,10.47567],[106.86285,10.47174],[106.86388,10.47015],[106.86668,10.46806],[106.8705,10.46579],[106.87251,10.46385],[106.87303,10.45988],[106.87196,10.45739],[106.8665,10.45174],[106.86562,10.45021],[106.86525,10.44866],[106.86525,10.44652],[106.86483,10.44523],[106.86228,10.44139],[106.85906,10.43444],[106.85841,10.43228],[106.85808,10.42946],[106.85823,10.42673],[106.85924,10.42326],[106.85951,10.42135],[106.86167,10.41742],[106.86181,10.41562],[106.86274,10.41336],[106.86432,10.40709],[106.85218,10.40533],[106.85154,10.40477],[106.85087,10.40499],[106.85046,10.4044],[106.85001,10.40448],[106.84914,10.40339],[106.84863,10.40354],[106.84735,10.40271],[106.84679,10.40289],[106.84652,10.40226],[106.84607,10.40235],[106.84465,10.40185],[106.84097,10.39992],[106.8398,10.39837],[106.83876,10.39794],[106.83829,10.39728],[106.83493,10.39607],[106.83383,10.39598],[106.83152,10.39612],[106.82937,10.39717],[106.80781,10.39585],[106.80652,10.39944],[106.80638,10.40453],[106.80596,10.40649],[106.80536,10.40781],[106.80046,10.41258],[106.78075,10.42977],[106.77273,10.43885],[106.76287,10.4511],[106.76141,10.45367],[106.75178,10.46773],[106.75001,10.47357],[106.74523,10.48291],[106.74325,10.48766],[106.74276,10.48957],[106.74237,10.49324],[106.74288,10.49898],[106.74384,10.50335],[106.74738,10.51563],[106.74787,10.51827],[106.74836,10.5252],[106.74777,10.53282],[106.74441,10.54942],[106.74181,10.56375],[106.74169,10.56706],[106.74195,10.56891],[106.74272,10.57118],[106.74471,10.57432],[106.74742,10.57747],[106.74979,10.57953],[106.75178,10.58042],[106.75391,10.58092],[106.75727,10.5811],[106.75999,10.58058],[106.76712,10.57828],[106.7708,10.57674],[106.77263,10.57638],[106.77486,10.57652],[106.77757,10.57732],[106.7804,10.57896],[106.78168,10.58052],[106.78294,10.58304],[106.78361,10.58554],[106.78364,10.59218],[106.78254,10.59658],[106.78018,10.60179],[106.77817,10.60485],[106.78288,10.61201],[106.78524,10.61657],[106.78593,10.61732],[106.78736,10.61811],[106.78935,10.61822],[106.79136,10.61759],[106.79224,10.61705],[106.79318,10.61579],[106.79329,10.61437],[106.79309,10.61376],[106.79085,10.61098],[106.79027,10.60972],[106.79036,10.60853],[106.79084,10.60768],[106.79223,10.60692],[106.79367,10.60721],[106.79441,10.60763],[106.79568,10.60881],[106.79833,10.6121],[106.79958,10.61314],[106.80297,10.61519],[106.80585,10.6163],[106.80871,10.61601],[106.80927,10.61577],[106.81054,10.61438],[106.81094,10.61348],[106.81099,10.61203],[106.80994,10.61063],[106.80585,10.60825],[106.80538,10.60701],[106.80564,10.60605],[106.80635,10.60523],[106.80691,10.60495],[106.80954,10.60459],[106.81173,10.60467],[106.81486,10.60918],[106.81557,10.60966],[106.81628,10.60981],[106.81738,10.60967],[106.81828,10.60873],[106.81838,10.60806],[106.81772,10.60569],[106.81667,10.60406],[106.81663,10.60316],[106.81706,10.60242],[106.81792,10.60184],[106.81913,10.60173]]]}},{"type":"Feature","properties":{"code":"27676","name":"Thạnh An","fullName":"Xã Thạnh An","c":[10.54638,106.97483]},"geometry":{"type":"MultiPolygon","coordinates":[[[[106.97119,10.45468],[106.97079,10.45383],[106.96973,10.45435],[106.97059,10.45458],[106.97128,10.45524],[106.97119,10.45468]]],[[[106.97724,10.47073],[106.97609,10.46921],[106.97527,10.46713],[106.97563,10.46645],[106.97581,10.46476],[106.9763,10.46342],[106.97607,10.46288],[106.97641,10.46105],[106.97379,10.45994],[106.97326,10.46062],[106.97382,10.46148],[106.97352,10.46235],[106.97371,10.46361],[106.97267,10.46652],[106.97277,10.46691],[106.97375,10.46729],[106.97255,10.46707],[106.97181,10.46847],[106.97195,10.46947],[106.97299,10.47076],[106.9738,10.47035],[106.97423,10.46959],[106.9738,10.46814],[106.97395,10.46808],[106.97435,10.46923],[106.97434,10.47002],[106.9734,10.47073],[106.97336,10.47105],[106.9739,10.47144],[106.97416,10.47073],[106.97444,10.47072],[106.97478,10.47138],[106.97655,10.47314],[106.97772,10.47399],[106.97803,10.47355],[106.978,10.47236],[106.97724,10.47073]]],[[[106.98662,10.48281],[106.98617,10.48267],[106.98667,10.48156],[106.98715,10.48117],[106.98683,10.48107],[106.98689,10.48039],[106.98533,10.48037],[106.98463,10.47986],[106.98321,10.48011],[106.98364,10.48213],[106.98416,10.4835],[106.98462,10.48386],[106.9846,10.48481],[106.98487,10.48539],[106.98574,10.48468],[106.98607,10.48354],[106.98662,10.48281]]],[[[106.97533,10.48919],[106.9751,10.48919],[106.97507,10.48963],[106.9753,10.49051],[106.97561,10.48999],[106.97533,10.48919]]],[[[107.01246,10.61009],[107.01743,10.60652],[107.0195,10.60367],[107.01984,10.60264],[107.01977,10.60166],[107.0203,10.599],[107.02059,10.59887],[107.02111,10.59793],[107.02245,10.59478],[107.02318,10.59413],[107.02388,10.59213],[107.02472,10.59162],[107.02669,10.58868],[107.02701,10.58676],[107.02658,10.58309],[107.02398,10.57795],[107.02093,10.5733],[107.0197,10.57179],[107.0191,10.57137],[107.01872,10.57049],[107.01768,10.56936],[107.01664,10.56756],[107.01468,10.56516],[107.01142,10.55877],[107.01097,10.55763],[107.01089,10.55628],[107.01126,10.55264],[107.01169,10.55115],[107.01248,10.54989],[107.01427,10.54842],[107.01654,10.54761],[107.02396,10.54617],[107.02639,10.54471],[107.0274,10.54198],[107.02768,10.54033],[107.02756,10.53891],[107.02707,10.53754],[107.02531,10.53475],[107.02451,10.53381],[107.02418,10.53375],[107.02402,10.53326],[107.02047,10.52992],[107.01789,10.52807],[107.01494,10.52437],[107.01293,10.52155],[107.0124,10.52034],[107.01232,10.51942],[107.0108,10.5161],[107.00726,10.51132],[107.00344,10.50856],[107.00017,10.50711],[106.99841,10.50538],[106.99767,10.50435],[106.99719,10.50216],[106.99748,10.50015],[106.99849,10.49898],[106.99146,10.49898],[106.9908,10.49878],[106.98873,10.49669],[106.98876,10.49565],[106.98819,10.49515],[106.98761,10.49519],[106.98702,10.49462],[106.98661,10.49378],[106.98616,10.49371],[106.9863,10.49315],[106.98565,10.49248],[106.98518,10.4926],[106.98539,10.49149],[106.98489,10.49137],[106.9843,10.49202],[106.98406,10.49289],[106.98346,10.49371],[106.98311,10.49592],[106.98344,10.4972],[106.984,10.49679],[106.98411,10.49719],[106.98441,10.49725],[106.98381,10.49732],[106.98356,10.49759],[106.9839,10.49847],[106.98446,10.49891],[106.97465,10.49832],[106.97449,10.4966],[106.97476,10.49606],[106.97471,10.49398],[106.97507,10.49231],[106.97395,10.49147],[106.97447,10.49123],[106.97506,10.49046],[106.97483,10.48985],[106.97499,10.48852],[106.97596,10.48808],[106.97681,10.48737],[106.9771,10.48579],[106.97619,10.48577],[106.9764,10.48487],[106.97607,10.48469],[106.97615,10.48427],[106.97577,10.48421],[106.97579,10.48391],[106.97505,10.48332],[106.97446,10.48359],[106.97467,10.48431],[106.97396,10.48342],[106.97402,10.48249],[106.97282,10.48118],[106.9724,10.48104],[106.97183,10.48131],[106.97216,10.48041],[106.97124,10.47958],[106.97077,10.47832],[106.96924,10.47582],[106.96919,10.47471],[106.96871,10.47375],[106.96886,10.47321],[106.96856,10.47235],[106.9681,10.47243],[106.96733,10.47145],[106.96746,10.4697],[106.96704,10.46771],[106.9668,10.46753],[106.96707,10.46665],[106.96619,10.46365],[106.96596,10.46356],[106.96543,10.46403],[106.9621,10.46476],[106.96196,10.46512],[106.96146,10.46537],[106.95996,10.46698],[106.95901,10.46727],[106.95825,10.46711],[106.95726,10.46819],[106.95681,10.46915],[106.9564,10.4694],[106.95573,10.46934],[106.95537,10.46955],[106.95377,10.46864],[106.95366,10.46889],[106.95331,10.46883],[106.95255,10.46929],[106.95222,10.47015],[106.95156,10.47079],[106.95048,10.47102],[106.94913,10.47081],[106.94734,10.47226],[106.94567,10.47215],[106.94538,10.47243],[106.94465,10.47224],[106.93857,10.46988],[106.93806,10.47144],[106.93822,10.47265],[106.93864,10.47365],[106.93972,10.47495],[106.94916,10.48336],[106.9505,10.48554],[106.95084,10.48688],[106.95068,10.49011],[106.94919,10.49898],[106.94921,10.50824],[106.9488,10.51219],[106.94796,10.51564],[106.94662,10.51914],[106.94489,10.52154],[106.94286,10.5232],[106.93943,10.52507],[106.93692,10.52605],[106.92913,10.528],[106.92322,10.5308],[106.92046,10.53173],[106.92382,10.53624],[106.92863,10.54157],[106.93143,10.54512],[106.93349,10.54867],[106.93413,10.55015],[106.9347,10.55242],[106.93444,10.55592],[106.93373,10.55972],[106.93294,10.56192],[106.9316,10.56388],[106.9306,10.56463],[106.92945,10.56511],[106.92661,10.56566],[106.92236,10.56605],[106.92094,10.56649],[106.91941,10.56728],[106.91823,10.56886],[106.91799,10.56958],[106.91826,10.57237],[106.92049,10.57734],[106.92136,10.57748],[106.92177,10.57849],[106.92237,10.57921],[106.92901,10.58489],[106.93091,10.58593],[106.93255,10.58633],[106.93289,10.58804],[106.93534,10.59183],[106.93644,10.59508],[106.93658,10.59788],[106.93623,10.59913],[106.93579,10.59966],[106.93802,10.59933],[106.94018,10.59733],[106.94141,10.59674],[106.94317,10.59667],[106.94657,10.59731],[106.95557,10.5941],[106.96058,10.59352],[106.96385,10.5912],[106.96694,10.59041],[106.96809,10.58975],[106.97032,10.58757],[106.97443,10.58246],[106.97596,10.58214],[106.97771,10.58265],[106.97894,10.58231],[106.9837,10.57911],[106.98633,10.58515],[106.98713,10.58872],[106.9872,10.59028],[106.98691,10.59222],[106.98589,10.59612],[106.98777,10.59818],[106.98951,10.59926],[106.99056,10.60035],[106.9907,10.60183],[106.99034,10.60374],[106.99057,10.60502],[106.99214,10.60559],[106.99531,10.60525],[106.99621,10.60536],[106.99672,10.60574],[106.99732,10.60729],[106.99807,10.60768],[106.99904,10.60763],[107.00002,10.60702],[107.00067,10.60708],[107.00125,10.60779],[107.00253,10.60865],[107.00211,10.61043],[107.00278,10.61086],[107.0036,10.61081],[107.00579,10.60975],[107.00649,10.6098],[107.00682,10.61018],[107.00764,10.61329],[107.01246,10.61009]]]]}},{"type":"Feature","properties":{"code":"27991","name":"Bến Lức","fullName":"Xã Bến Lức","c":[10.66174,106.48311]},"geometry":{"type":"Polygon","coordinates":[[[106.49635,10.69733],[106.49709,10.69778],[106.49984,10.69358],[106.49967,10.69332],[106.50603,10.68789],[106.50202,10.68422],[106.50191,10.68244],[106.5025,10.682],[106.50393,10.68174],[106.50451,10.68125],[106.50554,10.68143],[106.50758,10.68065],[106.50866,10.6798],[106.50912,10.67903],[106.50997,10.67852],[106.51022,10.67806],[106.51208,10.67924],[106.51272,10.67915],[106.51245,10.67819],[106.51265,10.67703],[106.51332,10.67718],[106.52372,10.65746],[106.52389,10.65662],[106.52355,10.65624],[106.52328,10.65449],[106.52418,10.65372],[106.52468,10.65285],[106.52528,10.65088],[106.52589,10.65017],[106.52568,10.64915],[106.52586,10.64846],[106.52653,10.64747],[106.52564,10.6474],[106.52399,10.64665],[106.52235,10.64805],[106.52004,10.64873],[106.51959,10.6496],[106.5187,10.65017],[106.51848,10.65098],[106.51698,10.65191],[106.51645,10.65318],[106.5147,10.65519],[106.51386,10.65536],[106.51305,10.65519],[106.5106,10.65403],[106.50983,10.65197],[106.5102,10.65077],[106.5099,10.64967],[106.50774,10.65052],[106.5065,10.65046],[106.50634,10.65],[106.5058,10.64982],[106.50434,10.65029],[106.5039,10.64952],[106.50268,10.64866],[106.50178,10.64701],[106.50029,10.64543],[106.49939,10.64376],[106.50027,10.64238],[106.50349,10.63917],[106.50403,10.63806],[106.50548,10.63729],[106.5058,10.63624],[106.50661,10.63555],[106.50702,10.63474],[106.50857,10.63364],[106.50937,10.63216],[106.51001,10.63229],[106.51033,10.63133],[106.51124,10.63153],[106.51195,10.62657],[106.50973,10.62607],[106.50887,10.62661],[106.50908,10.62665],[106.50879,10.62845],[106.5082,10.62829],[106.50821,10.62865],[106.50715,10.62845],[106.50631,10.62795],[106.50619,10.62812],[106.50491,10.62733],[106.50506,10.62602],[106.50362,10.62468],[106.50344,10.62426],[106.50214,10.62363],[106.503,10.62144],[106.50347,10.62112],[106.5025,10.62017],[106.50162,10.61992],[106.50202,10.61919],[106.50186,10.6187],[106.50236,10.61842],[106.50239,10.61808],[106.50208,10.61782],[106.50178,10.61791],[106.49902,10.61909],[106.49649,10.61728],[106.49386,10.61663],[106.49381,10.61615],[106.49466,10.61516],[106.49348,10.6132],[106.49177,10.61384],[106.49104,10.61372],[106.48947,10.61408],[106.48916,10.61368],[106.48794,10.61351],[106.48483,10.61356],[106.48382,10.61375],[106.48403,10.61614],[106.48371,10.61982],[106.48288,10.62262],[106.48127,10.62488],[106.47618,10.63027],[106.47543,10.63142],[106.4746,10.63346],[106.47422,10.6357],[106.47413,10.6405],[106.47335,10.64334],[106.47183,10.64597],[106.46934,10.64845],[106.46694,10.65002],[106.46483,10.6504],[106.46394,10.65026],[106.45868,10.6482],[106.4569,10.64775],[106.4497,10.64765],[106.44595,10.64685],[106.43767,10.64373],[106.43665,10.64368],[106.43599,10.64386],[106.43525,10.64497],[106.43477,10.64863],[106.43495,10.6518],[106.43645,10.65479],[106.43732,10.65554],[106.43859,10.65616],[106.44266,10.65728],[106.44407,10.65816],[106.44837,10.66233],[106.44953,10.66413],[106.45043,10.66954],[106.45003,10.67046],[106.4493,10.67118],[106.44768,10.67149],[106.44764,10.67365],[106.44972,10.67533],[106.44939,10.67584],[106.4477,10.68773],[106.47438,10.69005],[106.48575,10.6942],[106.48355,10.7007],[106.48137,10.70588],[106.48922,10.71156],[106.49723,10.70162],[106.49635,10.69733]]]}},{"type":"Feature","properties":{"code":"28108","name":"Cần Đước","fullName":"Xã Cần Đước","c":[10.48981,106.59323]},"geometry":{"type":"Polygon","coordinates":[[[106.59407,10.53878],[106.59413,10.53861],[106.59526,10.5386],[106.59595,10.53825],[106.59622,10.53776],[106.5972,10.53738],[106.5962,10.5325],[106.59726,10.53204],[106.59735,10.53098],[106.59712,10.52994],[106.59794,10.52959],[106.59858,10.52805],[106.59917,10.52784],[106.60019,10.52859],[106.60049,10.52842],[106.60049,10.52802],[106.60116,10.52773],[106.60218,10.52817],[106.60253,10.52776],[106.60292,10.52767],[106.60346,10.52609],[106.60912,10.5212],[106.60685,10.51726],[106.60764,10.51639],[106.6077,10.51558],[106.60847,10.51522],[106.60906,10.51534],[106.60974,10.51507],[106.61108,10.51572],[106.61149,10.5156],[106.61304,10.51438],[106.61334,10.51369],[106.61332,10.51294],[106.61375,10.51241],[106.61439,10.51212],[106.61513,10.51086],[106.61498,10.51025],[106.61443,10.51032],[106.61431,10.50957],[106.6138,10.50873],[106.61436,10.50402],[106.61378,10.50244],[106.61304,10.50192],[106.61295,10.50106],[106.61259,10.50058],[106.61297,10.50039],[106.61311,10.49898],[106.61334,10.49869],[106.61322,10.49719],[106.61603,10.49461],[106.61593,10.49312],[106.61518,10.49329],[106.61431,10.49166],[106.60693,10.49061],[106.60733,10.48517],[106.60771,10.48388],[106.61116,10.4792],[106.61304,10.47388],[106.61423,10.47347],[106.61679,10.47482],[106.61772,10.47489],[106.61862,10.47457],[106.62637,10.46468],[106.6293,10.46236],[106.63332,10.45975],[106.63253,10.45786],[106.63112,10.45558],[106.62965,10.45386],[106.62678,10.45146],[106.6253,10.45082],[106.6184,10.44891],[106.61272,10.4459],[106.60805,10.44296],[106.60516,10.44087],[106.60204,10.43818],[106.59979,10.43688],[106.59616,10.43582],[106.59285,10.4361],[106.58943,10.43747],[106.58849,10.43811],[106.58716,10.4396],[106.58634,10.4411],[106.58512,10.44444],[106.58441,10.44924],[106.5844,10.45189],[106.58567,10.46263],[106.58568,10.46457],[106.58548,10.46639],[106.58411,10.47064],[106.58101,10.47614],[106.5762,10.48204],[106.57174,10.48675],[106.56883,10.49024],[106.56397,10.49742],[106.5632,10.49898],[106.56037,10.50186],[106.55876,10.5047],[106.55826,10.50641],[106.55831,10.50813],[106.55883,10.51047],[106.56271,10.51715],[106.5651,10.52218],[106.56643,10.52572],[106.56778,10.53085],[106.56828,10.53403],[106.56865,10.53898],[106.58115,10.5374],[106.58314,10.53781],[106.58909,10.5375],[106.59003,10.53806],[106.59146,10.53942],[106.59283,10.53924],[106.59407,10.53878]]]}},{"type":"Feature","properties":{"code":"28114","name":"Rạch Kiến","fullName":"Xã Rạch Kiến","c":[10.60775,106.57542]},"geometry":{"type":"Polygon","coordinates":[[[106.57938,10.64091],[106.58062,10.64076],[106.58215,10.64003],[106.58402,10.63876],[106.58547,10.63846],[106.5886,10.63576],[106.59336,10.63669],[106.59463,10.63714],[106.59505,10.63698],[106.59551,10.63622],[106.59529,10.63536],[106.5942,10.63409],[106.594,10.63346],[106.59437,10.63272],[106.59534,10.63261],[106.59534,10.63243],[106.59369,10.63044],[106.5931,10.62932],[106.5934,10.62884],[106.59343,10.62787],[106.59385,10.62734],[106.59392,10.62666],[106.59435,10.62623],[106.59465,10.62511],[106.59417,10.62439],[106.59276,10.62376],[106.59318,10.62306],[106.59316,10.62206],[106.59259,10.619],[106.59026,10.61877],[106.58973,10.61557],[106.58884,10.61367],[106.58861,10.61203],[106.58833,10.6115],[106.5906,10.60922],[106.59441,10.60664],[106.59469,10.60405],[106.5932,10.60375],[106.5929,10.59844],[106.59534,10.59811],[106.596,10.59788],[106.59628,10.59737],[106.59584,10.59474],[106.59114,10.59618],[106.59065,10.59563],[106.58836,10.59487],[106.58839,10.59322],[106.58904,10.59324],[106.58932,10.59181],[106.59012,10.59027],[106.59021,10.58913],[106.58968,10.5881],[106.59026,10.58773],[106.59017,10.58757],[106.59196,10.58671],[106.59277,10.58758],[106.59376,10.58715],[106.59397,10.58771],[106.59435,10.58756],[106.59472,10.58835],[106.59502,10.58813],[106.59515,10.58604],[106.59486,10.58589],[106.59501,10.58505],[106.59522,10.58505],[106.59559,10.58034],[106.59591,10.58023],[106.59605,10.5798],[106.59605,10.57745],[106.59624,10.57728],[106.59469,10.5762],[106.59412,10.57639],[106.59348,10.57775],[106.59353,10.57833],[106.59281,10.5781],[106.59179,10.57716],[106.59143,10.57708],[106.59097,10.5784],[106.59056,10.57833],[106.59051,10.57856],[106.5891,10.57818],[106.58876,10.5785],[106.58745,10.57846],[106.58648,10.57912],[106.58604,10.57972],[106.58423,10.58028],[106.5838,10.58209],[106.58335,10.58193],[106.58318,10.58157],[106.58354,10.58035],[106.58292,10.5799],[106.58203,10.57977],[106.5815,10.58003],[106.58068,10.58102],[106.57824,10.58222],[106.57696,10.58185],[106.57651,10.58196],[106.57622,10.58286],[106.57509,10.58359],[106.57422,10.58316],[106.57412,10.58215],[106.57478,10.58157],[106.57655,10.5811],[106.57673,10.58041],[106.57625,10.5799],[106.57482,10.57942],[106.57322,10.5781],[106.57072,10.57879],[106.56928,10.57762],[106.56872,10.57755],[106.56721,10.57795],[106.56603,10.57694],[106.56549,10.57678],[106.56255,10.57822],[106.56027,10.57854],[106.56023,10.57911],[106.56079,10.58052],[106.56082,10.5819],[106.56165,10.58272],[106.56104,10.58466],[106.56042,10.58524],[106.56117,10.58561],[106.56022,10.58882],[106.55982,10.58872],[106.55942,10.58985],[106.5586,10.59054],[106.55814,10.59395],[106.55829,10.59465],[106.55898,10.59467],[106.55862,10.59724],[106.5578,10.59796],[106.55624,10.59774],[106.55605,10.59966],[106.5529,10.59946],[106.55214,10.60148],[106.55244,10.60169],[106.55238,10.60219],[106.55183,10.60254],[106.55048,10.60787],[106.55112,10.60909],[106.55263,10.60975],[106.55284,10.61062],[106.55565,10.61402],[106.56006,10.621],[106.55891,10.62164],[106.55816,10.62292],[106.55832,10.62426],[106.55815,10.62482],[106.55742,10.62546],[106.55755,10.62683],[106.55849,10.62663],[106.5601,10.62678],[106.56286,10.62775],[106.56498,10.62743],[106.5654,10.62755],[106.56583,10.62797],[106.56612,10.6288],[106.56571,10.63081],[106.56575,10.63203],[106.56707,10.63351],[106.56792,10.63393],[106.568,10.63607],[106.56875,10.63626],[106.569,10.63715],[106.56968,10.6377],[106.57019,10.63856],[106.57062,10.63873],[106.57222,10.63842],[106.57385,10.63753],[106.57429,10.63767],[106.57452,10.63805],[106.57393,10.63922],[106.57406,10.63948],[106.57584,10.63977],[106.57938,10.64091]]]}},{"type":"Feature","properties":{"code":"28159","name":"Cần Giuộc","fullName":"Xã Cần Giuộc","c":[10.61924,106.69241]},"geometry":{"type":"Polygon","coordinates":[[[106.6663,10.60624],[106.665,10.60655],[106.66447,10.60602],[106.66235,10.60527],[106.66096,10.60542],[106.66037,10.60602],[106.66021,10.60718],[106.66039,10.60842],[106.65978,10.60961],[106.65903,10.60982],[106.65628,10.60977],[106.65518,10.61047],[106.65496,10.61116],[106.65538,10.61359],[106.65493,10.6144],[106.65374,10.61448],[106.65085,10.61362],[106.64945,10.61396],[106.64875,10.6152],[106.64919,10.61769],[106.649,10.61844],[106.64799,10.62019],[106.64548,10.62356],[106.64482,10.62387],[106.64306,10.6238],[106.64106,10.62244],[106.64011,10.6223],[106.6393,10.62272],[106.63921,10.62513],[106.63873,10.62584],[106.63784,10.62594],[106.63568,10.62495],[106.63505,10.62513],[106.63468,10.62557],[106.63547,10.62628],[106.63681,10.62621],[106.6376,10.62644],[106.6389,10.62752],[106.63935,10.6271],[106.64102,10.62666],[106.64145,10.62737],[106.64378,10.62962],[106.64619,10.63424],[106.64688,10.6342],[106.64857,10.63268],[106.64913,10.63285],[106.64973,10.63267],[106.65139,10.63273],[106.65274,10.63223],[106.65329,10.63328],[106.65318,10.63541],[106.65336,10.63633],[106.65295,10.63716],[106.65298,10.63794],[106.6534,10.63829],[106.65344,10.63907],[106.65413,10.63957],[106.65446,10.63911],[106.65501,10.63923],[106.65577,10.63899],[106.65613,10.6384],[106.6568,10.63922],[106.65673,10.64103],[106.65633,10.64157],[106.65636,10.64362],[106.65782,10.64358],[106.66088,10.64206],[106.66085,10.6417],[106.66019,10.64097],[106.66005,10.64033],[106.66027,10.63987],[106.66091,10.6401],[106.66183,10.63985],[106.66273,10.63927],[106.66292,10.63936],[106.6629,10.63992],[106.66336,10.64012],[106.66393,10.63964],[106.66461,10.63946],[106.665,10.63894],[106.66566,10.63961],[106.666,10.63844],[106.66647,10.63891],[106.66631,10.64022],[106.66668,10.64066],[106.6682,10.63922],[106.66918,10.63912],[106.66974,10.63933],[106.67132,10.64114],[106.6723,10.64187],[106.67319,10.64217],[106.67324,10.6431],[106.67368,10.64391],[106.67561,10.64481],[106.67863,10.64527],[106.6819,10.64836],[106.6846,10.65025],[106.68542,10.65135],[106.68597,10.65273],[106.68578,10.65592],[106.686,10.65644],[106.68675,10.6563],[106.68779,10.65542],[106.689,10.65282],[106.69025,10.65117],[106.69086,10.64884],[106.69144,10.6485],[106.69255,10.64859],[106.69402,10.64927],[106.69595,10.64963],[106.69648,10.65002],[106.69756,10.65192],[106.70056,10.65398],[106.70213,10.65322],[106.70409,10.65302],[106.70525,10.65098],[106.7082,10.64983],[106.70866,10.64975],[106.71113,10.65041],[106.71236,10.6502],[106.71641,10.64765],[106.71804,10.64607],[106.71896,10.64557],[106.71956,10.6455],[106.72159,10.64597],[106.72241,10.64572],[106.72325,10.64459],[106.72339,10.64194],[106.72577,10.6384],[106.72681,10.63768],[106.73005,10.63623],[106.73142,10.63432],[106.73125,10.63325],[106.73334,10.62875],[106.73212,10.62781],[106.73137,10.62782],[106.72997,10.62868],[106.72911,10.62815],[106.72833,10.6248],[106.72844,10.62435],[106.72889,10.62398],[106.7303,10.62369],[106.73163,10.62375],[106.73203,10.62295],[106.73109,10.62136],[106.72995,10.62049],[106.72982,10.61986],[106.73006,10.61826],[106.72925,10.61653],[106.72883,10.61616],[106.72775,10.61672],[106.72754,10.61593],[106.7289,10.61223],[106.72959,10.61179],[106.73068,10.6123],[106.73164,10.61211],[106.73204,10.61175],[106.73279,10.60986],[106.73154,10.60881],[106.72919,10.60924],[106.72863,10.60873],[106.7275,10.60983],[106.72671,10.61125],[106.72554,10.6112],[106.72394,10.61199],[106.723,10.61053],[106.72231,10.60836],[106.72232,10.6073],[106.72146,10.60684],[106.71931,10.60645],[106.71886,10.60609],[106.71976,10.60242],[106.72198,10.59965],[106.72183,10.59913],[106.72037,10.59726],[106.72016,10.59654],[106.72027,10.59601],[106.7208,10.5953],[106.72335,10.59381],[106.72371,10.59309],[106.72377,10.59193],[106.72363,10.59116],[106.71916,10.58818],[106.71525,10.58731],[106.71423,10.58666],[106.71327,10.57971],[106.71352,10.57456],[106.71318,10.57382],[106.70852,10.57496],[106.70668,10.57645],[106.70481,10.57893],[106.70317,10.5798],[106.70152,10.58258],[106.69919,10.5839],[106.69866,10.58446],[106.69722,10.58853],[106.69436,10.59196],[106.69339,10.59187],[106.69311,10.59139],[106.69328,10.59047],[106.69436,10.5891],[106.69424,10.58834],[106.69385,10.58816],[106.69331,10.5883],[106.69256,10.58936],[106.69198,10.5894],[106.69164,10.58901],[106.69156,10.58746],[106.68993,10.58686],[106.68833,10.58508],[106.68708,10.58448],[106.6864,10.58452],[106.68614,10.58482],[106.68636,10.58693],[106.68606,10.58733],[106.6854,10.58727],[106.68453,10.58649],[106.68385,10.58642],[106.679,10.58808],[106.67969,10.5902],[106.67968,10.59386],[106.68116,10.59905],[106.68115,10.60057],[106.67999,10.60321],[106.67866,10.6049],[106.67479,10.60228],[106.67394,10.60192],[106.67279,10.60178],[106.67265,10.59743],[106.66531,10.59728],[106.66522,10.60121],[106.66693,10.60596],[106.6663,10.60624]]]}},{"type":"Feature","properties":{"code":"28165","name":"Phước Lý","fullName":"Xã Phước Lý","c":[10.64213,106.58354]},"geometry":{"type":"Polygon","coordinates":[[[106.60602,10.65807],[106.60711,10.65804],[106.60916,10.65747],[106.61055,10.65657],[106.6108,10.65691],[106.61135,10.65662],[106.61152,10.65586],[106.61177,10.65599],[106.61246,10.65557],[106.6135,10.65432],[106.61383,10.65452],[106.61418,10.65384],[106.61438,10.65395],[106.61461,10.65372],[106.61551,10.6541],[106.61599,10.6532],[106.61672,10.6533],[106.61683,10.65229],[106.61771,10.65191],[106.61776,10.65127],[106.61725,10.65095],[106.61735,10.65019],[106.61804,10.65008],[106.61812,10.64976],[106.61901,10.64963],[106.61895,10.64902],[106.62116,10.64873],[106.62237,10.64839],[106.62229,10.6481],[106.62501,10.64734],[106.62393,10.64635],[106.62391,10.64601],[106.62443,10.64529],[106.62433,10.64449],[106.62343,10.64448],[106.62332,10.6441],[106.62184,10.6441],[106.62158,10.64327],[106.62211,10.64317],[106.62214,10.64273],[106.6219,10.64182],[106.62149,10.64195],[106.62119,10.64099],[106.62272,10.64047],[106.62413,10.63947],[106.62451,10.63991],[106.62578,10.63974],[106.62715,10.6427],[106.62815,10.64208],[106.62967,10.64226],[106.62996,10.64117],[106.62987,10.64068],[106.63027,10.64051],[106.62981,10.63937],[106.63049,10.63908],[106.63033,10.63855],[106.63121,10.63669],[106.62989,10.63642],[106.62972,10.6362],[106.62969,10.63204],[106.63103,10.63011],[106.62975,10.6288],[106.62955,10.62705],[106.6302,10.62662],[106.62936,10.62576],[106.62853,10.62566],[106.6278,10.62586],[106.6273,10.62619],[106.62695,10.62699],[106.62713,10.62788],[106.62863,10.62857],[106.62916,10.62915],[106.62921,10.62983],[106.62844,10.63086],[106.62768,10.63092],[106.62704,10.63058],[106.62678,10.63024],[106.62655,10.62847],[106.62602,10.62802],[106.6255,10.628],[106.62501,10.62842],[106.62438,10.63007],[106.62284,10.63246],[106.62167,10.63278],[106.6201,10.63188],[106.61863,10.6269],[106.62128,10.62587],[106.62126,10.62478],[106.62085,10.62456],[106.62102,10.62338],[106.6197,10.62054],[106.62048,10.6202],[106.61907,10.61688],[106.62118,10.61552],[106.62041,10.61407],[106.61927,10.61387],[106.61644,10.61247],[106.61637,10.61165],[106.61557,10.60984],[106.61539,10.60842],[106.61494,10.60832],[106.61493,10.60678],[106.61432,10.60679],[106.61425,10.60444],[106.61355,10.6044],[106.61352,10.60402],[106.61202,10.60453],[106.61128,10.60438],[106.60948,10.60458],[106.60783,10.6039],[106.60756,10.60489],[106.60411,10.60488],[106.60427,10.60582],[106.60224,10.60664],[106.60183,10.60704],[106.59915,10.60805],[106.59679,10.60839],[106.59636,10.60843],[106.59623,10.60679],[106.5949,10.60626],[106.5906,10.60922],[106.58833,10.6115],[106.58861,10.61203],[106.58884,10.61367],[106.58973,10.61557],[106.59026,10.61877],[106.59259,10.619],[106.59316,10.62206],[106.59318,10.62306],[106.59276,10.62376],[106.59417,10.62439],[106.59465,10.62511],[106.59435,10.62623],[106.59392,10.62666],[106.59385,10.62734],[106.59343,10.62787],[106.5934,10.62884],[106.5931,10.62932],[106.59369,10.63044],[106.59534,10.63243],[106.59534,10.63261],[106.59437,10.63272],[106.594,10.63335],[106.59413,10.63398],[106.59506,10.63498],[106.59547,10.63588],[106.5955,10.63622],[106.59489,10.63709],[106.5886,10.63576],[106.58552,10.63842],[106.58402,10.63876],[106.58215,10.64003],[106.58011,10.64088],[106.57885,10.64086],[106.57591,10.63978],[106.57412,10.63952],[106.57393,10.63922],[106.57452,10.63805],[106.57429,10.63767],[106.57385,10.63753],[106.57222,10.63842],[106.5705,10.63873],[106.569,10.63715],[106.56875,10.63626],[106.568,10.63607],[106.56792,10.63393],[106.56707,10.63351],[106.56575,10.63203],[106.56571,10.63081],[106.56612,10.6288],[106.56565,10.62775],[106.56498,10.62743],[106.56286,10.62775],[106.56042,10.62684],[106.55849,10.62663],[106.55755,10.62683],[106.55698,10.62721],[106.55556,10.62742],[106.55474,10.6291],[106.55258,10.62868],[106.551,10.63032],[106.55108,10.63214],[106.55089,10.63266],[106.5504,10.63298],[106.54838,10.63349],[106.54785,10.63561],[106.54588,10.6368],[106.54443,10.63653],[106.54265,10.63723],[106.54178,10.63872],[106.54422,10.641],[106.54823,10.64611],[106.54836,10.64674],[106.54952,10.64839],[106.55023,10.65102],[106.55217,10.65081],[106.55232,10.65058],[106.55314,10.65073],[106.55298,10.65127],[106.55353,10.65132],[106.55358,10.65194],[106.55527,10.65238],[106.55558,10.6509],[106.55633,10.65093],[106.55642,10.65068],[106.55743,10.65038],[106.55787,10.64855],[106.55853,10.64862],[106.55871,10.64932],[106.5592,10.64992],[106.55878,10.65067],[106.55902,10.65188],[106.55999,10.6516],[106.56314,10.65145],[106.56321,10.6522],[106.5653,10.6523],[106.56505,10.65299],[106.56592,10.65391],[106.56624,10.65645],[106.56851,10.65612],[106.56861,10.65657],[106.5697,10.6563],[106.57267,10.65442],[106.5735,10.65418],[106.57308,10.65215],[106.57335,10.64983],[106.57513,10.64986],[106.57542,10.6491],[106.57674,10.64927],[106.57697,10.64889],[106.57881,10.64949],[106.57938,10.65033],[106.57955,10.65187],[106.57806,10.65187],[106.57789,10.6533],[106.57938,10.655],[106.57971,10.65612],[106.58052,10.65613],[106.5806,10.6555],[106.58327,10.65539],[106.58406,10.65365],[106.58722,10.65316],[106.58742,10.6528],[106.59042,10.65311],[106.59091,10.65112],[106.5916,10.65121],[106.59174,10.65008],[106.59496,10.65062],[106.5949,10.65102],[106.59571,10.6511],[106.59522,10.65377],[106.59751,10.65339],[106.59751,10.65313],[106.60006,10.65222],[106.60031,10.65202],[106.60034,10.65129],[106.60065,10.65071],[106.60167,10.65124],[106.60186,10.65227],[106.60275,10.65335],[106.60317,10.65474],[106.6047,10.65799],[106.60538,10.65875],[106.60546,10.65829],[106.60602,10.65807]]]}},{"type":"Feature","properties":{"code":"28177","name":"Mỹ Lộc","fullName":"Xã Mỹ Lộc","c":[10.5928,106.6323]},"geometry":{"type":"Polygon","coordinates":[[[106.65414,10.61454],[106.65493,10.6144],[106.65533,10.61385],[106.65496,10.61116],[106.65518,10.61047],[106.65628,10.60977],[106.65903,10.60982],[106.65978,10.60961],[106.66039,10.60842],[106.66021,10.60718],[106.66037,10.60602],[106.66096,10.60542],[106.66235,10.60527],[106.66447,10.60602],[106.665,10.60655],[106.66693,10.60596],[106.66522,10.60121],[106.66531,10.59728],[106.67265,10.59743],[106.67279,10.60178],[106.67394,10.60192],[106.67479,10.60228],[106.67866,10.6049],[106.68065,10.60203],[106.68115,10.60057],[106.68116,10.59905],[106.67968,10.59386],[106.67969,10.5902],[106.67943,10.58908],[106.67878,10.58783],[106.67377,10.58709],[106.67257,10.58645],[106.67157,10.58512],[106.67084,10.58305],[106.67064,10.58136],[106.67039,10.577],[106.67051,10.5743],[106.66805,10.57451],[106.66517,10.57606],[106.66438,10.57588],[106.66315,10.57518],[106.66239,10.57509],[106.66199,10.57566],[106.66235,10.57675],[106.66224,10.57715],[106.6618,10.5774],[106.66041,10.5773],[106.6597,10.57759],[106.65861,10.57985],[106.6579,10.58041],[106.65727,10.58033],[106.65696,10.57993],[106.6572,10.57874],[106.65705,10.57832],[106.65658,10.578],[106.65558,10.57799],[106.65508,10.57863],[106.65589,10.58038],[106.65526,10.58119],[106.65449,10.58114],[106.65373,10.58052],[106.65334,10.58047],[106.65227,10.58137],[106.65132,10.58156],[106.64938,10.5804],[106.64838,10.57911],[106.64706,10.57966],[106.64639,10.57966],[106.64594,10.57916],[106.64597,10.5787],[106.64739,10.57807],[106.64706,10.57609],[106.64158,10.5751],[106.64149,10.57337],[106.63985,10.57373],[106.63897,10.57186],[106.63852,10.57207],[106.63167,10.56024],[106.63232,10.55986],[106.63186,10.55936],[106.63087,10.55698],[106.63167,10.55662],[106.63241,10.5566],[106.63192,10.5553],[106.63157,10.55527],[106.6298,10.5556],[106.62889,10.55629],[106.62869,10.55602],[106.62735,10.55687],[106.62696,10.55588],[106.62636,10.55617],[106.62641,10.55636],[106.62579,10.55653],[106.62565,10.55612],[106.62463,10.55667],[106.62037,10.55749],[106.61865,10.55806],[106.61776,10.55813],[106.61766,10.55761],[106.6157,10.55791],[106.61237,10.55895],[106.61305,10.5633],[106.61084,10.56433],[106.61103,10.56448],[106.61091,10.56484],[106.60987,10.5653],[106.60947,10.56584],[106.60869,10.56579],[106.60849,10.56602],[106.60975,10.56847],[106.60955,10.56879],[106.6092,10.5686],[106.60914,10.56875],[106.61069,10.57037],[106.60274,10.57668],[106.60207,10.57623],[106.60198,10.57585],[106.60143,10.57579],[106.60134,10.57652],[106.60094,10.57655],[106.59935,10.57754],[106.59917,10.57721],[106.59976,10.57575],[106.59869,10.57566],[106.59771,10.57496],[106.59629,10.5755],[106.59661,10.57681],[106.5965,10.57721],[106.59605,10.57745],[106.59609,10.57958],[106.59591,10.58023],[106.59559,10.58034],[106.59522,10.58505],[106.59501,10.58505],[106.59486,10.58589],[106.59515,10.58604],[106.59502,10.58813],[106.59472,10.58835],[106.59435,10.58756],[106.59397,10.58771],[106.59376,10.58715],[106.59277,10.58758],[106.59196,10.58671],[106.59017,10.58757],[106.59026,10.58773],[106.58968,10.5881],[106.59021,10.58913],[106.59012,10.59027],[106.58932,10.59181],[106.58904,10.59324],[106.58839,10.59322],[106.58836,10.59487],[106.59065,10.59563],[106.59114,10.59618],[106.59584,10.59474],[106.59628,10.59737],[106.596,10.59788],[106.5929,10.59844],[106.5932,10.60375],[106.59469,10.60405],[106.59438,10.60668],[106.59505,10.60626],[106.59623,10.60679],[106.59636,10.60843],[106.59915,10.60805],[106.60183,10.60704],[106.60224,10.60664],[106.60427,10.60582],[106.60411,10.60488],[106.60756,10.60489],[106.60783,10.6039],[106.60948,10.60458],[106.61128,10.60438],[106.61202,10.60453],[106.61352,10.60402],[106.61355,10.6044],[106.61425,10.60444],[106.61432,10.60679],[106.61493,10.60678],[106.61494,10.60832],[106.61539,10.60842],[106.61557,10.60984],[106.61637,10.61165],[106.61644,10.61247],[106.61927,10.61387],[106.62041,10.61407],[106.62118,10.61552],[106.61907,10.61688],[106.62048,10.6202],[106.6197,10.62054],[106.62102,10.62338],[106.62085,10.62456],[106.62126,10.62478],[106.62128,10.62587],[106.61863,10.6269],[106.6201,10.63188],[106.62167,10.63278],[106.62284,10.63246],[106.62438,10.63007],[106.62501,10.62842],[106.6255,10.628],[106.62602,10.62802],[106.62655,10.62847],[106.62678,10.63024],[106.62704,10.63058],[106.62768,10.63092],[106.62864,10.63072],[106.62921,10.62983],[106.62916,10.62915],[106.62863,10.62857],[106.62713,10.62788],[106.62695,10.62719],[106.6273,10.62619],[106.62814,10.62573],[106.62888,10.62568],[106.62969,10.62597],[106.63097,10.62792],[106.63188,10.62834],[106.6331,10.62771],[106.63532,10.625],[106.63596,10.62502],[106.63784,10.62594],[106.63847,10.62596],[106.63892,10.62571],[106.63921,10.62513],[106.63922,10.62296],[106.63973,10.62238],[106.64106,10.62244],[106.64306,10.6238],[106.64413,10.62393],[106.64514,10.62375],[106.64619,10.62275],[106.649,10.61844],[106.64919,10.61769],[106.64875,10.6152],[106.64916,10.61424],[106.64971,10.6138],[106.65085,10.61362],[106.65414,10.61454]]]}},{"type":"Feature","properties":{"code":"28201","name":"Phước Vĩnh Tây","fullName":"Xã Phước Vĩnh Tây","c":[10.55876,106.66643]},"geometry":{"type":"Polygon","coordinates":[[[106.69722,10.58853],[106.69866,10.58446],[106.69919,10.5839],[106.70152,10.58258],[106.70294,10.58004],[106.70481,10.57893],[106.70668,10.57645],[106.70852,10.57496],[106.70616,10.57229],[106.70407,10.57076],[106.70362,10.57002],[106.70363,10.56853],[106.70485,10.56584],[106.70466,10.56516],[106.70416,10.56475],[106.70328,10.56458],[106.69896,10.56523],[106.69786,10.56512],[106.69713,10.56471],[106.69714,10.56343],[106.69778,10.56062],[106.69581,10.55454],[106.69518,10.55378],[106.69344,10.55273],[106.69397,10.55493],[106.69377,10.55541],[106.69309,10.5555],[106.68926,10.55222],[106.68768,10.55014],[106.68762,10.54892],[106.68791,10.54762],[106.68761,10.54669],[106.68666,10.54655],[106.68536,10.54788],[106.68446,10.54808],[106.68267,10.54731],[106.68083,10.54602],[106.68043,10.5466],[106.68062,10.54757],[106.68049,10.54834],[106.67976,10.54964],[106.67716,10.54967],[106.67574,10.54922],[106.67517,10.54959],[106.67501,10.55003],[106.67457,10.54881],[106.67366,10.54767],[106.67312,10.54752],[106.67297,10.54825],[106.67247,10.54848],[106.67198,10.548],[106.67129,10.54797],[106.67085,10.54744],[106.67065,10.54669],[106.66937,10.54632],[106.66933,10.54568],[106.66997,10.54523],[106.66959,10.54444],[106.67034,10.54335],[106.66997,10.5431],[106.66913,10.54352],[106.66824,10.54301],[106.66797,10.54085],[106.66692,10.54036],[106.6671,10.53979],[106.66653,10.53982],[106.66621,10.53913],[106.66588,10.53894],[106.66545,10.53709],[106.66694,10.53662],[106.66782,10.53695],[106.66801,10.53743],[106.66857,10.53693],[106.66861,10.5364],[106.66956,10.53591],[106.66952,10.53555],[106.66863,10.53565],[106.66814,10.53525],[106.6683,10.53473],[106.66921,10.53462],[106.66918,10.53427],[106.66784,10.534],[106.66764,10.53372],[106.668,10.53323],[106.66886,10.53333],[106.66904,10.53252],[106.66761,10.53074],[106.66712,10.53046],[106.66675,10.53072],[106.66685,10.53205],[106.66627,10.53259],[106.66585,10.5324],[106.6644,10.53025],[106.6637,10.53041],[106.66288,10.53135],[106.66192,10.53151],[106.66295,10.52383],[106.66164,10.52381],[106.66118,10.52338],[106.66107,10.52287],[106.66165,10.5221],[106.66345,10.52151],[106.66421,10.52101],[106.66427,10.52048],[106.66356,10.51906],[106.66368,10.5177],[106.65991,10.51632],[106.65848,10.5152],[106.65818,10.51428],[106.6581,10.51268],[106.65313,10.51175],[106.65086,10.51221],[106.64992,10.51298],[106.64879,10.5144],[106.64817,10.51695],[106.64849,10.5193],[106.6518,10.52623],[106.65218,10.52842],[106.65204,10.53068],[106.65083,10.53489],[106.64999,10.53977],[106.6479,10.53962],[106.64586,10.54022],[106.64512,10.53991],[106.64422,10.53868],[106.64355,10.53863],[106.64288,10.53903],[106.64252,10.54018],[106.64209,10.54065],[106.63855,10.54102],[106.63789,10.54155],[106.63737,10.54254],[106.63695,10.54285],[106.63384,10.54282],[106.63371,10.54318],[106.63419,10.54503],[106.63377,10.54521],[106.63273,10.54489],[106.63187,10.54574],[106.63303,10.54664],[106.63346,10.54809],[106.6331,10.54828],[106.63188,10.54772],[106.6313,10.54883],[106.6316,10.5489],[106.63182,10.54853],[106.63279,10.54914],[106.63384,10.55176],[106.63325,10.55215],[106.6335,10.55283],[106.6298,10.5556],[106.63192,10.5553],[106.63241,10.5566],[106.63167,10.55662],[106.63087,10.55698],[106.63186,10.55936],[106.63232,10.55986],[106.63167,10.56024],[106.63852,10.57207],[106.63897,10.57186],[106.63985,10.57373],[106.64149,10.57337],[106.64158,10.5751],[106.64689,10.57595],[106.64724,10.57662],[106.64739,10.57807],[106.6461,10.57855],[106.6459,10.57895],[106.64605,10.57936],[106.64682,10.57971],[106.64798,10.57913],[106.64859,10.57919],[106.64938,10.5804],[106.65132,10.58156],[106.65227,10.58137],[106.65334,10.58047],[106.65472,10.58122],[106.65553,10.58102],[106.65586,10.58055],[106.65587,10.58002],[106.65508,10.5785],[106.65558,10.57799],[106.65687,10.57813],[106.65719,10.57852],[106.65706,10.58011],[106.65748,10.58041],[106.6581,10.58033],[106.65876,10.5796],[106.6597,10.57759],[106.66041,10.5773],[106.6618,10.5774],[106.66224,10.57715],[106.66235,10.57675],[106.66199,10.57566],[106.66239,10.57509],[106.66315,10.57518],[106.66438,10.57588],[106.66517,10.57606],[106.66805,10.57451],[106.67051,10.5743],[106.67047,10.57908],[106.67084,10.58305],[106.67157,10.58512],[106.67306,10.5868],[106.67463,10.58728],[106.67824,10.58764],[106.679,10.58808],[106.68385,10.58642],[106.68453,10.58649],[106.6854,10.58727],[106.68589,10.58737],[106.68636,10.58693],[106.68614,10.58482],[106.6864,10.58452],[106.68708,10.58448],[106.68833,10.58508],[106.68993,10.58686],[106.69156,10.58746],[106.69164,10.58901],[106.69198,10.5894],[106.69256,10.58936],[106.69331,10.5883],[106.69385,10.58816],[106.69424,10.58834],[106.69436,10.5891],[106.6931,10.59101],[106.69319,10.59162],[106.69391,10.59203],[106.69436,10.59196],[106.69722,10.58853]]]}},{"type":"Feature","properties":{"code":"28207","name":"Tân Tập","fullName":"Xã Tân Tập","c":[10.53674,106.70854]},"geometry":{"type":"Polygon","coordinates":[[[106.72573,10.58509],[106.72697,10.58555],[106.72719,10.58544],[106.7272,10.58511],[106.72657,10.58431],[106.72864,10.57999],[106.73022,10.57967],[106.73128,10.57972],[106.73278,10.58022],[106.73341,10.58119],[106.73471,10.58205],[106.73497,10.58275],[106.73471,10.58343],[106.73498,10.58426],[106.73474,10.58502],[106.73544,10.58609],[106.73614,10.58635],[106.73745,10.58619],[106.73861,10.58552],[106.73905,10.58498],[106.73957,10.58355],[106.73939,10.58235],[106.73876,10.58123],[106.73646,10.5796],[106.73501,10.57893],[106.73478,10.57815],[106.73503,10.57766],[106.73601,10.57698],[106.7368,10.57691],[106.73841,10.57851],[106.74139,10.57908],[106.74256,10.57857],[106.74569,10.5756],[106.74301,10.57172],[106.74195,10.56891],[106.74169,10.56706],[106.74181,10.56375],[106.74441,10.54942],[106.74777,10.53282],[106.74836,10.5252],[106.74817,10.52091],[106.74738,10.51563],[106.74402,10.5041],[106.73301,10.50972],[106.72678,10.51394],[106.72424,10.51453],[106.72248,10.51404],[106.72173,10.51351],[106.7195,10.51039],[106.71799,10.50896],[106.71677,10.50835],[106.71147,10.50809],[106.71034,10.50776],[106.70921,10.5062],[106.70866,10.50493],[106.70806,10.50242],[106.70739,10.50164],[106.70655,10.50131],[106.70551,10.50116],[106.70209,10.50204],[106.69291,10.50213],[106.68618,10.50052],[106.68092,10.50063],[106.67858,10.50023],[106.67737,10.49957],[106.67467,10.49733],[106.67313,10.49649],[106.67184,10.49609],[106.67072,10.49614],[106.66869,10.49686],[106.66701,10.49843],[106.66405,10.50273],[106.66331,10.50474],[106.6623,10.50928],[106.66177,10.51066],[106.66121,10.51152],[106.66008,10.51252],[106.65937,10.51275],[106.6581,10.51268],[106.65808,10.51359],[106.65848,10.5152],[106.65938,10.51597],[106.66368,10.5177],[106.66356,10.51906],[106.66427,10.52048],[106.66421,10.52101],[106.66345,10.52151],[106.66165,10.5221],[106.66107,10.52287],[106.66118,10.52338],[106.66164,10.52381],[106.66295,10.52383],[106.66192,10.53151],[106.66288,10.53135],[106.6637,10.53041],[106.6644,10.53025],[106.66585,10.5324],[106.66627,10.53259],[106.66685,10.53205],[106.66675,10.53072],[106.66712,10.53046],[106.66761,10.53074],[106.66904,10.53252],[106.66886,10.53333],[106.668,10.53323],[106.66764,10.53372],[106.66784,10.534],[106.66918,10.53427],[106.66921,10.53462],[106.6683,10.53473],[106.66814,10.53525],[106.66863,10.53565],[106.66952,10.53555],[106.66956,10.53591],[106.66861,10.5364],[106.66857,10.53693],[106.66801,10.53743],[106.66782,10.53695],[106.66694,10.53662],[106.66545,10.53709],[106.66588,10.53894],[106.66621,10.53913],[106.66653,10.53982],[106.6671,10.53979],[106.66692,10.54036],[106.66797,10.54085],[106.66824,10.54301],[106.66913,10.54352],[106.66997,10.5431],[106.67034,10.54335],[106.66959,10.54444],[106.66997,10.54523],[106.66933,10.54568],[106.66937,10.54632],[106.67065,10.54669],[106.67085,10.54744],[106.67129,10.54797],[106.67198,10.548],[106.67247,10.54848],[106.67297,10.54825],[106.67312,10.54752],[106.67366,10.54767],[106.67457,10.54881],[106.67501,10.55003],[106.67517,10.54959],[106.67574,10.54922],[106.67716,10.54967],[106.67976,10.54964],[106.68049,10.54834],[106.68062,10.54757],[106.68043,10.5466],[106.68083,10.54602],[106.68267,10.54731],[106.68446,10.54808],[106.68536,10.54788],[106.68666,10.54655],[106.68761,10.54669],[106.68791,10.54762],[106.68762,10.54892],[106.68768,10.55014],[106.68926,10.55222],[106.69309,10.5555],[106.69377,10.55541],[106.69397,10.55493],[106.69344,10.55273],[106.69518,10.55378],[106.69581,10.55454],[106.69778,10.56062],[106.69714,10.56343],[106.69713,10.56471],[106.69786,10.56512],[106.69896,10.56523],[106.70328,10.56458],[106.70416,10.56475],[106.70466,10.56516],[106.70485,10.56584],[106.7035,10.56912],[106.70362,10.57002],[106.70407,10.57076],[106.70616,10.57229],[106.70852,10.57496],[106.71047,10.5746],[106.71278,10.57384],[106.71333,10.57389],[106.71352,10.57456],[106.71327,10.57971],[106.71401,10.58579],[106.71439,10.58686],[106.71525,10.58731],[106.71916,10.58818],[106.72363,10.59116],[106.72323,10.58824],[106.7242,10.58711],[106.72475,10.58581],[106.72573,10.58509]]]}}]}